trade_window,model,candidate_id,candidate,fold_trade_start_pos,validation_days,seed,validation_sharpe,validation_final_value
2,a2c,a2c_aee7d73f,"{""candidate_id"": ""a2c_aee7d73f"", ""kwargs"": {""gamma"": 0.99}, ""timesteps"": 10000, ""validation_days"": 126}",2014,126,1,0.19476409829089592,1152230.1861119096
2,a2c,a2c_aee7d73f,"{""candidate_id"": ""a2c_aee7d73f"", ""kwargs"": {""gamma"": 0.99}, ""timesteps"": 10000, ""validation_days"": 126}",2014,126,2,0.17339558515063555,1128072.9520701119
2,a2c,a2c_aee7d73f,"{""candidate_id"": ""a2c_aee7d73f"", ""kwargs"": {""gamma"": 0.99}, ""timesteps"": 10000, ""validation_days"": 126}",2014,126,3,0.04651075599664929,1032110.8931847694
2,a2c,a2c_aee7d73f,"{""candidate_id"": ""a2c_aee7d73f"", ""kwargs"": {""gamma"": 0.99}, ""timesteps"": 10000, ""validation_days"": 126}",2014,126,4,0.06259732546530553,1044370.7184991485
2,a2c,a2c_aee7d73f,"{""candidate_id"": ""a2c_aee7d73f"", ""kwargs"": {""gamma"": 0.99}, ""timesteps"": 10000, ""validation_days"": 126}",2014,126,5,0.10029123104069905,1067294.7831573028
2,a2c,a2c_09f4a573,"{""candidate_id"": ""a2c_09f4a573"", ""kwargs"": {""gamma"": 0.99}, ""timesteps"": 30000, ""validation_days"": 126}",2014,126,1,0.008994998268056366,996197.2327854274
2,a2c,a2c_09f4a573,"{""candidate_id"": ""a2c_09f4a573"", ""kwargs"": {""gamma"": 0.99}, ""timesteps"": 30000, ""validation_days"": 126}",2014,126,2,0.13154800866267266,1098975.884205548
2,a2c,a2c_09f4a573,"{""candidate_id"": ""a2c_09f4a573"", ""kwargs"": {""gamma"": 0.99}, ""timesteps"": 30000, ""validation_days"": 126}",2014,126,3,0.057092007375521704,1039419.4183069647
2,a2c,a2c_09f4a573,"{""candidate_id"": ""a2c_09f4a573"", ""kwargs"": {""gamma"": 0.99}, ""timesteps"": 30000, ""validation_days"": 126}",2014,126,4,0.05665179132892454,1033741.7090189423
2,a2c,a2c_09f4a573,"{""candidate_id"": ""a2c_09f4a573"", ""kwargs"": {""gamma"": 0.99}, ""timesteps"": 30000, ""validation_days"": 126}",2014,126,5,0.03642423583133056,1020069.279440548
2,ppo,ppo_020fdc27,"{""candidate_id"": ""ppo_020fdc27"", ""kwargs"": {""batch_size"": 64, ""ent_coef"": 0.005, ""gamma"": 0.99, ""n_steps"": 512}, ""timesteps"": 50000, ""validation_days"": 126}",2014,126,1,0.037537453681212606,1021182.5322036255
2,ppo,ppo_020fdc27,"{""candidate_id"": ""ppo_020fdc27"", ""kwargs"": {""batch_size"": 64, ""ent_coef"": 0.005, ""gamma"": 0.99, ""n_steps"": 512}, ""timesteps"": 50000, ""validation_days"": 126}",2014,126,2,0.16850074655197708,1115542.7900018776
2,ppo,ppo_020fdc27,"{""candidate_id"": ""ppo_020fdc27"", ""kwargs"": {""batch_size"": 64, ""ent_coef"": 0.005, ""gamma"": 0.99, ""n_steps"": 512}, ""timesteps"": 50000, ""validation_days"": 126}",2014,126,3,0.022993450677526672,1008119.7819312257
2,ppo,ppo_020fdc27,"{""candidate_id"": ""ppo_020fdc27"", ""kwargs"": {""batch_size"": 64, ""ent_coef"": 0.005, ""gamma"": 0.99, ""n_steps"": 512}, ""timesteps"": 50000, ""validation_days"": 126}",2014,126,4,0.09579147106084894,1071515.340484854
2,ppo,ppo_020fdc27,"{""candidate_id"": ""ppo_020fdc27"", ""kwargs"": {""batch_size"": 64, ""ent_coef"": 0.005, ""gamma"": 0.99, ""n_steps"": 512}, ""timesteps"": 50000, ""validation_days"": 126}",2014,126,5,0.046167178969126914,1025091.892576599
2,ppo,ppo_e4290e54,"{""candidate_id"": ""ppo_e4290e54"", ""kwargs"": {""batch_size"": 64, ""ent_coef"": 0.005, ""gamma"": 0.99, ""n_steps"": 512}, ""timesteps"": 100000, ""validation_days"": 126}",2014,126,1,0.09091795760364316,1069539.6746050424
2,ppo,ppo_e4290e54,"{""candidate_id"": ""ppo_e4290e54"", ""kwargs"": {""batch_size"": 64, ""ent_coef"": 0.005, ""gamma"": 0.99, ""n_steps"": 512}, ""timesteps"": 100000, ""validation_days"": 126}",2014,126,2,0.11940917689042743,1085786.4232296972
2,ppo,ppo_e4290e54,"{""candidate_id"": ""ppo_e4290e54"", ""kwargs"": {""batch_size"": 64, ""ent_coef"": 0.005, ""gamma"": 0.99, ""n_steps"": 512}, ""timesteps"": 100000, ""validation_days"": 126}",2014,126,3,0.06691919006208888,1048006.385388741
2,ppo,ppo_e4290e54,"{""candidate_id"": ""ppo_e4290e54"", ""kwargs"": {""batch_size"": 64, ""ent_coef"": 0.005, ""gamma"": 0.99, ""n_steps"": 512}, ""timesteps"": 100000, ""validation_days"": 126}",2014,126,4,0.09204004249538474,1065913.420796478
2,ppo,ppo_e4290e54,"{""candidate_id"": ""ppo_e4290e54"", ""kwargs"": {""batch_size"": 64, ""ent_coef"": 0.005, ""gamma"": 0.99, ""n_steps"": 512}, ""timesteps"": 100000, ""validation_days"": 126}",2014,126,5,-0.013548330499287406,979958.1773090679
2,ddpg,ddpg_db4c7149,"{""candidate_id"": ""ddpg_db4c7149"", ""kwargs"": {""batch_size"": 64, ""buffer_size"": 10000, ""gamma"": 0.99, ""noise_sigma"": 0.5}, ""timesteps"": 10000, ""validation_days"": 126}",2014,126,1,0.04969206373705694,1031798.9191437553
2,ddpg,ddpg_db4c7149,"{""candidate_id"": ""ddpg_db4c7149"", ""kwargs"": {""batch_size"": 64, ""buffer_size"": 10000, ""gamma"": 0.99, ""noise_sigma"": 0.5}, ""timesteps"": 10000, ""validation_days"": 126}",2014,126,2,0.021157166113686645,1008105.1983824112
2,ddpg,ddpg_db4c7149,"{""candidate_id"": ""ddpg_db4c7149"", ""kwargs"": {""batch_size"": 64, ""buffer_size"": 10000, ""gamma"": 0.99, ""noise_sigma"": 0.5}, ""timesteps"": 10000, ""validation_days"": 126}",2014,126,3,0.04300224854002892,1024682.6201740538
2,ddpg,ddpg_db4c7149,"{""candidate_id"": ""ddpg_db4c7149"", ""kwargs"": {""batch_size"": 64, ""buffer_size"": 10000, ""gamma"": 0.99, ""noise_sigma"": 0.5}, ""timesteps"": 10000, ""validation_days"": 126}",2014,126,4,0.1489996535006569,1114439.2672654586
2,ddpg,ddpg_db4c7149,"{""candidate_id"": ""ddpg_db4c7149"", ""kwargs"": {""batch_size"": 64, ""buffer_size"": 10000, ""gamma"": 0.99, ""noise_sigma"": 0.5}, ""timesteps"": 10000, ""validation_days"": 126}",2014,126,5,0.10349531439062817,1075262.3924497052
2,ddpg,ddpg_cfec8cb3,"{""candidate_id"": ""ddpg_cfec8cb3"", ""kwargs"": {""batch_size"": 128, ""buffer_size"": 10000, ""gamma"": 0.99, ""noise_sigma"": 0.3}, ""timesteps"": 10000, ""validation_days"": 126}",2014,126,1,0.08651078334158335,1064965.7169664577
2,ddpg,ddpg_cfec8cb3,"{""candidate_id"": ""ddpg_cfec8cb3"", ""kwargs"": {""batch_size"": 128, ""buffer_size"": 10000, ""gamma"": 0.99, ""noise_sigma"": 0.3}, ""timesteps"": 10000, ""validation_days"": 126}",2014,126,2,0.04506650193150753,1026828.8404001882
2,ddpg,ddpg_cfec8cb3,"{""candidate_id"": ""ddpg_cfec8cb3"", ""kwargs"": {""batch_size"": 128, ""buffer_size"": 10000, ""gamma"": 0.99, ""noise_sigma"": 0.3}, ""timesteps"": 10000, ""validation_days"": 126}",2014,126,3,0.08564402197653882,1059061.0687501938
2,ddpg,ddpg_cfec8cb3,"{""candidate_id"": ""ddpg_cfec8cb3"", ""kwargs"": {""batch_size"": 128, ""buffer_size"": 10000, ""gamma"": 0.99, ""noise_sigma"": 0.3}, ""timesteps"": 10000, ""validation_days"": 126}",2014,126,4,0.10847358899452615,1083126.9839804866
2,ddpg,ddpg_cfec8cb3,"{""candidate_id"": ""ddpg_cfec8cb3"", ""kwargs"": {""batch_size"": 128, ""buffer_size"": 10000, ""gamma"": 0.99, ""noise_sigma"": 0.3}, ""timesteps"": 10000, ""validation_days"": 126}",2014,126,5,0.13707754316786833,1104000.5856072675
3,a2c,a2c_aee7d73f,"{""candidate_id"": ""a2c_aee7d73f"", ""kwargs"": {""gamma"": 0.99}, ""timesteps"": 10000, ""validation_days"": 126}",2014,126,1,0.19476409829089592,1152230.1861119096
3,a2c,a2c_aee7d73f,"{""candidate_id"": ""a2c_aee7d73f"", ""kwargs"": {""gamma"": 0.99}, ""timesteps"": 10000, ""validation_days"": 126}",2014,126,2,0.17339558515063555,1128072.9520701119
3,a2c,a2c_aee7d73f,"{""candidate_id"": ""a2c_aee7d73f"", ""kwargs"": {""gamma"": 0.99}, ""timesteps"": 10000, ""validation_days"": 126}",2014,126,3,0.04651075599664929,1032110.8931847694
3,a2c,a2c_aee7d73f,"{""candidate_id"": ""a2c_aee7d73f"", ""kwargs"": {""gamma"": 0.99}, ""timesteps"": 10000, ""validation_days"": 126}",2014,126,4,0.06259732546530553,1044370.7184991485
3,a2c,a2c_aee7d73f,"{""candidate_id"": ""a2c_aee7d73f"", ""kwargs"": {""gamma"": 0.99}, ""timesteps"": 10000, ""validation_days"": 126}",2014,126,5,0.10029123104069905,1067294.7831573028
3,a2c,a2c_aee7d73f,"{""candidate_id"": ""a2c_aee7d73f"", ""kwargs"": {""gamma"": 0.99}, ""timesteps"": 10000, ""validation_days"": 126}",2077,126,1,0.11658478320020851,1068748.5756500247
3,a2c,a2c_aee7d73f,"{""candidate_id"": ""a2c_aee7d73f"", ""kwargs"": {""gamma"": 0.99}, ""timesteps"": 10000, ""validation_days"": 126}",2077,126,2,0.19780061852081626,1136408.8224278712
3,a2c,a2c_aee7d73f,"{""candidate_id"": ""a2c_aee7d73f"", ""kwargs"": {""gamma"": 0.99}, ""timesteps"": 10000, ""validation_days"": 126}",2077,126,3,0.17768876754735086,1135109.2711905444
3,a2c,a2c_aee7d73f,"{""candidate_id"": ""a2c_aee7d73f"", ""kwargs"": {""gamma"": 0.99}, ""timesteps"": 10000, ""validation_days"": 126}",2077,126,4,0.16807134922440548,1145005.5728740583
3,a2c,a2c_aee7d73f,"{""candidate_id"": ""a2c_aee7d73f"", ""kwargs"": {""gamma"": 0.99}, ""timesteps"": 10000, ""validation_days"": 126}",2077,126,5,0.21449122143360727,1141709.9228379868
3,a2c,a2c_09f4a573,"{""candidate_id"": ""a2c_09f4a573"", ""kwargs"": {""gamma"": 0.99}, ""timesteps"": 30000, ""validation_days"": 126}",2014,126,1,0.008994998268056366,996197.2327854274
3,a2c,a2c_09f4a573,"{""candidate_id"": ""a2c_09f4a573"", ""kwargs"": {""gamma"": 0.99}, ""timesteps"": 30000, ""validation_days"": 126}",2014,126,2,0.13154800866267266,1098975.884205548
3,a2c,a2c_09f4a573,"{""candidate_id"": ""a2c_09f4a573"", ""kwargs"": {""gamma"": 0.99}, ""timesteps"": 30000, ""validation_days"": 126}",2014,126,3,0.057092007375521704,1039419.4183069647
3,a2c,a2c_09f4a573,"{""candidate_id"": ""a2c_09f4a573"", ""kwargs"": {""gamma"": 0.99}, ""timesteps"": 30000, ""validation_days"": 126}",2014,126,4,0.05665179132892454,1033741.7090189423
3,a2c,a2c_09f4a573,"{""candidate_id"": ""a2c_09f4a573"", ""kwargs"": {""gamma"": 0.99}, ""timesteps"": 30000, ""validation_days"": 126}",2014,126,5,0.03642423583133056,1020069.279440548
3,a2c,a2c_09f4a573,"{""candidate_id"": ""a2c_09f4a573"", ""kwargs"": {""gamma"": 0.99}, ""timesteps"": 30000, ""validation_days"": 126}",2077,126,1,0.16580863136121413,1105405.318049894
3,a2c,a2c_09f4a573,"{""candidate_id"": ""a2c_09f4a573"", ""kwargs"": {""gamma"": 0.99}, ""timesteps"": 30000, ""validation_days"": 126}",2077,126,2,0.1775416370447146,1112547.1511636279
3,a2c,a2c_09f4a573,"{""candidate_id"": ""a2c_09f4a573"", ""kwargs"": {""gamma"": 0.99}, ""timesteps"": 30000, ""validation_days"": 126}",2077,126,3,0.22076203036163414,1197713.5172553372
3,a2c,a2c_09f4a573,"{""candidate_id"": ""a2c_09f4a573"", ""kwargs"": {""gamma"": 0.99}, ""timesteps"": 30000, ""validation_days"": 126}",2077,126,4,0.16269494938240603,1123500.4449169864
3,a2c,a2c_09f4a573,"{""candidate_id"": ""a2c_09f4a573"", ""kwargs"": {""gamma"": 0.99}, ""timesteps"": 30000, ""validation_days"": 126}",2077,126,5,0.14376648070065826,1098775.8816742213
3,ppo,ppo_020fdc27,"{""candidate_id"": ""ppo_020fdc27"", ""kwargs"": {""batch_size"": 64, ""ent_coef"": 0.005, ""gamma"": 0.99, ""n_steps"": 512}, ""timesteps"": 50000, ""validation_days"": 126}",2014,126,1,0.037537453681212606,1021182.5322036255
3,ppo,ppo_020fdc27,"{""candidate_id"": ""ppo_020fdc27"", ""kwargs"": {""batch_size"": 64, ""ent_coef"": 0.005, ""gamma"": 0.99, ""n_steps"": 512}, ""timesteps"": 50000, ""validation_days"": 126}",2014,126,2,0.16850074655197708,1115542.7900018776
3,ppo,ppo_020fdc27,"{""candidate_id"": ""ppo_020fdc27"", ""kwargs"": {""batch_size"": 64, ""ent_coef"": 0.005, ""gamma"": 0.99, ""n_steps"": 512}, ""timesteps"": 50000, ""validation_days"": 126}",2014,126,3,0.022993450677526672,1008119.7819312257
3,ppo,ppo_020fdc27,"{""candidate_id"": ""ppo_020fdc27"", ""kwargs"": {""batch_size"": 64, ""ent_coef"": 0.005, ""gamma"": 0.99, ""n_steps"": 512}, ""timesteps"": 50000, ""validation_days"": 126}",2014,126,4,0.09579147106084894,1071515.340484854
3,ppo,ppo_020fdc27,"{""candidate_id"": ""ppo_020fdc27"", ""kwargs"": {""batch_size"": 64, ""ent_coef"": 0.005, ""gamma"": 0.99, ""n_steps"": 512}, ""timesteps"": 50000, ""validation_days"": 126}",2014,126,5,0.046167178969126914,1025091.892576599
3,ppo,ppo_020fdc27,"{""candidate_id"": ""ppo_020fdc27"", ""kwargs"": {""batch_size"": 64, ""ent_coef"": 0.005, ""gamma"": 0.99, ""n_steps"": 512}, ""timesteps"": 50000, ""validation_days"": 126}",2077,126,1,0.12408703863062352,1092968.0906924454
3,ppo,ppo_020fdc27,"{""candidate_id"": ""ppo_020fdc27"", ""kwargs"": {""batch_size"": 64, ""ent_coef"": 0.005, ""gamma"": 0.99, ""n_steps"": 512}, ""timesteps"": 50000, ""validation_days"": 126}",2077,126,2,0.09516538184824129,1056627.4604197019
3,ppo,ppo_020fdc27,"{""candidate_id"": ""ppo_020fdc27"", ""kwargs"": {""batch_size"": 64, ""ent_coef"": 0.005, ""gamma"": 0.99, ""n_steps"": 512}, ""timesteps"": 50000, ""validation_days"": 126}",2077,126,3,0.09242556045634494,1059376.6734328005
3,ppo,ppo_020fdc27,"{""candidate_id"": ""ppo_020fdc27"", ""kwargs"": {""batch_size"": 64, ""ent_coef"": 0.005, ""gamma"": 0.99, ""n_steps"": 512}, ""timesteps"": 50000, ""validation_days"": 126}",2077,126,4,0.18654531168884553,1129866.3264485276
3,ppo,ppo_020fdc27,"{""candidate_id"": ""ppo_020fdc27"", ""kwargs"": {""batch_size"": 64, ""ent_coef"": 0.005, ""gamma"": 0.99, ""n_steps"": 512}, ""timesteps"": 50000, ""validation_days"": 126}",2077,126,5,0.16978464088205492,1113920.6086610025
3,ppo,ppo_e4290e54,"{""candidate_id"": ""ppo_e4290e54"", ""kwargs"": {""batch_size"": 64, ""ent_coef"": 0.005, ""gamma"": 0.99, ""n_steps"": 512}, ""timesteps"": 100000, ""validation_days"": 126}",2014,126,1,0.09091795760364316,1069539.6746050424
3,ppo,ppo_e4290e54,"{""candidate_id"": ""ppo_e4290e54"", ""kwargs"": {""batch_size"": 64, ""ent_coef"": 0.005, ""gamma"": 0.99, ""n_steps"": 512}, ""timesteps"": 100000, ""validation_days"": 126}",2014,126,2,0.11940917689042743,1085786.4232296972
3,ppo,ppo_e4290e54,"{""candidate_id"": ""ppo_e4290e54"", ""kwargs"": {""batch_size"": 64, ""ent_coef"": 0.005, ""gamma"": 0.99, ""n_steps"": 512}, ""timesteps"": 100000, ""validation_days"": 126}",2014,126,3,0.06691919006208888,1048006.385388741
3,ppo,ppo_e4290e54,"{""candidate_id"": ""ppo_e4290e54"", ""kwargs"": {""batch_size"": 64, ""ent_coef"": 0.005, ""gamma"": 0.99, ""n_steps"": 512}, ""timesteps"": 100000, ""validation_days"": 126}",2014,126,4,0.09204004249538474,1065913.420796478
3,ppo,ppo_e4290e54,"{""candidate_id"": ""ppo_e4290e54"", ""kwargs"": {""batch_size"": 64, ""ent_coef"": 0.005, ""gamma"": 0.99, ""n_steps"": 512}, ""timesteps"": 100000, ""validation_days"": 126}",2014,126,5,-0.013548330499287406,979958.1773090679
3,ppo,ppo_e4290e54,"{""candidate_id"": ""ppo_e4290e54"", ""kwargs"": {""batch_size"": 64, ""ent_coef"": 0.005, ""gamma"": 0.99, ""n_steps"": 512}, ""timesteps"": 100000, ""validation_days"": 126}",2077,126,1,0.2208791350202141,1201347.8281804128
3,ppo,ppo_e4290e54,"{""candidate_id"": ""ppo_e4290e54"", ""kwargs"": {""batch_size"": 64, ""ent_coef"": 0.005, ""gamma"": 0.99, ""n_steps"": 512}, ""timesteps"": 100000, ""validation_days"": 126}",2077,126,2,0.12856605213151875,1108565.4274694643
3,ppo,ppo_e4290e54,"{""candidate_id"": ""ppo_e4290e54"", ""kwargs"": {""batch_size"": 64, ""ent_coef"": 0.005, ""gamma"": 0.99, ""n_steps"": 512}, ""timesteps"": 100000, ""validation_days"": 126}",2077,126,3,0.1772895187201341,1116342.6850890769
3,ppo,ppo_e4290e54,"{""candidate_id"": ""ppo_e4290e54"", ""kwargs"": {""batch_size"": 64, ""ent_coef"": 0.005, ""gamma"": 0.99, ""n_steps"": 512}, ""timesteps"": 100000, ""validation_days"": 126}",2077,126,4,0.12291077543550513,1080014.6664213904
3,ppo,ppo_e4290e54,"{""candidate_id"": ""ppo_e4290e54"", ""kwargs"": {""batch_size"": 64, ""ent_coef"": 0.005, ""gamma"": 0.99, ""n_steps"": 512}, ""timesteps"": 100000, ""validation_days"": 126}",2077,126,5,0.2982901185986339,1232162.6774495188
3,ddpg,ddpg_db4c7149,"{""candidate_id"": ""ddpg_db4c7149"", ""kwargs"": {""batch_size"": 64, ""buffer_size"": 10000, ""gamma"": 0.99, ""noise_sigma"": 0.5}, ""timesteps"": 10000, ""validation_days"": 126}",2014,126,1,0.04969206373705694,1031798.9191437553
3,ddpg,ddpg_db4c7149,"{""candidate_id"": ""ddpg_db4c7149"", ""kwargs"": {""batch_size"": 64, ""buffer_size"": 10000, ""gamma"": 0.99, ""noise_sigma"": 0.5}, ""timesteps"": 10000, ""validation_days"": 126}",2014,126,2,0.021157166113686645,1008105.1983824112
3,ddpg,ddpg_db4c7149,"{""candidate_id"": ""ddpg_db4c7149"", ""kwargs"": {""batch_size"": 64, ""buffer_size"": 10000, ""gamma"": 0.99, ""noise_sigma"": 0.5}, ""timesteps"": 10000, ""validation_days"": 126}",2014,126,3,0.04300224854002892,1024682.6201740538
3,ddpg,ddpg_db4c7149,"{""candidate_id"": ""ddpg_db4c7149"", ""kwargs"": {""batch_size"": 64, ""buffer_size"": 10000, ""gamma"": 0.99, ""noise_sigma"": 0.5}, ""timesteps"": 10000, ""validation_days"": 126}",2014,126,4,0.1489996535006569,1114439.2672654586
3,ddpg,ddpg_db4c7149,"{""candidate_id"": ""ddpg_db4c7149"", ""kwargs"": {""batch_size"": 64, ""buffer_size"": 10000, ""gamma"": 0.99, ""noise_sigma"": 0.5}, ""timesteps"": 10000, ""validation_days"": 126}",2014,126,5,0.10349531439062817,1075262.3924497052
3,ddpg,ddpg_db4c7149,"{""candidate_id"": ""ddpg_db4c7149"", ""kwargs"": {""batch_size"": 64, ""buffer_size"": 10000, ""gamma"": 0.99, ""noise_sigma"": 0.5}, ""timesteps"": 10000, ""validation_days"": 126}",2077,126,1,0.15173872329637692,1113979.8758726942
3,ddpg,ddpg_db4c7149,"{""candidate_id"": ""ddpg_db4c7149"", ""kwargs"": {""batch_size"": 64, ""buffer_size"": 10000, ""gamma"": 0.99, ""noise_sigma"": 0.5}, ""timesteps"": 10000, ""validation_days"": 126}",2077,126,2,0.12800197736086927,1089148.9576088134
3,ddpg,ddpg_db4c7149,"{""candidate_id"": ""ddpg_db4c7149"", ""kwargs"": {""batch_size"": 64, ""buffer_size"": 10000, ""gamma"": 0.99, ""noise_sigma"": 0.5}, ""timesteps"": 10000, ""validation_days"": 126}",2077,126,3,0.15192364111031664,1113583.108676868
3,ddpg,ddpg_db4c7149,"{""candidate_id"": ""ddpg_db4c7149"", ""kwargs"": {""batch_size"": 64, ""buffer_size"": 10000, ""gamma"": 0.99, ""noise_sigma"": 0.5}, ""timesteps"": 10000, ""validation_days"": 126}",2077,126,4,0.18513196097310664,1132092.5769850176
3,ddpg,ddpg_db4c7149,"{""candidate_id"": ""ddpg_db4c7149"", ""kwargs"": {""batch_size"": 64, ""buffer_size"": 10000, ""gamma"": 0.99, ""noise_sigma"": 0.5}, ""timesteps"": 10000, ""validation_days"": 126}",2077,126,5,0.17145987493002404,1124022.7998614255
3,ddpg,ddpg_cfec8cb3,"{""candidate_id"": ""ddpg_cfec8cb3"", ""kwargs"": {""batch_size"": 128, ""buffer_size"": 10000, ""gamma"": 0.99, ""noise_sigma"": 0.3}, ""timesteps"": 10000, ""validation_days"": 126}",2014,126,1,0.08651078334158335,1064965.7169664577
3,ddpg,ddpg_cfec8cb3,"{""candidate_id"": ""ddpg_cfec8cb3"", ""kwargs"": {""batch_size"": 128, ""buffer_size"": 10000, ""gamma"": 0.99, ""noise_sigma"": 0.3}, ""timesteps"": 10000, ""validation_days"": 126}",2014,126,2,0.04506650193150753,1026828.8404001882
3,ddpg,ddpg_cfec8cb3,"{""candidate_id"": ""ddpg_cfec8cb3"", ""kwargs"": {""batch_size"": 128, ""buffer_size"": 10000, ""gamma"": 0.99, ""noise_sigma"": 0.3}, ""timesteps"": 10000, ""validation_days"": 126}",2014,126,3,0.08564402197653882,1059061.0687501938
3,ddpg,ddpg_cfec8cb3,"{""candidate_id"": ""ddpg_cfec8cb3"", ""kwargs"": {""batch_size"": 128, ""buffer_size"": 10000, ""gamma"": 0.99, ""noise_sigma"": 0.3}, ""timesteps"": 10000, ""validation_days"": 126}",2014,126,4,0.10847358899452615,1083126.9839804866
3,ddpg,ddpg_cfec8cb3,"{""candidate_id"": ""ddpg_cfec8cb3"", ""kwargs"": {""batch_size"": 128, ""buffer_size"": 10000, ""gamma"": 0.99, ""noise_sigma"": 0.3}, ""timesteps"": 10000, ""validation_days"": 126}",2014,126,5,0.13707754316786833,1104000.5856072675
3,ddpg,ddpg_cfec8cb3,"{""candidate_id"": ""ddpg_cfec8cb3"", ""kwargs"": {""batch_size"": 128, ""buffer_size"": 10000, ""gamma"": 0.99, ""noise_sigma"": 0.3}, ""timesteps"": 10000, ""validation_days"": 126}",2077,126,1,0.2196287143210908,1174837.3174458765
3,ddpg,ddpg_cfec8cb3,"{""candidate_id"": ""ddpg_cfec8cb3"", ""kwargs"": {""batch_size"": 128, ""buffer_size"": 10000, ""gamma"": 0.99, ""noise_sigma"": 0.3}, ""timesteps"": 10000, ""validation_days"": 126}",2077,126,2,0.12212563571390941,1084935.2850760326
3,ddpg,ddpg_cfec8cb3,"{""candidate_id"": ""ddpg_cfec8cb3"", ""kwargs"": {""batch_size"": 128, ""buffer_size"": 10000, ""gamma"": 0.99, ""noise_sigma"": 0.3}, ""timesteps"": 10000, ""validation_days"": 126}",2077,126,3,0.19902840137818534,1147606.2035500798
3,ddpg,ddpg_cfec8cb3,"{""candidate_id"": ""ddpg_cfec8cb3"", ""kwargs"": {""batch_size"": 128, ""buffer_size"": 10000, ""gamma"": 0.99, ""noise_sigma"": 0.3}, ""timesteps"": 10000, ""validation_days"": 126}",2077,126,4,0.21934596575319631,1160459.4392992128
3,ddpg,ddpg_cfec8cb3,"{""candidate_id"": ""ddpg_cfec8cb3"", ""kwargs"": {""batch_size"": 128, ""buffer_size"": 10000, ""gamma"": 0.99, ""noise_sigma"": 0.3}, ""timesteps"": 10000, ""validation_days"": 126}",2077,126,5,0.15784357531708004,1118075.9644916276
4,a2c,a2c_aee7d73f,"{""candidate_id"": ""a2c_aee7d73f"", ""kwargs"": {""gamma"": 0.99}, ""timesteps"": 10000, ""validation_days"": 126}",2014,126,1,0.19476409829089592,1152230.1861119096
4,a2c,a2c_aee7d73f,"{""candidate_id"": ""a2c_aee7d73f"", ""kwargs"": {""gamma"": 0.99}, ""timesteps"": 10000, ""validation_days"": 126}",2014,126,2,0.17339558515063555,1128072.9520701119
4,a2c,a2c_aee7d73f,"{""candidate_id"": ""a2c_aee7d73f"", ""kwargs"": {""gamma"": 0.99}, ""timesteps"": 10000, ""validation_days"": 126}",2014,126,3,0.04651075599664929,1032110.8931847694
4,a2c,a2c_aee7d73f,"{""candidate_id"": ""a2c_aee7d73f"", ""kwargs"": {""gamma"": 0.99}, ""timesteps"": 10000, ""validation_days"": 126}",2014,126,4,0.06259732546530553,1044370.7184991485
4,a2c,a2c_aee7d73f,"{""candidate_id"": ""a2c_aee7d73f"", ""kwargs"": {""gamma"": 0.99}, ""timesteps"": 10000, ""validation_days"": 126}",2014,126,5,0.10029123104069905,1067294.7831573028
4,a2c,a2c_aee7d73f,"{""candidate_id"": ""a2c_aee7d73f"", ""kwargs"": {""gamma"": 0.99}, ""timesteps"": 10000, ""validation_days"": 126}",2077,126,1,0.11658478320020851,1068748.5756500247
4,a2c,a2c_aee7d73f,"{""candidate_id"": ""a2c_aee7d73f"", ""kwargs"": {""gamma"": 0.99}, ""timesteps"": 10000, ""validation_days"": 126}",2077,126,2,0.19780061852081626,1136408.8224278712
4,a2c,a2c_aee7d73f,"{""candidate_id"": ""a2c_aee7d73f"", ""kwargs"": {""gamma"": 0.99}, ""timesteps"": 10000, ""validation_days"": 126}",2077,126,3,0.17768876754735086,1135109.2711905444
4,a2c,a2c_aee7d73f,"{""candidate_id"": ""a2c_aee7d73f"", ""kwargs"": {""gamma"": 0.99}, ""timesteps"": 10000, ""validation_days"": 126}",2077,126,4,0.16807134922440548,1145005.5728740583
4,a2c,a2c_aee7d73f,"{""candidate_id"": ""a2c_aee7d73f"", ""kwargs"": {""gamma"": 0.99}, ""timesteps"": 10000, ""validation_days"": 126}",2077,126,5,0.21449122143360727,1141709.9228379868
4,a2c,a2c_aee7d73f,"{""candidate_id"": ""a2c_aee7d73f"", ""kwargs"": {""gamma"": 0.99}, ""timesteps"": 10000, ""validation_days"": 126}",2140,126,1,0.14000954460217585,1070708.8147456183
4,a2c,a2c_aee7d73f,"{""candidate_id"": ""a2c_aee7d73f"", ""kwargs"": {""gamma"": 0.99}, ""timesteps"": 10000, ""validation_days"": 126}",2140,126,2,0.10819434837319207,1067394.435126052
4,a2c,a2c_aee7d73f,"{""candidate_id"": ""a2c_aee7d73f"", ""kwargs"": {""gamma"": 0.99}, ""timesteps"": 10000, ""validation_days"": 126}",2140,126,3,-0.036972227866145416,977432.1028641067
4,a2c,a2c_aee7d73f,"{""candidate_id"": ""a2c_aee7d73f"", ""kwargs"": {""gamma"": 0.99}, ""timesteps"": 10000, ""validation_days"": 126}",2140,126,4,0.28822597992041354,1175234.1750868405
4,a2c,a2c_aee7d73f,"{""candidate_id"": ""a2c_aee7d73f"", ""kwargs"": {""gamma"": 0.99}, ""timesteps"": 10000, ""validation_days"": 126}",2140,126,5,0.251838740506325,1142368.5877656671
4,a2c,a2c_09f4a573,"{""candidate_id"": ""a2c_09f4a573"", ""kwargs"": {""gamma"": 0.99}, ""timesteps"": 30000, ""validation_days"": 126}",2014,126,1,0.008994998268056366,996197.2327854274
4,a2c,a2c_09f4a573,"{""candidate_id"": ""a2c_09f4a573"", ""kwargs"": {""gamma"": 0.99}, ""timesteps"": 30000, ""validation_days"": 126}",2014,126,2,0.13154800866267266,1098975.884205548
4,a2c,a2c_09f4a573,"{""candidate_id"": ""a2c_09f4a573"", ""kwargs"": {""gamma"": 0.99}, ""timesteps"": 30000, ""validation_days"": 126}",2014,126,3,0.057092007375521704,1039419.4183069647
4,a2c,a2c_09f4a573,"{""candidate_id"": ""a2c_09f4a573"", ""kwargs"": {""gamma"": 0.99}, ""timesteps"": 30000, ""validation_days"": 126}",2014,126,4,0.05665179132892454,1033741.7090189423
4,a2c,a2c_09f4a573,"{""candidate_id"": ""a2c_09f4a573"", ""kwargs"": {""gamma"": 0.99}, ""timesteps"": 30000, ""validation_days"": 126}",2014,126,5,0.03642423583133056,1020069.279440548
4,a2c,a2c_09f4a573,"{""candidate_id"": ""a2c_09f4a573"", ""kwargs"": {""gamma"": 0.99}, ""timesteps"": 30000, ""validation_days"": 126}",2077,126,1,0.16580863136121413,1105405.318049894
4,a2c,a2c_09f4a573,"{""candidate_id"": ""a2c_09f4a573"", ""kwargs"": {""gamma"": 0.99}, ""timesteps"": 30000, ""validation_days"": 126}",2077,126,2,0.1775416370447146,1112547.1511636279
4,a2c,a2c_09f4a573,"{""candidate_id"": ""a2c_09f4a573"", ""kwargs"": {""gamma"": 0.99}, ""timesteps"": 30000, ""validation_days"": 126}",2077,126,3,0.22076203036163414,1197713.5172553372
4,a2c,a2c_09f4a573,"{""candidate_id"": ""a2c_09f4a573"", ""kwargs"": {""gamma"": 0.99}, ""timesteps"": 30000, ""validation_days"": 126}",2077,126,4,0.16269494938240603,1123500.4449169864
4,a2c,a2c_09f4a573,"{""candidate_id"": ""a2c_09f4a573"", ""kwargs"": {""gamma"": 0.99}, ""timesteps"": 30000, ""validation_days"": 126}",2077,126,5,0.14376648070065826,1098775.8816742213
4,a2c,a2c_09f4a573,"{""candidate_id"": ""a2c_09f4a573"", ""kwargs"": {""gamma"": 0.99}, ""timesteps"": 30000, ""validation_days"": 126}",2140,126,1,0.08858227071829208,1041273.3382866498
4,a2c,a2c_09f4a573,"{""candidate_id"": ""a2c_09f4a573"", ""kwargs"": {""gamma"": 0.99}, ""timesteps"": 30000, ""validation_days"": 126}",2140,126,2,0.003586076608247544,997928.7988630289
4,a2c,a2c_09f4a573,"{""candidate_id"": ""a2c_09f4a573"", ""kwargs"": {""gamma"": 0.99}, ""timesteps"": 30000, ""validation_days"": 126}",2140,126,3,0.005550007967679053,999991.9659203757
4,a2c,a2c_09f4a573,"{""candidate_id"": ""a2c_09f4a573"", ""kwargs"": {""gamma"": 0.99}, ""timesteps"": 30000, ""validation_days"": 126}",2140,126,4,0.18246535107034417,1107549.4601895504
4,a2c,a2c_09f4a573,"{""candidate_id"": ""a2c_09f4a573"", ""kwargs"": {""gamma"": 0.99}, ""timesteps"": 30000, ""validation_days"": 126}",2140,126,5,0.1618327475355479,1083262.8536228836
4,ppo,ppo_020fdc27,"{""candidate_id"": ""ppo_020fdc27"", ""kwargs"": {""batch_size"": 64, ""ent_coef"": 0.005, ""gamma"": 0.99, ""n_steps"": 512}, ""timesteps"": 50000, ""validation_days"": 126}",2014,126,1,0.037537453681212606,1021182.5322036255
4,ppo,ppo_020fdc27,"{""candidate_id"": ""ppo_020fdc27"", ""kwargs"": {""batch_size"": 64, ""ent_coef"": 0.005, ""gamma"": 0.99, ""n_steps"": 512}, ""timesteps"": 50000, ""validation_days"": 126}",2014,126,2,0.16850074655197708,1115542.7900018776
4,ppo,ppo_020fdc27,"{""candidate_id"": ""ppo_020fdc27"", ""kwargs"": {""batch_size"": 64, ""ent_coef"": 0.005, ""gamma"": 0.99, ""n_steps"": 512}, ""timesteps"": 50000, ""validation_days"": 126}",2014,126,3,0.022993450677526672,1008119.7819312257
4,ppo,ppo_020fdc27,"{""candidate_id"": ""ppo_020fdc27"", ""kwargs"": {""batch_size"": 64, ""ent_coef"": 0.005, ""gamma"": 0.99, ""n_steps"": 512}, ""timesteps"": 50000, ""validation_days"": 126}",2014,126,4,0.09579147106084894,1071515.340484854
4,ppo,ppo_020fdc27,"{""candidate_id"": ""ppo_020fdc27"", ""kwargs"": {""batch_size"": 64, ""ent_coef"": 0.005, ""gamma"": 0.99, ""n_steps"": 512}, ""timesteps"": 50000, ""validation_days"": 126}",2014,126,5,0.046167178969126914,1025091.892576599
4,ppo,ppo_020fdc27,"{""candidate_id"": ""ppo_020fdc27"", ""kwargs"": {""batch_size"": 64, ""ent_coef"": 0.005, ""gamma"": 0.99, ""n_steps"": 512}, ""timesteps"": 50000, ""validation_days"": 126}",2077,126,1,0.12408703863062352,1092968.0906924454
4,ppo,ppo_020fdc27,"{""candidate_id"": ""ppo_020fdc27"", ""kwargs"": {""batch_size"": 64, ""ent_coef"": 0.005, ""gamma"": 0.99, ""n_steps"": 512}, ""timesteps"": 50000, ""validation_days"": 126}",2077,126,2,0.09516538184824129,1056627.4604197019
4,ppo,ppo_020fdc27,"{""candidate_id"": ""ppo_020fdc27"", ""kwargs"": {""batch_size"": 64, ""ent_coef"": 0.005, ""gamma"": 0.99, ""n_steps"": 512}, ""timesteps"": 50000, ""validation_days"": 126}",2077,126,3,0.09242556045634494,1059376.6734328005
4,ppo,ppo_020fdc27,"{""candidate_id"": ""ppo_020fdc27"", ""kwargs"": {""batch_size"": 64, ""ent_coef"": 0.005, ""gamma"": 0.99, ""n_steps"": 512}, ""timesteps"": 50000, ""validation_days"": 126}",2077,126,4,0.18654531168884553,1129866.3264485276
4,ppo,ppo_020fdc27,"{""candidate_id"": ""ppo_020fdc27"", ""kwargs"": {""batch_size"": 64, ""ent_coef"": 0.005, ""gamma"": 0.99, ""n_steps"": 512}, ""timesteps"": 50000, ""validation_days"": 126}",2077,126,5,0.16978464088205492,1113920.6086610025
4,ppo,ppo_020fdc27,"{""candidate_id"": ""ppo_020fdc27"", ""kwargs"": {""batch_size"": 64, ""ent_coef"": 0.005, ""gamma"": 0.99, ""n_steps"": 512}, ""timesteps"": 50000, ""validation_days"": 126}",2140,126,1,0.11748232679546762,1060326.5611778195
4,ppo,ppo_020fdc27,"{""candidate_id"": ""ppo_020fdc27"", ""kwargs"": {""batch_size"": 64, ""ent_coef"": 0.005, ""gamma"": 0.99, ""n_steps"": 512}, ""timesteps"": 50000, ""validation_days"": 126}",2140,126,2,-0.007366901075957894,989943.5158705637
4,ppo,ppo_020fdc27,"{""candidate_id"": ""ppo_020fdc27"", ""kwargs"": {""batch_size"": 64, ""ent_coef"": 0.005, ""gamma"": 0.99, ""n_steps"": 512}, ""timesteps"": 50000, ""validation_days"": 126}",2140,126,3,-0.023372999120467676,983771.4394717248
4,ppo,ppo_020fdc27,"{""candidate_id"": ""ppo_020fdc27"", ""kwargs"": {""batch_size"": 64, ""ent_coef"": 0.005, ""gamma"": 0.99, ""n_steps"": 512}, ""timesteps"": 50000, ""validation_days"": 126}",2140,126,4,0.126674749848112,1063571.9602334383
4,ppo,ppo_020fdc27,"{""candidate_id"": ""ppo_020fdc27"", ""kwargs"": {""batch_size"": 64, ""ent_coef"": 0.005, ""gamma"": 0.99, ""n_steps"": 512}, ""timesteps"": 50000, ""validation_days"": 126}",2140,126,5,0.054861155962647415,1022044.9669386586
4,ppo,ppo_e4290e54,"{""candidate_id"": ""ppo_e4290e54"", ""kwargs"": {""batch_size"": 64, ""ent_coef"": 0.005, ""gamma"": 0.99, ""n_steps"": 512}, ""timesteps"": 100000, ""validation_days"": 126}",2014,126,1,0.09091795760364316,1069539.6746050424
4,ppo,ppo_e4290e54,"{""candidate_id"": ""ppo_e4290e54"", ""kwargs"": {""batch_size"": 64, ""ent_coef"": 0.005, ""gamma"": 0.99, ""n_steps"": 512}, ""timesteps"": 100000, ""validation_days"": 126}",2014,126,2,0.11940917689042743,1085786.4232296972
4,ppo,ppo_e4290e54,"{""candidate_id"": ""ppo_e4290e54"", ""kwargs"": {""batch_size"": 64, ""ent_coef"": 0.005, ""gamma"": 0.99, ""n_steps"": 512}, ""timesteps"": 100000, ""validation_days"": 126}",2014,126,3,0.06691919006208888,1048006.385388741
4,ppo,ppo_e4290e54,"{""candidate_id"": ""ppo_e4290e54"", ""kwargs"": {""batch_size"": 64, ""ent_coef"": 0.005, ""gamma"": 0.99, ""n_steps"": 512}, ""timesteps"": 100000, ""validation_days"": 126}",2014,126,4,0.09204004249538474,1065913.420796478
4,ppo,ppo_e4290e54,"{""candidate_id"": ""ppo_e4290e54"", ""kwargs"": {""batch_size"": 64, ""ent_coef"": 0.005, ""gamma"": 0.99, ""n_steps"": 512}, ""timesteps"": 100000, ""validation_days"": 126}",2014,126,5,-0.013548330499287406,979958.1773090679
4,ppo,ppo_e4290e54,"{""candidate_id"": ""ppo_e4290e54"", ""kwargs"": {""batch_size"": 64, ""ent_coef"": 0.005, ""gamma"": 0.99, ""n_steps"": 512}, ""timesteps"": 100000, ""validation_days"": 126}",2077,126,1,0.2208791350202141,1201347.8281804128
4,ppo,ppo_e4290e54,"{""candidate_id"": ""ppo_e4290e54"", ""kwargs"": {""batch_size"": 64, ""ent_coef"": 0.005, ""gamma"": 0.99, ""n_steps"": 512}, ""timesteps"": 100000, ""validation_days"": 126}",2077,126,2,0.12856605213151875,1108565.4274694643
4,ppo,ppo_e4290e54,"{""candidate_id"": ""ppo_e4290e54"", ""kwargs"": {""batch_size"": 64, ""ent_coef"": 0.005, ""gamma"": 0.99, ""n_steps"": 512}, ""timesteps"": 100000, ""validation_days"": 126}",2077,126,3,0.1772895187201341,1116342.6850890769
4,ppo,ppo_e4290e54,"{""candidate_id"": ""ppo_e4290e54"", ""kwargs"": {""batch_size"": 64, ""ent_coef"": 0.005, ""gamma"": 0.99, ""n_steps"": 512}, ""timesteps"": 100000, ""validation_days"": 126}",2077,126,4,0.12291077543550513,1080014.6664213904
4,ppo,ppo_e4290e54,"{""candidate_id"": ""ppo_e4290e54"", ""kwargs"": {""batch_size"": 64, ""ent_coef"": 0.005, ""gamma"": 0.99, ""n_steps"": 512}, ""timesteps"": 100000, ""validation_days"": 126}",2077,126,5,0.2982901185986339,1232162.6774495188
4,ppo,ppo_e4290e54,"{""candidate_id"": ""ppo_e4290e54"", ""kwargs"": {""batch_size"": 64, ""ent_coef"": 0.005, ""gamma"": 0.99, ""n_steps"": 512}, ""timesteps"": 100000, ""validation_days"": 126}",2140,126,1,0.0904721527203791,1043479.4084413066
4,ppo,ppo_e4290e54,"{""candidate_id"": ""ppo_e4290e54"", ""kwargs"": {""batch_size"": 64, ""ent_coef"": 0.005, ""gamma"": 0.99, ""n_steps"": 512}, ""timesteps"": 100000, ""validation_days"": 126}",2140,126,2,-0.06326195450677959,957931.0337228198
4,ppo,ppo_e4290e54,"{""candidate_id"": ""ppo_e4290e54"", ""kwargs"": {""batch_size"": 64, ""ent_coef"": 0.005, ""gamma"": 0.99, ""n_steps"": 512}, ""timesteps"": 100000, ""validation_days"": 126}",2140,126,3,0.036610536295711114,1015665.788105597
4,ppo,ppo_e4290e54,"{""candidate_id"": ""ppo_e4290e54"", ""kwargs"": {""batch_size"": 64, ""ent_coef"": 0.005, ""gamma"": 0.99, ""n_steps"": 512}, ""timesteps"": 100000, ""validation_days"": 126}",2140,126,4,0.10221665197427575,1059278.2174406864
4,ppo,ppo_e4290e54,"{""candidate_id"": ""ppo_e4290e54"", ""kwargs"": {""batch_size"": 64, ""ent_coef"": 0.005, ""gamma"": 0.99, ""n_steps"": 512}, ""timesteps"": 100000, ""validation_days"": 126}",2140,126,5,0.13559993573947646,1064869.242693966
4,ddpg,ddpg_db4c7149,"{""candidate_id"": ""ddpg_db4c7149"", ""kwargs"": {""batch_size"": 64, ""buffer_size"": 10000, ""gamma"": 0.99, ""noise_sigma"": 0.5}, ""timesteps"": 10000, ""validation_days"": 126}",2014,126,1,0.04969206373705694,1031798.9191437553
4,ddpg,ddpg_db4c7149,"{""candidate_id"": ""ddpg_db4c7149"", ""kwargs"": {""batch_size"": 64, ""buffer_size"": 10000, ""gamma"": 0.99, ""noise_sigma"": 0.5}, ""timesteps"": 10000, ""validation_days"": 126}",2014,126,2,0.021157166113686645,1008105.1983824112
4,ddpg,ddpg_db4c7149,"{""candidate_id"": ""ddpg_db4c7149"", ""kwargs"": {""batch_size"": 64, ""buffer_size"": 10000, ""gamma"": 0.99, ""noise_sigma"": 0.5}, ""timesteps"": 10000, ""validation_days"": 126}",2014,126,3,0.04300224854002892,1024682.6201740538
4,ddpg,ddpg_db4c7149,"{""candidate_id"": ""ddpg_db4c7149"", ""kwargs"": {""batch_size"": 64, ""buffer_size"": 10000, ""gamma"": 0.99, ""noise_sigma"": 0.5}, ""timesteps"": 10000, ""validation_days"": 126}",2014,126,4,0.1489996535006569,1114439.2672654586
4,ddpg,ddpg_db4c7149,"{""candidate_id"": ""ddpg_db4c7149"", ""kwargs"": {""batch_size"": 64, ""buffer_size"": 10000, ""gamma"": 0.99, ""noise_sigma"": 0.5}, ""timesteps"": 10000, ""validation_days"": 126}",2014,126,5,0.10349531439062817,1075262.3924497052
4,ddpg,ddpg_db4c7149,"{""candidate_id"": ""ddpg_db4c7149"", ""kwargs"": {""batch_size"": 64, ""buffer_size"": 10000, ""gamma"": 0.99, ""noise_sigma"": 0.5}, ""timesteps"": 10000, ""validation_days"": 126}",2077,126,1,0.15173872329637692,1113979.8758726942
4,ddpg,ddpg_db4c7149,"{""candidate_id"": ""ddpg_db4c7149"", ""kwargs"": {""batch_size"": 64, ""buffer_size"": 10000, ""gamma"": 0.99, ""noise_sigma"": 0.5}, ""timesteps"": 10000, ""validation_days"": 126}",2077,126,2,0.12800197736086927,1089148.9576088134
4,ddpg,ddpg_db4c7149,"{""candidate_id"": ""ddpg_db4c7149"", ""kwargs"": {""batch_size"": 64, ""buffer_size"": 10000, ""gamma"": 0.99, ""noise_sigma"": 0.5}, ""timesteps"": 10000, ""validation_days"": 126}",2077,126,3,0.15192364111031664,1113583.108676868
4,ddpg,ddpg_db4c7149,"{""candidate_id"": ""ddpg_db4c7149"", ""kwargs"": {""batch_size"": 64, ""buffer_size"": 10000, ""gamma"": 0.99, ""noise_sigma"": 0.5}, ""timesteps"": 10000, ""validation_days"": 126}",2077,126,4,0.18513196097310664,1132092.5769850176
4,ddpg,ddpg_db4c7149,"{""candidate_id"": ""ddpg_db4c7149"", ""kwargs"": {""batch_size"": 64, ""buffer_size"": 10000, ""gamma"": 0.99, ""noise_sigma"": 0.5}, ""timesteps"": 10000, ""validation_days"": 126}",2077,126,5,0.17145987493002404,1124022.7998614255
4,ddpg,ddpg_db4c7149,"{""candidate_id"": ""ddpg_db4c7149"", ""kwargs"": {""batch_size"": 64, ""buffer_size"": 10000, ""gamma"": 0.99, ""noise_sigma"": 0.5}, ""timesteps"": 10000, ""validation_days"": 126}",2140,126,1,0.18670317853057256,1094060.0576292323
4,ddpg,ddpg_db4c7149,"{""candidate_id"": ""ddpg_db4c7149"", ""kwargs"": {""batch_size"": 64, ""buffer_size"": 10000, ""gamma"": 0.99, ""noise_sigma"": 0.5}, ""timesteps"": 10000, ""validation_days"": 126}",2140,126,2,0.1432364125653965,1067174.197527862
4,ddpg,ddpg_db4c7149,"{""candidate_id"": ""ddpg_db4c7149"", ""kwargs"": {""batch_size"": 64, ""buffer_size"": 10000, ""gamma"": 0.99, ""noise_sigma"": 0.5}, ""timesteps"": 10000, ""validation_days"": 126}",2140,126,3,0.1787474454506212,1090570.774031314
4,ddpg,ddpg_db4c7149,"{""candidate_id"": ""ddpg_db4c7149"", ""kwargs"": {""batch_size"": 64, ""buffer_size"": 10000, ""gamma"": 0.99, ""noise_sigma"": 0.5}, ""timesteps"": 10000, ""validation_days"": 126}",2140,126,4,0.11075257461876845,1058625.2479942008
4,ddpg,ddpg_db4c7149,"{""candidate_id"": ""ddpg_db4c7149"", ""kwargs"": {""batch_size"": 64, ""buffer_size"": 10000, ""gamma"": 0.99, ""noise_sigma"": 0.5}, ""timesteps"": 10000, ""validation_days"": 126}",2140,126,5,0.08360051111575276,1041070.0161953457
4,ddpg,ddpg_cfec8cb3,"{""candidate_id"": ""ddpg_cfec8cb3"", ""kwargs"": {""batch_size"": 128, ""buffer_size"": 10000, ""gamma"": 0.99, ""noise_sigma"": 0.3}, ""timesteps"": 10000, ""validation_days"": 126}",2014,126,1,0.08651078334158335,1064965.7169664577
4,ddpg,ddpg_cfec8cb3,"{""candidate_id"": ""ddpg_cfec8cb3"", ""kwargs"": {""batch_size"": 128, ""buffer_size"": 10000, ""gamma"": 0.99, ""noise_sigma"": 0.3}, ""timesteps"": 10000, ""validation_days"": 126}",2014,126,2,0.04506650193150753,1026828.8404001882
4,ddpg,ddpg_cfec8cb3,"{""candidate_id"": ""ddpg_cfec8cb3"", ""kwargs"": {""batch_size"": 128, ""buffer_size"": 10000, ""gamma"": 0.99, ""noise_sigma"": 0.3}, ""timesteps"": 10000, ""validation_days"": 126}",2014,126,3,0.08564402197653882,1059061.0687501938
4,ddpg,ddpg_cfec8cb3,"{""candidate_id"": ""ddpg_cfec8cb3"", ""kwargs"": {""batch_size"": 128, ""buffer_size"": 10000, ""gamma"": 0.99, ""noise_sigma"": 0.3}, ""timesteps"": 10000, ""validation_days"": 126}",2014,126,4,0.10847358899452615,1083126.9839804866
4,ddpg,ddpg_cfec8cb3,"{""candidate_id"": ""ddpg_cfec8cb3"", ""kwargs"": {""batch_size"": 128, ""buffer_size"": 10000, ""gamma"": 0.99, ""noise_sigma"": 0.3}, ""timesteps"": 10000, ""validation_days"": 126}",2014,126,5,0.13707754316786833,1104000.5856072675
4,ddpg,ddpg_cfec8cb3,"{""candidate_id"": ""ddpg_cfec8cb3"", ""kwargs"": {""batch_size"": 128, ""buffer_size"": 10000, ""gamma"": 0.99, ""noise_sigma"": 0.3}, ""timesteps"": 10000, ""validation_days"": 126}",2077,126,1,0.2196287143210908,1174837.3174458765
4,ddpg,ddpg_cfec8cb3,"{""candidate_id"": ""ddpg_cfec8cb3"", ""kwargs"": {""batch_size"": 128, ""buffer_size"": 10000, ""gamma"": 0.99, ""noise_sigma"": 0.3}, ""timesteps"": 10000, ""validation_days"": 126}",2077,126,2,0.12212563571390941,1084935.2850760326
4,ddpg,ddpg_cfec8cb3,"{""candidate_id"": ""ddpg_cfec8cb3"", ""kwargs"": {""batch_size"": 128, ""buffer_size"": 10000, ""gamma"": 0.99, ""noise_sigma"": 0.3}, ""timesteps"": 10000, ""validation_days"": 126}",2077,126,3,0.19902840137818534,1147606.2035500798
4,ddpg,ddpg_cfec8cb3,"{""candidate_id"": ""ddpg_cfec8cb3"", ""kwargs"": {""batch_size"": 128, ""buffer_size"": 10000, ""gamma"": 0.99, ""noise_sigma"": 0.3}, ""timesteps"": 10000, ""validation_days"": 126}",2077,126,4,0.21934596575319631,1160459.4392992128
4,ddpg,ddpg_cfec8cb3,"{""candidate_id"": ""ddpg_cfec8cb3"", ""kwargs"": {""batch_size"": 128, ""buffer_size"": 10000, ""gamma"": 0.99, ""noise_sigma"": 0.3}, ""timesteps"": 10000, ""validation_days"": 126}",2077,126,5,0.15784357531708004,1118075.9644916276
4,ddpg,ddpg_cfec8cb3,"{""candidate_id"": ""ddpg_cfec8cb3"", ""kwargs"": {""batch_size"": 128, ""buffer_size"": 10000, ""gamma"": 0.99, ""noise_sigma"": 0.3}, ""timesteps"": 10000, ""validation_days"": 126}",2140,126,1,0.18622281221534803,1103917.6049726447
4,ddpg,ddpg_cfec8cb3,"{""candidate_id"": ""ddpg_cfec8cb3"", ""kwargs"": {""batch_size"": 128, ""buffer_size"": 10000, ""gamma"": 0.99, ""noise_sigma"": 0.3}, ""timesteps"": 10000, ""validation_days"": 126}",2140,126,2,0.1565542284130647,1081407.4429567256
4,ddpg,ddpg_cfec8cb3,"{""candidate_id"": ""ddpg_cfec8cb3"", ""kwargs"": {""batch_size"": 128, ""buffer_size"": 10000, ""gamma"": 0.99, ""noise_sigma"": 0.3}, ""timesteps"": 10000, ""validation_days"": 126}",2140,126,3,0.11070716786536203,1058158.7270696806
4,ddpg,ddpg_cfec8cb3,"{""candidate_id"": ""ddpg_cfec8cb3"", ""kwargs"": {""batch_size"": 128, ""buffer_size"": 10000, ""gamma"": 0.99, ""noise_sigma"": 0.3}, ""timesteps"": 10000, ""validation_days"": 126}",2140,126,4,0.09634103433276621,1047892.5127316525
4,ddpg,ddpg_cfec8cb3,"{""candidate_id"": ""ddpg_cfec8cb3"", ""kwargs"": {""batch_size"": 128, ""buffer_size"": 10000, ""gamma"": 0.99, ""noise_sigma"": 0.3}, ""timesteps"": 10000, ""validation_days"": 126}",2140,126,5,0.016136190928956302,1004789.8701716438
5,a2c,a2c_aee7d73f,"{""candidate_id"": ""a2c_aee7d73f"", ""kwargs"": {""gamma"": 0.99}, ""timesteps"": 10000, ""validation_days"": 126}",2077,126,1,0.11658478320020851,1068748.5756500247
5,a2c,a2c_aee7d73f,"{""candidate_id"": ""a2c_aee7d73f"", ""kwargs"": {""gamma"": 0.99}, ""timesteps"": 10000, ""validation_days"": 126}",2077,126,2,0.19780061852081626,1136408.8224278712
5,a2c,a2c_aee7d73f,"{""candidate_id"": ""a2c_aee7d73f"", ""kwargs"": {""gamma"": 0.99}, ""timesteps"": 10000, ""validation_days"": 126}",2077,126,3,0.17768876754735086,1135109.2711905444
5,a2c,a2c_aee7d73f,"{""candidate_id"": ""a2c_aee7d73f"", ""kwargs"": {""gamma"": 0.99}, ""timesteps"": 10000, ""validation_days"": 126}",2077,126,4,0.16807134922440548,1145005.5728740583
5,a2c,a2c_aee7d73f,"{""candidate_id"": ""a2c_aee7d73f"", ""kwargs"": {""gamma"": 0.99}, ""timesteps"": 10000, ""validation_days"": 126}",2077,126,5,0.21449122143360727,1141709.9228379868
5,a2c,a2c_aee7d73f,"{""candidate_id"": ""a2c_aee7d73f"", ""kwargs"": {""gamma"": 0.99}, ""timesteps"": 10000, ""validation_days"": 126}",2140,126,1,0.14000954460217585,1070708.8147456183
5,a2c,a2c_aee7d73f,"{""candidate_id"": ""a2c_aee7d73f"", ""kwargs"": {""gamma"": 0.99}, ""timesteps"": 10000, ""validation_days"": 126}",2140,126,2,0.10819434837319207,1067394.435126052
5,a2c,a2c_aee7d73f,"{""candidate_id"": ""a2c_aee7d73f"", ""kwargs"": {""gamma"": 0.99}, ""timesteps"": 10000, ""validation_days"": 126}",2140,126,3,-0.036972227866145416,977432.1028641067
5,a2c,a2c_aee7d73f,"{""candidate_id"": ""a2c_aee7d73f"", ""kwargs"": {""gamma"": 0.99}, ""timesteps"": 10000, ""validation_days"": 126}",2140,126,4,0.28822597992041354,1175234.1750868405
5,a2c,a2c_aee7d73f,"{""candidate_id"": ""a2c_aee7d73f"", ""kwargs"": {""gamma"": 0.99}, ""timesteps"": 10000, ""validation_days"": 126}",2140,126,5,0.251838740506325,1142368.5877656671
5,a2c,a2c_aee7d73f,"{""candidate_id"": ""a2c_aee7d73f"", ""kwargs"": {""gamma"": 0.99}, ""timesteps"": 10000, ""validation_days"": 126}",2203,126,1,-0.18710720061135994,923607.6753294922
5,a2c,a2c_aee7d73f,"{""candidate_id"": ""a2c_aee7d73f"", ""kwargs"": {""gamma"": 0.99}, ""timesteps"": 10000, ""validation_days"": 126}",2203,126,2,0.06606880920290915,1034427.1978289731
5,a2c,a2c_aee7d73f,"{""candidate_id"": ""a2c_aee7d73f"", ""kwargs"": {""gamma"": 0.99}, ""timesteps"": 10000, ""validation_days"": 126}",2203,126,3,-0.14223422499584937,935532.5425751565
5,a2c,a2c_aee7d73f,"{""candidate_id"": ""a2c_aee7d73f"", ""kwargs"": {""gamma"": 0.99}, ""timesteps"": 10000, ""validation_days"": 126}",2203,126,4,-0.03126017819152484,982083.7339447269
5,a2c,a2c_aee7d73f,"{""candidate_id"": ""a2c_aee7d73f"", ""kwargs"": {""gamma"": 0.99}, ""timesteps"": 10000, ""validation_days"": 126}",2203,126,5,0.027894741658845132,1008893.0163713747
5,a2c,a2c_09f4a573,"{""candidate_id"": ""a2c_09f4a573"", ""kwargs"": {""gamma"": 0.99}, ""timesteps"": 30000, ""validation_days"": 126}",2077,126,1,0.16580863136121413,1105405.318049894
5,a2c,a2c_09f4a573,"{""candidate_id"": ""a2c_09f4a573"", ""kwargs"": {""gamma"": 0.99}, ""timesteps"": 30000, ""validation_days"": 126}",2077,126,2,0.1775416370447146,1112547.1511636279
5,a2c,a2c_09f4a573,"{""candidate_id"": ""a2c_09f4a573"", ""kwargs"": {""gamma"": 0.99}, ""timesteps"": 30000, ""validation_days"": 126}",2077,126,3,0.22076203036163414,1197713.5172553372
5,a2c,a2c_09f4a573,"{""candidate_id"": ""a2c_09f4a573"", ""kwargs"": {""gamma"": 0.99}, ""timesteps"": 30000, ""validation_days"": 126}",2077,126,4,0.16269494938240603,1123500.4449169864
5,a2c,a2c_09f4a573,"{""candidate_id"": ""a2c_09f4a573"", ""kwargs"": {""gamma"": 0.99}, ""timesteps"": 30000, ""validation_days"": 126}",2077,126,5,0.14376648070065826,1098775.8816742213
5,a2c,a2c_09f4a573,"{""candidate_id"": ""a2c_09f4a573"", ""kwargs"": {""gamma"": 0.99}, ""timesteps"": 30000, ""validation_days"": 126}",2140,126,1,0.08858227071829208,1041273.3382866498
5,a2c,a2c_09f4a573,"{""candidate_id"": ""a2c_09f4a573"", ""kwargs"": {""gamma"": 0.99}, ""timesteps"": 30000, ""validation_days"": 126}",2140,126,2,0.003586076608247544,997928.7988630289
5,a2c,a2c_09f4a573,"{""candidate_id"": ""a2c_09f4a573"", ""kwargs"": {""gamma"": 0.99}, ""timesteps"": 30000, ""validation_days"": 126}",2140,126,3,0.005550007967679053,999991.9659203757
5,a2c,a2c_09f4a573,"{""candidate_id"": ""a2c_09f4a573"", ""kwargs"": {""gamma"": 0.99}, ""timesteps"": 30000, ""validation_days"": 126}",2140,126,4,0.18246535107034417,1107549.4601895504
5,a2c,a2c_09f4a573,"{""candidate_id"": ""a2c_09f4a573"", ""kwargs"": {""gamma"": 0.99}, ""timesteps"": 30000, ""validation_days"": 126}",2140,126,5,0.1618327475355479,1083262.8536228836
5,a2c,a2c_09f4a573,"{""candidate_id"": ""a2c_09f4a573"", ""kwargs"": {""gamma"": 0.99}, ""timesteps"": 30000, ""validation_days"": 126}",2203,126,1,-0.09251673710187618,960262.1455445008
5,a2c,a2c_09f4a573,"{""candidate_id"": ""a2c_09f4a573"", ""kwargs"": {""gamma"": 0.99}, ""timesteps"": 30000, ""validation_days"": 126}",2203,126,2,0.006948057316298713,998933.3444480163
5,a2c,a2c_09f4a573,"{""candidate_id"": ""a2c_09f4a573"", ""kwargs"": {""gamma"": 0.99}, ""timesteps"": 30000, ""validation_days"": 126}",2203,126,3,-0.18959836094828697,896069.1738539927
5,a2c,a2c_09f4a573,"{""candidate_id"": ""a2c_09f4a573"", ""kwargs"": {""gamma"": 0.99}, ""timesteps"": 30000, ""validation_days"": 126}",2203,126,4,0.055632058039475074,1023268.3455353568
5,a2c,a2c_09f4a573,"{""candidate_id"": ""a2c_09f4a573"", ""kwargs"": {""gamma"": 0.99}, ""timesteps"": 30000, ""validation_days"": 126}",2203,126,5,0.08215018875277376,1034417.4671646025
5,ppo,ppo_020fdc27,"{""candidate_id"": ""ppo_020fdc27"", ""kwargs"": {""batch_size"": 64, ""ent_coef"": 0.005, ""gamma"": 0.99, ""n_steps"": 512}, ""timesteps"": 50000, ""validation_days"": 126}",2077,126,1,0.12408703863062352,1092968.0906924454
5,ppo,ppo_020fdc27,"{""candidate_id"": ""ppo_020fdc27"", ""kwargs"": {""batch_size"": 64, ""ent_coef"": 0.005, ""gamma"": 0.99, ""n_steps"": 512}, ""timesteps"": 50000, ""validation_days"": 126}",2077,126,2,0.09516538184824129,1056627.4604197019
5,ppo,ppo_020fdc27,"{""candidate_id"": ""ppo_020fdc27"", ""kwargs"": {""batch_size"": 64, ""ent_coef"": 0.005, ""gamma"": 0.99, ""n_steps"": 512}, ""timesteps"": 50000, ""validation_days"": 126}",2077,126,3,0.09242556045634494,1059376.6734328005
5,ppo,ppo_020fdc27,"{""candidate_id"": ""ppo_020fdc27"", ""kwargs"": {""batch_size"": 64, ""ent_coef"": 0.005, ""gamma"": 0.99, ""n_steps"": 512}, ""timesteps"": 50000, ""validation_days"": 126}",2077,126,4,0.18654531168884553,1129866.3264485276
5,ppo,ppo_020fdc27,"{""candidate_id"": ""ppo_020fdc27"", ""kwargs"": {""batch_size"": 64, ""ent_coef"": 0.005, ""gamma"": 0.99, ""n_steps"": 512}, ""timesteps"": 50000, ""validation_days"": 126}",2077,126,5,0.16978464088205492,1113920.6086610025
5,ppo,ppo_020fdc27,"{""candidate_id"": ""ppo_020fdc27"", ""kwargs"": {""batch_size"": 64, ""ent_coef"": 0.005, ""gamma"": 0.99, ""n_steps"": 512}, ""timesteps"": 50000, ""validation_days"": 126}",2140,126,1,0.11748232679546762,1060326.5611778195
5,ppo,ppo_020fdc27,"{""candidate_id"": ""ppo_020fdc27"", ""kwargs"": {""batch_size"": 64, ""ent_coef"": 0.005, ""gamma"": 0.99, ""n_steps"": 512}, ""timesteps"": 50000, ""validation_days"": 126}",2140,126,2,-0.007366901075957894,989943.5158705637
5,ppo,ppo_020fdc27,"{""candidate_id"": ""ppo_020fdc27"", ""kwargs"": {""batch_size"": 64, ""ent_coef"": 0.005, ""gamma"": 0.99, ""n_steps"": 512}, ""timesteps"": 50000, ""validation_days"": 126}",2140,126,3,-0.023372999120467676,983771.4394717248
5,ppo,ppo_020fdc27,"{""candidate_id"": ""ppo_020fdc27"", ""kwargs"": {""batch_size"": 64, ""ent_coef"": 0.005, ""gamma"": 0.99, ""n_steps"": 512}, ""timesteps"": 50000, ""validation_days"": 126}",2140,126,4,0.126674749848112,1063571.9602334383
5,ppo,ppo_020fdc27,"{""candidate_id"": ""ppo_020fdc27"", ""kwargs"": {""batch_size"": 64, ""ent_coef"": 0.005, ""gamma"": 0.99, ""n_steps"": 512}, ""timesteps"": 50000, ""validation_days"": 126}",2140,126,5,0.054861155962647415,1022044.9669386586
5,ppo,ppo_020fdc27,"{""candidate_id"": ""ppo_020fdc27"", ""kwargs"": {""batch_size"": 64, ""ent_coef"": 0.005, ""gamma"": 0.99, ""n_steps"": 512}, ""timesteps"": 50000, ""validation_days"": 126}",2203,126,1,-0.06573917934073405,963129.0020181934
5,ppo,ppo_020fdc27,"{""candidate_id"": ""ppo_020fdc27"", ""kwargs"": {""batch_size"": 64, ""ent_coef"": 0.005, ""gamma"": 0.99, ""n_steps"": 512}, ""timesteps"": 50000, ""validation_days"": 126}",2203,126,2,-0.03519831771307609,981511.980284555
5,ppo,ppo_020fdc27,"{""candidate_id"": ""ppo_020fdc27"", ""kwargs"": {""batch_size"": 64, ""ent_coef"": 0.005, ""gamma"": 0.99, ""n_steps"": 512}, ""timesteps"": 50000, ""validation_days"": 126}",2203,126,3,-0.05961461290725962,965709.0620351519
5,ppo,ppo_020fdc27,"{""candidate_id"": ""ppo_020fdc27"", ""kwargs"": {""batch_size"": 64, ""ent_coef"": 0.005, ""gamma"": 0.99, ""n_steps"": 512}, ""timesteps"": 50000, ""validation_days"": 126}",2203,126,4,-0.051366162093285685,974151.8629082402
5,ppo,ppo_020fdc27,"{""candidate_id"": ""ppo_020fdc27"", ""kwargs"": {""batch_size"": 64, ""ent_coef"": 0.005, ""gamma"": 0.99, ""n_steps"": 512}, ""timesteps"": 50000, ""validation_days"": 126}",2203,126,5,0.08160942456380683,1035121.6909926727
5,ppo,ppo_e4290e54,"{""candidate_id"": ""ppo_e4290e54"", ""kwargs"": {""batch_size"": 64, ""ent_coef"": 0.005, ""gamma"": 0.99, ""n_steps"": 512}, ""timesteps"": 100000, ""validation_days"": 126}",2077,126,1,0.2208791350202141,1201347.8281804128
5,ppo,ppo_e4290e54,"{""candidate_id"": ""ppo_e4290e54"", ""kwargs"": {""batch_size"": 64, ""ent_coef"": 0.005, ""gamma"": 0.99, ""n_steps"": 512}, ""timesteps"": 100000, ""validation_days"": 126}",2077,126,2,0.12856605213151875,1108565.4274694643
5,ppo,ppo_e4290e54,"{""candidate_id"": ""ppo_e4290e54"", ""kwargs"": {""batch_size"": 64, ""ent_coef"": 0.005, ""gamma"": 0.99, ""n_steps"": 512}, ""timesteps"": 100000, ""validation_days"": 126}",2077,126,3,0.1772895187201341,1116342.6850890769
5,ppo,ppo_e4290e54,"{""candidate_id"": ""ppo_e4290e54"", ""kwargs"": {""batch_size"": 64, ""ent_coef"": 0.005, ""gamma"": 0.99, ""n_steps"": 512}, ""timesteps"": 100000, ""validation_days"": 126}",2077,126,4,0.12291077543550513,1080014.6664213904
5,ppo,ppo_e4290e54,"{""candidate_id"": ""ppo_e4290e54"", ""kwargs"": {""batch_size"": 64, ""ent_coef"": 0.005, ""gamma"": 0.99, ""n_steps"": 512}, ""timesteps"": 100000, ""validation_days"": 126}",2077,126,5,0.2982901185986339,1232162.6774495188
5,ppo,ppo_e4290e54,"{""candidate_id"": ""ppo_e4290e54"", ""kwargs"": {""batch_size"": 64, ""ent_coef"": 0.005, ""gamma"": 0.99, ""n_steps"": 512}, ""timesteps"": 100000, ""validation_days"": 126}",2140,126,1,0.0904721527203791,1043479.4084413066
5,ppo,ppo_e4290e54,"{""candidate_id"": ""ppo_e4290e54"", ""kwargs"": {""batch_size"": 64, ""ent_coef"": 0.005, ""gamma"": 0.99, ""n_steps"": 512}, ""timesteps"": 100000, ""validation_days"": 126}",2140,126,2,-0.06326195450677959,957931.0337228198
5,ppo,ppo_e4290e54,"{""candidate_id"": ""ppo_e4290e54"", ""kwargs"": {""batch_size"": 64, ""ent_coef"": 0.005, ""gamma"": 0.99, ""n_steps"": 512}, ""timesteps"": 100000, ""validation_days"": 126}",2140,126,3,0.036610536295711114,1015665.788105597
5,ppo,ppo_e4290e54,"{""candidate_id"": ""ppo_e4290e54"", ""kwargs"": {""batch_size"": 64, ""ent_coef"": 0.005, ""gamma"": 0.99, ""n_steps"": 512}, ""timesteps"": 100000, ""validation_days"": 126}",2140,126,4,0.10221665197427575,1059278.2174406864
5,ppo,ppo_e4290e54,"{""candidate_id"": ""ppo_e4290e54"", ""kwargs"": {""batch_size"": 64, ""ent_coef"": 0.005, ""gamma"": 0.99, ""n_steps"": 512}, ""timesteps"": 100000, ""validation_days"": 126}",2140,126,5,0.13559993573947646,1064869.242693966
5,ppo,ppo_e4290e54,"{""candidate_id"": ""ppo_e4290e54"", ""kwargs"": {""batch_size"": 64, ""ent_coef"": 0.005, ""gamma"": 0.99, ""n_steps"": 512}, ""timesteps"": 100000, ""validation_days"": 126}",2203,126,1,-0.1565829479394237,926625.536392553
5,ppo,ppo_e4290e54,"{""candidate_id"": ""ppo_e4290e54"", ""kwargs"": {""batch_size"": 64, ""ent_coef"": 0.005, ""gamma"": 0.99, ""n_steps"": 512}, ""timesteps"": 100000, ""validation_days"": 126}",2203,126,2,-0.06074010729496568,972119.6563765851
5,ppo,ppo_e4290e54,"{""candidate_id"": ""ppo_e4290e54"", ""kwargs"": {""batch_size"": 64, ""ent_coef"": 0.005, ""gamma"": 0.99, ""n_steps"": 512}, ""timesteps"": 100000, ""validation_days"": 126}",2203,126,3,-0.037739559537744806,976512.210117228
5,ppo,ppo_e4290e54,"{""candidate_id"": ""ppo_e4290e54"", ""kwargs"": {""batch_size"": 64, ""ent_coef"": 0.005, ""gamma"": 0.99, ""n_steps"": 512}, ""timesteps"": 100000, ""validation_days"": 126}",2203,126,4,-0.041825223578150494,979163.0762397962
5,ppo,ppo_e4290e54,"{""candidate_id"": ""ppo_e4290e54"", ""kwargs"": {""batch_size"": 64, ""ent_coef"": 0.005, ""gamma"": 0.99, ""n_steps"": 512}, ""timesteps"": 100000, ""validation_days"": 126}",2203,126,5,0.059860862784886504,1026890.4005694473
5,ddpg,ddpg_db4c7149,"{""candidate_id"": ""ddpg_db4c7149"", ""kwargs"": {""batch_size"": 64, ""buffer_size"": 10000, ""gamma"": 0.99, ""noise_sigma"": 0.5}, ""timesteps"": 10000, ""validation_days"": 126}",2077,126,1,0.15173872329637692,1113979.8758726942
5,ddpg,ddpg_db4c7149,"{""candidate_id"": ""ddpg_db4c7149"", ""kwargs"": {""batch_size"": 64, ""buffer_size"": 10000, ""gamma"": 0.99, ""noise_sigma"": 0.5}, ""timesteps"": 10000, ""validation_days"": 126}",2077,126,2,0.12800197736086927,1089148.9576088134
5,ddpg,ddpg_db4c7149,"{""candidate_id"": ""ddpg_db4c7149"", ""kwargs"": {""batch_size"": 64, ""buffer_size"": 10000, ""gamma"": 0.99, ""noise_sigma"": 0.5}, ""timesteps"": 10000, ""validation_days"": 126}",2077,126,3,0.15192364111031664,1113583.108676868
5,ddpg,ddpg_db4c7149,"{""candidate_id"": ""ddpg_db4c7149"", ""kwargs"": {""batch_size"": 64, ""buffer_size"": 10000, ""gamma"": 0.99, ""noise_sigma"": 0.5}, ""timesteps"": 10000, ""validation_days"": 126}",2077,126,4,0.18513196097310664,1132092.5769850176
5,ddpg,ddpg_db4c7149,"{""candidate_id"": ""ddpg_db4c7149"", ""kwargs"": {""batch_size"": 64, ""buffer_size"": 10000, ""gamma"": 0.99, ""noise_sigma"": 0.5}, ""timesteps"": 10000, ""validation_days"": 126}",2077,126,5,0.17145987493002404,1124022.7998614255
5,ddpg,ddpg_db4c7149,"{""candidate_id"": ""ddpg_db4c7149"", ""kwargs"": {""batch_size"": 64, ""buffer_size"": 10000, ""gamma"": 0.99, ""noise_sigma"": 0.5}, ""timesteps"": 10000, ""validation_days"": 126}",2140,126,1,0.18670317853057256,1094060.0576292323
5,ddpg,ddpg_db4c7149,"{""candidate_id"": ""ddpg_db4c7149"", ""kwargs"": {""batch_size"": 64, ""buffer_size"": 10000, ""gamma"": 0.99, ""noise_sigma"": 0.5}, ""timesteps"": 10000, ""validation_days"": 126}",2140,126,2,0.1432364125653965,1067174.197527862
5,ddpg,ddpg_db4c7149,"{""candidate_id"": ""ddpg_db4c7149"", ""kwargs"": {""batch_size"": 64, ""buffer_size"": 10000, ""gamma"": 0.99, ""noise_sigma"": 0.5}, ""timesteps"": 10000, ""validation_days"": 126}",2140,126,3,0.1787474454506212,1090570.774031314
5,ddpg,ddpg_db4c7149,"{""candidate_id"": ""ddpg_db4c7149"", ""kwargs"": {""batch_size"": 64, ""buffer_size"": 10000, ""gamma"": 0.99, ""noise_sigma"": 0.5}, ""timesteps"": 10000, ""validation_days"": 126}",2140,126,4,0.11075257461876845,1058625.2479942008
5,ddpg,ddpg_db4c7149,"{""candidate_id"": ""ddpg_db4c7149"", ""kwargs"": {""batch_size"": 64, ""buffer_size"": 10000, ""gamma"": 0.99, ""noise_sigma"": 0.5}, ""timesteps"": 10000, ""validation_days"": 126}",2140,126,5,0.08360051111575276,1041070.0161953457
5,ddpg,ddpg_db4c7149,"{""candidate_id"": ""ddpg_db4c7149"", ""kwargs"": {""batch_size"": 64, ""buffer_size"": 10000, ""gamma"": 0.99, ""noise_sigma"": 0.5}, ""timesteps"": 10000, ""validation_days"": 126}",2203,126,1,0.029183798692914428,1010253.8122507448
5,ddpg,ddpg_db4c7149,"{""candidate_id"": ""ddpg_db4c7149"", ""kwargs"": {""batch_size"": 64, ""buffer_size"": 10000, ""gamma"": 0.99, ""noise_sigma"": 0.5}, ""timesteps"": 10000, ""validation_days"": 126}",2203,126,2,-0.02121812631149314,991128.3109638743
5,ddpg,ddpg_db4c7149,"{""candidate_id"": ""ddpg_db4c7149"", ""kwargs"": {""batch_size"": 64, ""buffer_size"": 10000, ""gamma"": 0.99, ""noise_sigma"": 0.5}, ""timesteps"": 10000, ""validation_days"": 126}",2203,126,3,0.023104663848338633,1006484.7566868969
5,ddpg,ddpg_db4c7149,"{""candidate_id"": ""ddpg_db4c7149"", ""kwargs"": {""batch_size"": 64, ""buffer_size"": 10000, ""gamma"": 0.99, ""noise_sigma"": 0.5}, ""timesteps"": 10000, ""validation_days"": 126}",2203,126,4,-0.010367341798238538,992345.316782963
5,ddpg,ddpg_db4c7149,"{""candidate_id"": ""ddpg_db4c7149"", ""kwargs"": {""batch_size"": 64, ""buffer_size"": 10000, ""gamma"": 0.99, ""noise_sigma"": 0.5}, ""timesteps"": 10000, ""validation_days"": 126}",2203,126,5,0.058971507390213916,1022888.7215817047
5,ddpg,ddpg_cfec8cb3,"{""candidate_id"": ""ddpg_cfec8cb3"", ""kwargs"": {""batch_size"": 128, ""buffer_size"": 10000, ""gamma"": 0.99, ""noise_sigma"": 0.3}, ""timesteps"": 10000, ""validation_days"": 126}",2077,126,1,0.2196287143210908,1174837.3174458765
5,ddpg,ddpg_cfec8cb3,"{""candidate_id"": ""ddpg_cfec8cb3"", ""kwargs"": {""batch_size"": 128, ""buffer_size"": 10000, ""gamma"": 0.99, ""noise_sigma"": 0.3}, ""timesteps"": 10000, ""validation_days"": 126}",2077,126,2,0.12212563571390941,1084935.2850760326
5,ddpg,ddpg_cfec8cb3,"{""candidate_id"": ""ddpg_cfec8cb3"", ""kwargs"": {""batch_size"": 128, ""buffer_size"": 10000, ""gamma"": 0.99, ""noise_sigma"": 0.3}, ""timesteps"": 10000, ""validation_days"": 126}",2077,126,3,0.19902840137818534,1147606.2035500798
5,ddpg,ddpg_cfec8cb3,"{""candidate_id"": ""ddpg_cfec8cb3"", ""kwargs"": {""batch_size"": 128, ""buffer_size"": 10000, ""gamma"": 0.99, ""noise_sigma"": 0.3}, ""timesteps"": 10000, ""validation_days"": 126}",2077,126,4,0.21934596575319631,1160459.4392992128
5,ddpg,ddpg_cfec8cb3,"{""candidate_id"": ""ddpg_cfec8cb3"", ""kwargs"": {""batch_size"": 128, ""buffer_size"": 10000, ""gamma"": 0.99, ""noise_sigma"": 0.3}, ""timesteps"": 10000, ""validation_days"": 126}",2077,126,5,0.15784357531708004,1118075.9644916276
5,ddpg,ddpg_cfec8cb3,"{""candidate_id"": ""ddpg_cfec8cb3"", ""kwargs"": {""batch_size"": 128, ""buffer_size"": 10000, ""gamma"": 0.99, ""noise_sigma"": 0.3}, ""timesteps"": 10000, ""validation_days"": 126}",2140,126,1,0.18622281221534803,1103917.6049726447
5,ddpg,ddpg_cfec8cb3,"{""candidate_id"": ""ddpg_cfec8cb3"", ""kwargs"": {""batch_size"": 128, ""buffer_size"": 10000, ""gamma"": 0.99, ""noise_sigma"": 0.3}, ""timesteps"": 10000, ""validation_days"": 126}",2140,126,2,0.1565542284130647,1081407.4429567256
5,ddpg,ddpg_cfec8cb3,"{""candidate_id"": ""ddpg_cfec8cb3"", ""kwargs"": {""batch_size"": 128, ""buffer_size"": 10000, ""gamma"": 0.99, ""noise_sigma"": 0.3}, ""timesteps"": 10000, ""validation_days"": 126}",2140,126,3,0.11070716786536203,1058158.7270696806
5,ddpg,ddpg_cfec8cb3,"{""candidate_id"": ""ddpg_cfec8cb3"", ""kwargs"": {""batch_size"": 128, ""buffer_size"": 10000, ""gamma"": 0.99, ""noise_sigma"": 0.3}, ""timesteps"": 10000, ""validation_days"": 126}",2140,126,4,0.09634103433276621,1047892.5127316525
5,ddpg,ddpg_cfec8cb3,"{""candidate_id"": ""ddpg_cfec8cb3"", ""kwargs"": {""batch_size"": 128, ""buffer_size"": 10000, ""gamma"": 0.99, ""noise_sigma"": 0.3}, ""timesteps"": 10000, ""validation_days"": 126}",2140,126,5,0.016136190928956302,1004789.8701716438
5,ddpg,ddpg_cfec8cb3,"{""candidate_id"": ""ddpg_cfec8cb3"", ""kwargs"": {""batch_size"": 128, ""buffer_size"": 10000, ""gamma"": 0.99, ""noise_sigma"": 0.3}, ""timesteps"": 10000, ""validation_days"": 126}",2203,126,1,0.035116832365524125,1011237.6181286632
5,ddpg,ddpg_cfec8cb3,"{""candidate_id"": ""ddpg_cfec8cb3"", ""kwargs"": {""batch_size"": 128, ""buffer_size"": 10000, ""gamma"": 0.99, ""noise_sigma"": 0.3}, ""timesteps"": 10000, ""validation_days"": 126}",2203,126,2,0.007444749903791065,1001598.2751387397
5,ddpg,ddpg_cfec8cb3,"{""candidate_id"": ""ddpg_cfec8cb3"", ""kwargs"": {""batch_size"": 128, ""buffer_size"": 10000, ""gamma"": 0.99, ""noise_sigma"": 0.3}, ""timesteps"": 10000, ""validation_days"": 126}",2203,126,3,0.0211122996390749,1005806.6732291577
5,ddpg,ddpg_cfec8cb3,"{""candidate_id"": ""ddpg_cfec8cb3"", ""kwargs"": {""batch_size"": 128, ""buffer_size"": 10000, ""gamma"": 0.99, ""noise_sigma"": 0.3}, ""timesteps"": 10000, ""validation_days"": 126}",2203,126,4,-0.08445716670537405,964760.1211523353
5,ddpg,ddpg_cfec8cb3,"{""candidate_id"": ""ddpg_cfec8cb3"", ""kwargs"": {""batch_size"": 128, ""buffer_size"": 10000, ""gamma"": 0.99, ""noise_sigma"": 0.3}, ""timesteps"": 10000, ""validation_days"": 126}",2203,126,5,0.026483142110491364,1008575.7327770925
6,a2c,a2c_aee7d73f,"{""candidate_id"": ""a2c_aee7d73f"", ""kwargs"": {""gamma"": 0.99}, ""timesteps"": 10000, ""validation_days"": 126}",2140,126,1,0.14000954460217585,1070708.8147456183
6,a2c,a2c_aee7d73f,"{""candidate_id"": ""a2c_aee7d73f"", ""kwargs"": {""gamma"": 0.99}, ""timesteps"": 10000, ""validation_days"": 126}",2140,126,2,0.10819434837319207,1067394.435126052
6,a2c,a2c_aee7d73f,"{""candidate_id"": ""a2c_aee7d73f"", ""kwargs"": {""gamma"": 0.99}, ""timesteps"": 10000, ""validation_days"": 126}",2140,126,3,-0.036972227866145416,977432.1028641067
6,a2c,a2c_aee7d73f,"{""candidate_id"": ""a2c_aee7d73f"", ""kwargs"": {""gamma"": 0.99}, ""timesteps"": 10000, ""validation_days"": 126}",2140,126,4,0.28822597992041354,1175234.1750868405
6,a2c,a2c_aee7d73f,"{""candidate_id"": ""a2c_aee7d73f"", ""kwargs"": {""gamma"": 0.99}, ""timesteps"": 10000, ""validation_days"": 126}",2140,126,5,0.251838740506325,1142368.5877656671
6,a2c,a2c_aee7d73f,"{""candidate_id"": ""a2c_aee7d73f"", ""kwargs"": {""gamma"": 0.99}, ""timesteps"": 10000, ""validation_days"": 126}",2203,126,1,-0.18710720061135994,923607.6753294922
6,a2c,a2c_aee7d73f,"{""candidate_id"": ""a2c_aee7d73f"", ""kwargs"": {""gamma"": 0.99}, ""timesteps"": 10000, ""validation_days"": 126}",2203,126,2,0.06606880920290915,1034427.1978289731
6,a2c,a2c_aee7d73f,"{""candidate_id"": ""a2c_aee7d73f"", ""kwargs"": {""gamma"": 0.99}, ""timesteps"": 10000, ""validation_days"": 126}",2203,126,3,-0.14223422499584937,935532.5425751565
6,a2c,a2c_aee7d73f,"{""candidate_id"": ""a2c_aee7d73f"", ""kwargs"": {""gamma"": 0.99}, ""timesteps"": 10000, ""validation_days"": 126}",2203,126,4,-0.03126017819152484,982083.7339447269
6,a2c,a2c_aee7d73f,"{""candidate_id"": ""a2c_aee7d73f"", ""kwargs"": {""gamma"": 0.99}, ""timesteps"": 10000, ""validation_days"": 126}",2203,126,5,0.027894741658845132,1008893.0163713747
6,a2c,a2c_aee7d73f,"{""candidate_id"": ""a2c_aee7d73f"", ""kwargs"": {""gamma"": 0.99}, ""timesteps"": 10000, ""validation_days"": 126}",2266,126,1,0.1377866870533638,1083399.2424000683
6,a2c,a2c_aee7d73f,"{""candidate_id"": ""a2c_aee7d73f"", ""kwargs"": {""gamma"": 0.99}, ""timesteps"": 10000, ""validation_days"": 126}",2266,126,2,0.2511214852162326,1140998.2075590563
6,a2c,a2c_aee7d73f,"{""candidate_id"": ""a2c_aee7d73f"", ""kwargs"": {""gamma"": 0.99}, ""timesteps"": 10000, ""validation_days"": 126}",2266,126,3,0.1632779530305233,1085621.0676823184
6,a2c,a2c_aee7d73f,"{""candidate_id"": ""a2c_aee7d73f"", ""kwargs"": {""gamma"": 0.99}, ""timesteps"": 10000, ""validation_days"": 126}",2266,126,4,0.13836275375684154,1058985.277554708
6,a2c,a2c_aee7d73f,"{""candidate_id"": ""a2c_aee7d73f"", ""kwargs"": {""gamma"": 0.99}, ""timesteps"": 10000, ""validation_days"": 126}",2266,126,5,0.3528599758265379,1163849.1842861483
6,a2c,a2c_09f4a573,"{""candidate_id"": ""a2c_09f4a573"", ""kwargs"": {""gamma"": 0.99}, ""timesteps"": 30000, ""validation_days"": 126}",2140,126,1,0.08858227071829208,1041273.3382866498
6,a2c,a2c_09f4a573,"{""candidate_id"": ""a2c_09f4a573"", ""kwargs"": {""gamma"": 0.99}, ""timesteps"": 30000, ""validation_days"": 126}",2140,126,2,0.003586076608247544,997928.7988630289
6,a2c,a2c_09f4a573,"{""candidate_id"": ""a2c_09f4a573"", ""kwargs"": {""gamma"": 0.99}, ""timesteps"": 30000, ""validation_days"": 126}",2140,126,3,0.005550007967679053,999991.9659203757
6,a2c,a2c_09f4a573,"{""candidate_id"": ""a2c_09f4a573"", ""kwargs"": {""gamma"": 0.99}, ""timesteps"": 30000, ""validation_days"": 126}",2140,126,4,0.18246535107034417,1107549.4601895504
6,a2c,a2c_09f4a573,"{""candidate_id"": ""a2c_09f4a573"", ""kwargs"": {""gamma"": 0.99}, ""timesteps"": 30000, ""validation_days"": 126}",2140,126,5,0.1618327475355479,1083262.8536228836
6,a2c,a2c_09f4a573,"{""candidate_id"": ""a2c_09f4a573"", ""kwargs"": {""gamma"": 0.99}, ""timesteps"": 30000, ""validation_days"": 126}",2203,126,1,-0.09251673710187618,960262.1455445008
6,a2c,a2c_09f4a573,"{""candidate_id"": ""a2c_09f4a573"", ""kwargs"": {""gamma"": 0.99}, ""timesteps"": 30000, ""validation_days"": 126}",2203,126,2,0.006948057316298713,998933.3444480163
6,a2c,a2c_09f4a573,"{""candidate_id"": ""a2c_09f4a573"", ""kwargs"": {""gamma"": 0.99}, ""timesteps"": 30000, ""validation_days"": 126}",2203,126,3,-0.18959836094828697,896069.1738539927
6,a2c,a2c_09f4a573,"{""candidate_id"": ""a2c_09f4a573"", ""kwargs"": {""gamma"": 0.99}, ""timesteps"": 30000, ""validation_days"": 126}",2203,126,4,0.055632058039475074,1023268.3455353568
6,a2c,a2c_09f4a573,"{""candidate_id"": ""a2c_09f4a573"", ""kwargs"": {""gamma"": 0.99}, ""timesteps"": 30000, ""validation_days"": 126}",2203,126,5,0.08215018875277376,1034417.4671646025
6,a2c,a2c_09f4a573,"{""candidate_id"": ""a2c_09f4a573"", ""kwargs"": {""gamma"": 0.99}, ""timesteps"": 30000, ""validation_days"": 126}",2266,126,1,0.1792453417495408,1089868.666504277
6,a2c,a2c_09f4a573,"{""candidate_id"": ""a2c_09f4a573"", ""kwargs"": {""gamma"": 0.99}, ""timesteps"": 30000, ""validation_days"": 126}",2266,126,2,0.14458533560979853,1067692.970834716
6,a2c,a2c_09f4a573,"{""candidate_id"": ""a2c_09f4a573"", ""kwargs"": {""gamma"": 0.99}, ""timesteps"": 30000, ""validation_days"": 126}",2266,126,3,0.10231830682638185,1043089.1540728587
6,a2c,a2c_09f4a573,"{""candidate_id"": ""a2c_09f4a573"", ""kwargs"": {""gamma"": 0.99}, ""timesteps"": 30000, ""validation_days"": 126}",2266,126,4,0.1685959641364454,1061675.8740628609
6,a2c,a2c_09f4a573,"{""candidate_id"": ""a2c_09f4a573"", ""kwargs"": {""gamma"": 0.99}, ""timesteps"": 30000, ""validation_days"": 126}",2266,126,5,0.276381112205874,1101879.3829583912
6,ppo,ppo_020fdc27,"{""candidate_id"": ""ppo_020fdc27"", ""kwargs"": {""batch_size"": 64, ""ent_coef"": 0.005, ""gamma"": 0.99, ""n_steps"": 512}, ""timesteps"": 50000, ""validation_days"": 126}",2140,126,1,0.11748232679546762,1060326.5611778195
6,ppo,ppo_020fdc27,"{""candidate_id"": ""ppo_020fdc27"", ""kwargs"": {""batch_size"": 64, ""ent_coef"": 0.005, ""gamma"": 0.99, ""n_steps"": 512}, ""timesteps"": 50000, ""validation_days"": 126}",2140,126,2,-0.007366901075957894,989943.5158705637
6,ppo,ppo_020fdc27,"{""candidate_id"": ""ppo_020fdc27"", ""kwargs"": {""batch_size"": 64, ""ent_coef"": 0.005, ""gamma"": 0.99, ""n_steps"": 512}, ""timesteps"": 50000, ""validation_days"": 126}",2140,126,3,-0.023372999120467676,983771.4394717248
6,ppo,ppo_020fdc27,"{""candidate_id"": ""ppo_020fdc27"", ""kwargs"": {""batch_size"": 64, ""ent_coef"": 0.005, ""gamma"": 0.99, ""n_steps"": 512}, ""timesteps"": 50000, ""validation_days"": 126}",2140,126,4,0.126674749848112,1063571.9602334383
6,ppo,ppo_020fdc27,"{""candidate_id"": ""ppo_020fdc27"", ""kwargs"": {""batch_size"": 64, ""ent_coef"": 0.005, ""gamma"": 0.99, ""n_steps"": 512}, ""timesteps"": 50000, ""validation_days"": 126}",2140,126,5,0.054861155962647415,1022044.9669386586
6,ppo,ppo_020fdc27,"{""candidate_id"": ""ppo_020fdc27"", ""kwargs"": {""batch_size"": 64, ""ent_coef"": 0.005, ""gamma"": 0.99, ""n_steps"": 512}, ""timesteps"": 50000, ""validation_days"": 126}",2203,126,1,-0.06573917934073405,963129.0020181934
6,ppo,ppo_020fdc27,"{""candidate_id"": ""ppo_020fdc27"", ""kwargs"": {""batch_size"": 64, ""ent_coef"": 0.005, ""gamma"": 0.99, ""n_steps"": 512}, ""timesteps"": 50000, ""validation_days"": 126}",2203,126,2,-0.03519831771307609,981511.980284555
6,ppo,ppo_020fdc27,"{""candidate_id"": ""ppo_020fdc27"", ""kwargs"": {""batch_size"": 64, ""ent_coef"": 0.005, ""gamma"": 0.99, ""n_steps"": 512}, ""timesteps"": 50000, ""validation_days"": 126}",2203,126,3,-0.05961461290725962,965709.0620351519
6,ppo,ppo_020fdc27,"{""candidate_id"": ""ppo_020fdc27"", ""kwargs"": {""batch_size"": 64, ""ent_coef"": 0.005, ""gamma"": 0.99, ""n_steps"": 512}, ""timesteps"": 50000, ""validation_days"": 126}",2203,126,4,-0.051366162093285685,974151.8629082402
6,ppo,ppo_020fdc27,"{""candidate_id"": ""ppo_020fdc27"", ""kwargs"": {""batch_size"": 64, ""ent_coef"": 0.005, ""gamma"": 0.99, ""n_steps"": 512}, ""timesteps"": 50000, ""validation_days"": 126}",2203,126,5,0.08160942456380683,1035121.6909926727
6,ppo,ppo_020fdc27,"{""candidate_id"": ""ppo_020fdc27"", ""kwargs"": {""batch_size"": 64, ""ent_coef"": 0.005, ""gamma"": 0.99, ""n_steps"": 512}, ""timesteps"": 50000, ""validation_days"": 126}",2266,126,1,0.20927435464274013,1104243.361331611
6,ppo,ppo_020fdc27,"{""candidate_id"": ""ppo_020fdc27"", ""kwargs"": {""batch_size"": 64, ""ent_coef"": 0.005, ""gamma"": 0.99, ""n_steps"": 512}, ""timesteps"": 50000, ""validation_days"": 126}",2266,126,2,0.2604834891879738,1109014.0029370966
6,ppo,ppo_020fdc27,"{""candidate_id"": ""ppo_020fdc27"", ""kwargs"": {""batch_size"": 64, ""ent_coef"": 0.005, ""gamma"": 0.99, ""n_steps"": 512}, ""timesteps"": 50000, ""validation_days"": 126}",2266,126,3,0.13794816929431447,1072212.5945713497
6,ppo,ppo_020fdc27,"{""candidate_id"": ""ppo_020fdc27"", ""kwargs"": {""batch_size"": 64, ""ent_coef"": 0.005, ""gamma"": 0.99, ""n_steps"": 512}, ""timesteps"": 50000, ""validation_days"": 126}",2266,126,4,0.2629189279769277,1102486.8594463859
6,ppo,ppo_020fdc27,"{""candidate_id"": ""ppo_020fdc27"", ""kwargs"": {""batch_size"": 64, ""ent_coef"": 0.005, ""gamma"": 0.99, ""n_steps"": 512}, ""timesteps"": 50000, ""validation_days"": 126}",2266,126,5,0.22528506697746967,1087453.1680317223
6,ppo,ppo_e4290e54,"{""candidate_id"": ""ppo_e4290e54"", ""kwargs"": {""batch_size"": 64, ""ent_coef"": 0.005, ""gamma"": 0.99, ""n_steps"": 512}, ""timesteps"": 100000, ""validation_days"": 126}",2140,126,1,0.0904721527203791,1043479.4084413066
6,ppo,ppo_e4290e54,"{""candidate_id"": ""ppo_e4290e54"", ""kwargs"": {""batch_size"": 64, ""ent_coef"": 0.005, ""gamma"": 0.99, ""n_steps"": 512}, ""timesteps"": 100000, ""validation_days"": 126}",2140,126,2,-0.06326195450677959,957931.0337228198
6,ppo,ppo_e4290e54,"{""candidate_id"": ""ppo_e4290e54"", ""kwargs"": {""batch_size"": 64, ""ent_coef"": 0.005, ""gamma"": 0.99, ""n_steps"": 512}, ""timesteps"": 100000, ""validation_days"": 126}",2140,126,3,0.036610536295711114,1015665.788105597
6,ppo,ppo_e4290e54,"{""candidate_id"": ""ppo_e4290e54"", ""kwargs"": {""batch_size"": 64, ""ent_coef"": 0.005, ""gamma"": 0.99, ""n_steps"": 512}, ""timesteps"": 100000, ""validation_days"": 126}",2140,126,4,0.10221665197427575,1059278.2174406864
6,ppo,ppo_e4290e54,"{""candidate_id"": ""ppo_e4290e54"", ""kwargs"": {""batch_size"": 64, ""ent_coef"": 0.005, ""gamma"": 0.99, ""n_steps"": 512}, ""timesteps"": 100000, ""validation_days"": 126}",2140,126,5,0.13559993573947646,1064869.242693966
6,ppo,ppo_e4290e54,"{""candidate_id"": ""ppo_e4290e54"", ""kwargs"": {""batch_size"": 64, ""ent_coef"": 0.005, ""gamma"": 0.99, ""n_steps"": 512}, ""timesteps"": 100000, ""validation_days"": 126}",2203,126,1,-0.1565829479394237,926625.536392553
6,ppo,ppo_e4290e54,"{""candidate_id"": ""ppo_e4290e54"", ""kwargs"": {""batch_size"": 64, ""ent_coef"": 0.005, ""gamma"": 0.99, ""n_steps"": 512}, ""timesteps"": 100000, ""validation_days"": 126}",2203,126,2,-0.06074010729496568,972119.6563765851
6,ppo,ppo_e4290e54,"{""candidate_id"": ""ppo_e4290e54"", ""kwargs"": {""batch_size"": 64, ""ent_coef"": 0.005, ""gamma"": 0.99, ""n_steps"": 512}, ""timesteps"": 100000, ""validation_days"": 126}",2203,126,3,-0.037739559537744806,976512.210117228
6,ppo,ppo_e4290e54,"{""candidate_id"": ""ppo_e4290e54"", ""kwargs"": {""batch_size"": 64, ""ent_coef"": 0.005, ""gamma"": 0.99, ""n_steps"": 512}, ""timesteps"": 100000, ""validation_days"": 126}",2203,126,4,-0.041825223578150494,979163.0762397962
6,ppo,ppo_e4290e54,"{""candidate_id"": ""ppo_e4290e54"", ""kwargs"": {""batch_size"": 64, ""ent_coef"": 0.005, ""gamma"": 0.99, ""n_steps"": 512}, ""timesteps"": 100000, ""validation_days"": 126}",2203,126,5,0.059860862784886504,1026890.4005694473
6,ppo,ppo_e4290e54,"{""candidate_id"": ""ppo_e4290e54"", ""kwargs"": {""batch_size"": 64, ""ent_coef"": 0.005, ""gamma"": 0.99, ""n_steps"": 512}, ""timesteps"": 100000, ""validation_days"": 126}",2266,126,1,0.234363311370709,1096149.5614875434
6,ppo,ppo_e4290e54,"{""candidate_id"": ""ppo_e4290e54"", ""kwargs"": {""batch_size"": 64, ""ent_coef"": 0.005, ""gamma"": 0.99, ""n_steps"": 512}, ""timesteps"": 100000, ""validation_days"": 126}",2266,126,2,0.221947476635852,1116879.2040192636
6,ppo,ppo_e4290e54,"{""candidate_id"": ""ppo_e4290e54"", ""kwargs"": {""batch_size"": 64, ""ent_coef"": 0.005, ""gamma"": 0.99, ""n_steps"": 512}, ""timesteps"": 100000, ""validation_days"": 126}",2266,126,3,0.1009930539392356,1044146.3568940663
6,ppo,ppo_e4290e54,"{""candidate_id"": ""ppo_e4290e54"", ""kwargs"": {""batch_size"": 64, ""ent_coef"": 0.005, ""gamma"": 0.99, ""n_steps"": 512}, ""timesteps"": 100000, ""validation_days"": 126}",2266,126,4,0.2234079937352562,1105590.1356067355
6,ppo,ppo_e4290e54,"{""candidate_id"": ""ppo_e4290e54"", ""kwargs"": {""batch_size"": 64, ""ent_coef"": 0.005, ""gamma"": 0.99, ""n_steps"": 512}, ""timesteps"": 100000, ""validation_days"": 126}",2266,126,5,0.20474439517273335,1082295.3991428553
6,ddpg,ddpg_db4c7149,"{""candidate_id"": ""ddpg_db4c7149"", ""kwargs"": {""batch_size"": 64, ""buffer_size"": 10000, ""gamma"": 0.99, ""noise_sigma"": 0.5}, ""timesteps"": 10000, ""validation_days"": 126}",2140,126,1,0.18670317853057256,1094060.0576292323
6,ddpg,ddpg_db4c7149,"{""candidate_id"": ""ddpg_db4c7149"", ""kwargs"": {""batch_size"": 64, ""buffer_size"": 10000, ""gamma"": 0.99, ""noise_sigma"": 0.5}, ""timesteps"": 10000, ""validation_days"": 126}",2140,126,2,0.1432364125653965,1067174.197527862
6,ddpg,ddpg_db4c7149,"{""candidate_id"": ""ddpg_db4c7149"", ""kwargs"": {""batch_size"": 64, ""buffer_size"": 10000, ""gamma"": 0.99, ""noise_sigma"": 0.5}, ""timesteps"": 10000, ""validation_days"": 126}",2140,126,3,0.1787474454506212,1090570.774031314
6,ddpg,ddpg_db4c7149,"{""candidate_id"": ""ddpg_db4c7149"", ""kwargs"": {""batch_size"": 64, ""buffer_size"": 10000, ""gamma"": 0.99, ""noise_sigma"": 0.5}, ""timesteps"": 10000, ""validation_days"": 126}",2140,126,4,0.11075257461876845,1058625.2479942008
6,ddpg,ddpg_db4c7149,"{""candidate_id"": ""ddpg_db4c7149"", ""kwargs"": {""batch_size"": 64, ""buffer_size"": 10000, ""gamma"": 0.99, ""noise_sigma"": 0.5}, ""timesteps"": 10000, ""validation_days"": 126}",2140,126,5,0.08360051111575276,1041070.0161953457
6,ddpg,ddpg_db4c7149,"{""candidate_id"": ""ddpg_db4c7149"", ""kwargs"": {""batch_size"": 64, ""buffer_size"": 10000, ""gamma"": 0.99, ""noise_sigma"": 0.5}, ""timesteps"": 10000, ""validation_days"": 126}",2203,126,1,0.029183798692914428,1010253.8122507448
6,ddpg,ddpg_db4c7149,"{""candidate_id"": ""ddpg_db4c7149"", ""kwargs"": {""batch_size"": 64, ""buffer_size"": 10000, ""gamma"": 0.99, ""noise_sigma"": 0.5}, ""timesteps"": 10000, ""validation_days"": 126}",2203,126,2,-0.02121812631149314,991128.3109638743
6,ddpg,ddpg_db4c7149,"{""candidate_id"": ""ddpg_db4c7149"", ""kwargs"": {""batch_size"": 64, ""buffer_size"": 10000, ""gamma"": 0.99, ""noise_sigma"": 0.5}, ""timesteps"": 10000, ""validation_days"": 126}",2203,126,3,0.023104663848338633,1006484.7566868969
6,ddpg,ddpg_db4c7149,"{""candidate_id"": ""ddpg_db4c7149"", ""kwargs"": {""batch_size"": 64, ""buffer_size"": 10000, ""gamma"": 0.99, ""noise_sigma"": 0.5}, ""timesteps"": 10000, ""validation_days"": 126}",2203,126,4,-0.010367341798238538,992345.316782963
6,ddpg,ddpg_db4c7149,"{""candidate_id"": ""ddpg_db4c7149"", ""kwargs"": {""batch_size"": 64, ""buffer_size"": 10000, ""gamma"": 0.99, ""noise_sigma"": 0.5}, ""timesteps"": 10000, ""validation_days"": 126}",2203,126,5,0.058971507390213916,1022888.7215817047
6,ddpg,ddpg_db4c7149,"{""candidate_id"": ""ddpg_db4c7149"", ""kwargs"": {""batch_size"": 64, ""buffer_size"": 10000, ""gamma"": 0.99, ""noise_sigma"": 0.5}, ""timesteps"": 10000, ""validation_days"": 126}",2266,126,1,0.3175037543099429,1129337.797104006
6,ddpg,ddpg_db4c7149,"{""candidate_id"": ""ddpg_db4c7149"", ""kwargs"": {""batch_size"": 64, ""buffer_size"": 10000, ""gamma"": 0.99, ""noise_sigma"": 0.5}, ""timesteps"": 10000, ""validation_days"": 126}",2266,126,2,0.34875896316426347,1133371.566092319
6,ddpg,ddpg_db4c7149,"{""candidate_id"": ""ddpg_db4c7149"", ""kwargs"": {""batch_size"": 64, ""buffer_size"": 10000, ""gamma"": 0.99, ""noise_sigma"": 0.5}, ""timesteps"": 10000, ""validation_days"": 126}",2266,126,3,0.29129479450338674,1129370.4452109523
6,ddpg,ddpg_db4c7149,"{""candidate_id"": ""ddpg_db4c7149"", ""kwargs"": {""batch_size"": 64, ""buffer_size"": 10000, ""gamma"": 0.99, ""noise_sigma"": 0.5}, ""timesteps"": 10000, ""validation_days"": 126}",2266,126,4,0.24001986718991108,1097062.205699994
6,ddpg,ddpg_db4c7149,"{""candidate_id"": ""ddpg_db4c7149"", ""kwargs"": {""batch_size"": 64, ""buffer_size"": 10000, ""gamma"": 0.99, ""noise_sigma"": 0.5}, ""timesteps"": 10000, ""validation_days"": 126}",2266,126,5,0.20823743409048634,1102196.942517763
6,ddpg,ddpg_cfec8cb3,"{""candidate_id"": ""ddpg_cfec8cb3"", ""kwargs"": {""batch_size"": 128, ""buffer_size"": 10000, ""gamma"": 0.99, ""noise_sigma"": 0.3}, ""timesteps"": 10000, ""validation_days"": 126}",2140,126,1,0.18622281221534803,1103917.6049726447
6,ddpg,ddpg_cfec8cb3,"{""candidate_id"": ""ddpg_cfec8cb3"", ""kwargs"": {""batch_size"": 128, ""buffer_size"": 10000, ""gamma"": 0.99, ""noise_sigma"": 0.3}, ""timesteps"": 10000, ""validation_days"": 126}",2140,126,2,0.1565542284130647,1081407.4429567256
6,ddpg,ddpg_cfec8cb3,"{""candidate_id"": ""ddpg_cfec8cb3"", ""kwargs"": {""batch_size"": 128, ""buffer_size"": 10000, ""gamma"": 0.99, ""noise_sigma"": 0.3}, ""timesteps"": 10000, ""validation_days"": 126}",2140,126,3,0.11070716786536203,1058158.7270696806
6,ddpg,ddpg_cfec8cb3,"{""candidate_id"": ""ddpg_cfec8cb3"", ""kwargs"": {""batch_size"": 128, ""buffer_size"": 10000, ""gamma"": 0.99, ""noise_sigma"": 0.3}, ""timesteps"": 10000, ""validation_days"": 126}",2140,126,4,0.09634103433276621,1047892.5127316525
6,ddpg,ddpg_cfec8cb3,"{""candidate_id"": ""ddpg_cfec8cb3"", ""kwargs"": {""batch_size"": 128, ""buffer_size"": 10000, ""gamma"": 0.99, ""noise_sigma"": 0.3}, ""timesteps"": 10000, ""validation_days"": 126}",2140,126,5,0.016136190928956302,1004789.8701716438
6,ddpg,ddpg_cfec8cb3,"{""candidate_id"": ""ddpg_cfec8cb3"", ""kwargs"": {""batch_size"": 128, ""buffer_size"": 10000, ""gamma"": 0.99, ""noise_sigma"": 0.3}, ""timesteps"": 10000, ""validation_days"": 126}",2203,126,1,0.035116832365524125,1011237.6181286632
6,ddpg,ddpg_cfec8cb3,"{""candidate_id"": ""ddpg_cfec8cb3"", ""kwargs"": {""batch_size"": 128, ""buffer_size"": 10000, ""gamma"": 0.99, ""noise_sigma"": 0.3}, ""timesteps"": 10000, ""validation_days"": 126}",2203,126,2,0.007444749903791065,1001598.2751387397
6,ddpg,ddpg_cfec8cb3,"{""candidate_id"": ""ddpg_cfec8cb3"", ""kwargs"": {""batch_size"": 128, ""buffer_size"": 10000, ""gamma"": 0.99, ""noise_sigma"": 0.3}, ""timesteps"": 10000, ""validation_days"": 126}",2203,126,3,0.0211122996390749,1005806.6732291577
6,ddpg,ddpg_cfec8cb3,"{""candidate_id"": ""ddpg_cfec8cb3"", ""kwargs"": {""batch_size"": 128, ""buffer_size"": 10000, ""gamma"": 0.99, ""noise_sigma"": 0.3}, ""timesteps"": 10000, ""validation_days"": 126}",2203,126,4,-0.08445716670537405,964760.1211523353
6,ddpg,ddpg_cfec8cb3,"{""candidate_id"": ""ddpg_cfec8cb3"", ""kwargs"": {""batch_size"": 128, ""buffer_size"": 10000, ""gamma"": 0.99, ""noise_sigma"": 0.3}, ""timesteps"": 10000, ""validation_days"": 126}",2203,126,5,0.026483142110491364,1008575.7327770925
6,ddpg,ddpg_cfec8cb3,"{""candidate_id"": ""ddpg_cfec8cb3"", ""kwargs"": {""batch_size"": 128, ""buffer_size"": 10000, ""gamma"": 0.99, ""noise_sigma"": 0.3}, ""timesteps"": 10000, ""validation_days"": 126}",2266,126,1,0.26753467234663986,1121847.1357262367
6,ddpg,ddpg_cfec8cb3,"{""candidate_id"": ""ddpg_cfec8cb3"", ""kwargs"": {""batch_size"": 128, ""buffer_size"": 10000, ""gamma"": 0.99, ""noise_sigma"": 0.3}, ""timesteps"": 10000, ""validation_days"": 126}",2266,126,2,0.3283870565538951,1132074.3384589287
6,ddpg,ddpg_cfec8cb3,"{""candidate_id"": ""ddpg_cfec8cb3"", ""kwargs"": {""batch_size"": 128, ""buffer_size"": 10000, ""gamma"": 0.99, ""noise_sigma"": 0.3}, ""timesteps"": 10000, ""validation_days"": 126}",2266,126,3,0.2538642982750141,1108397.37680022
6,ddpg,ddpg_cfec8cb3,"{""candidate_id"": ""ddpg_cfec8cb3"", ""kwargs"": {""batch_size"": 128, ""buffer_size"": 10000, ""gamma"": 0.99, ""noise_sigma"": 0.3}, ""timesteps"": 10000, ""validation_days"": 126}",2266,126,4,0.24472542726563562,1094960.2589576778
6,ddpg,ddpg_cfec8cb3,"{""candidate_id"": ""ddpg_cfec8cb3"", ""kwargs"": {""batch_size"": 128, ""buffer_size"": 10000, ""gamma"": 0.99, ""noise_sigma"": 0.3}, ""timesteps"": 10000, ""validation_days"": 126}",2266,126,5,0.2690361529216449,1115515.868383543
7,a2c,a2c_aee7d73f,"{""candidate_id"": ""a2c_aee7d73f"", ""kwargs"": {""gamma"": 0.99}, ""timesteps"": 10000, ""validation_days"": 126}",2203,126,1,-0.18710720061135994,923607.6753294922
7,a2c,a2c_aee7d73f,"{""candidate_id"": ""a2c_aee7d73f"", ""kwargs"": {""gamma"": 0.99}, ""timesteps"": 10000, ""validation_days"": 126}",2203,126,2,0.06606880920290915,1034427.1978289731
7,a2c,a2c_aee7d73f,"{""candidate_id"": ""a2c_aee7d73f"", ""kwargs"": {""gamma"": 0.99}, ""timesteps"": 10000, ""validation_days"": 126}",2203,126,3,-0.14223422499584937,935532.5425751565
7,a2c,a2c_aee7d73f,"{""candidate_id"": ""a2c_aee7d73f"", ""kwargs"": {""gamma"": 0.99}, ""timesteps"": 10000, ""validation_days"": 126}",2203,126,4,-0.03126017819152484,982083.7339447269
7,a2c,a2c_aee7d73f,"{""candidate_id"": ""a2c_aee7d73f"", ""kwargs"": {""gamma"": 0.99}, ""timesteps"": 10000, ""validation_days"": 126}",2203,126,5,0.027894741658845132,1008893.0163713747
7,a2c,a2c_aee7d73f,"{""candidate_id"": ""a2c_aee7d73f"", ""kwargs"": {""gamma"": 0.99}, ""timesteps"": 10000, ""validation_days"": 126}",2266,126,1,0.1377866870533638,1083399.2424000683
7,a2c,a2c_aee7d73f,"{""candidate_id"": ""a2c_aee7d73f"", ""kwargs"": {""gamma"": 0.99}, ""timesteps"": 10000, ""validation_days"": 126}",2266,126,2,0.2511214852162326,1140998.2075590563
7,a2c,a2c_aee7d73f,"{""candidate_id"": ""a2c_aee7d73f"", ""kwargs"": {""gamma"": 0.99}, ""timesteps"": 10000, ""validation_days"": 126}",2266,126,3,0.1632779530305233,1085621.0676823184
7,a2c,a2c_aee7d73f,"{""candidate_id"": ""a2c_aee7d73f"", ""kwargs"": {""gamma"": 0.99}, ""timesteps"": 10000, ""validation_days"": 126}",2266,126,4,0.13836275375684154,1058985.277554708
7,a2c,a2c_aee7d73f,"{""candidate_id"": ""a2c_aee7d73f"", ""kwargs"": {""gamma"": 0.99}, ""timesteps"": 10000, ""validation_days"": 126}",2266,126,5,0.3528599758265379,1163849.1842861483
7,a2c,a2c_aee7d73f,"{""candidate_id"": ""a2c_aee7d73f"", ""kwargs"": {""gamma"": 0.99}, ""timesteps"": 10000, ""validation_days"": 126}",2329,126,1,0.45079797568486885,1217816.1153211123
7,a2c,a2c_aee7d73f,"{""candidate_id"": ""a2c_aee7d73f"", ""kwargs"": {""gamma"": 0.99}, ""timesteps"": 10000, ""validation_days"": 126}",2329,126,2,0.37814541100151483,1179437.9824111895
7,a2c,a2c_aee7d73f,"{""candidate_id"": ""a2c_aee7d73f"", ""kwargs"": {""gamma"": 0.99}, ""timesteps"": 10000, ""validation_days"": 126}",2329,126,3,0.325353848311102,1174830.461198744
7,a2c,a2c_aee7d73f,"{""candidate_id"": ""a2c_aee7d73f"", ""kwargs"": {""gamma"": 0.99}, ""timesteps"": 10000, ""validation_days"": 126}",2329,126,4,0.4515679337946333,1212611.2170359122
7,a2c,a2c_aee7d73f,"{""candidate_id"": ""a2c_aee7d73f"", ""kwargs"": {""gamma"": 0.99}, ""timesteps"": 10000, ""validation_days"": 126}",2329,126,5,0.4626087676288584,1223733.481849356
7,a2c,a2c_09f4a573,"{""candidate_id"": ""a2c_09f4a573"", ""kwargs"": {""gamma"": 0.99}, ""timesteps"": 30000, ""validation_days"": 126}",2203,126,1,-0.09251673710187618,960262.1455445008
7,a2c,a2c_09f4a573,"{""candidate_id"": ""a2c_09f4a573"", ""kwargs"": {""gamma"": 0.99}, ""timesteps"": 30000, ""validation_days"": 126}",2203,126,2,0.006948057316298713,998933.3444480163
7,a2c,a2c_09f4a573,"{""candidate_id"": ""a2c_09f4a573"", ""kwargs"": {""gamma"": 0.99}, ""timesteps"": 30000, ""validation_days"": 126}",2203,126,3,-0.18959836094828697,896069.1738539927
7,a2c,a2c_09f4a573,"{""candidate_id"": ""a2c_09f4a573"", ""kwargs"": {""gamma"": 0.99}, ""timesteps"": 30000, ""validation_days"": 126}",2203,126,4,0.055632058039475074,1023268.3455353568
7,a2c,a2c_09f4a573,"{""candidate_id"": ""a2c_09f4a573"", ""kwargs"": {""gamma"": 0.99}, ""timesteps"": 30000, ""validation_days"": 126}",2203,126,5,0.08215018875277376,1034417.4671646025
7,a2c,a2c_09f4a573,"{""candidate_id"": ""a2c_09f4a573"", ""kwargs"": {""gamma"": 0.99}, ""timesteps"": 30000, ""validation_days"": 126}",2266,126,1,0.1792453417495408,1089868.666504277
7,a2c,a2c_09f4a573,"{""candidate_id"": ""a2c_09f4a573"", ""kwargs"": {""gamma"": 0.99}, ""timesteps"": 30000, ""validation_days"": 126}",2266,126,2,0.14458533560979853,1067692.970834716
7,a2c,a2c_09f4a573,"{""candidate_id"": ""a2c_09f4a573"", ""kwargs"": {""gamma"": 0.99}, ""timesteps"": 30000, ""validation_days"": 126}",2266,126,3,0.10231830682638185,1043089.1540728587
7,a2c,a2c_09f4a573,"{""candidate_id"": ""a2c_09f4a573"", ""kwargs"": {""gamma"": 0.99}, ""timesteps"": 30000, ""validation_days"": 126}",2266,126,4,0.1685959641364454,1061675.8740628609
7,a2c,a2c_09f4a573,"{""candidate_id"": ""a2c_09f4a573"", ""kwargs"": {""gamma"": 0.99}, ""timesteps"": 30000, ""validation_days"": 126}",2266,126,5,0.276381112205874,1101879.3829583912
7,a2c,a2c_09f4a573,"{""candidate_id"": ""a2c_09f4a573"", ""kwargs"": {""gamma"": 0.99}, ""timesteps"": 30000, ""validation_days"": 126}",2329,126,1,0.35690871271971625,1160658.4509744095
7,a2c,a2c_09f4a573,"{""candidate_id"": ""a2c_09f4a573"", ""kwargs"": {""gamma"": 0.99}, ""timesteps"": 30000, ""validation_days"": 126}",2329,126,2,0.36185804084475337,1167464.7963967547
7,a2c,a2c_09f4a573,"{""candidate_id"": ""a2c_09f4a573"", ""kwargs"": {""gamma"": 0.99}, ""timesteps"": 30000, ""validation_days"": 126}",2329,126,3,0.46946760356875883,1203314.1604194895
7,a2c,a2c_09f4a573,"{""candidate_id"": ""a2c_09f4a573"", ""kwargs"": {""gamma"": 0.99}, ""timesteps"": 30000, ""validation_days"": 126}",2329,126,4,0.49257305444293925,1254387.985989092
7,a2c,a2c_09f4a573,"{""candidate_id"": ""a2c_09f4a573"", ""kwargs"": {""gamma"": 0.99}, ""timesteps"": 30000, ""validation_days"": 126}",2329,126,5,0.4607436486862495,1187278.5578548315
7,ppo,ppo_020fdc27,"{""candidate_id"": ""ppo_020fdc27"", ""kwargs"": {""batch_size"": 64, ""ent_coef"": 0.005, ""gamma"": 0.99, ""n_steps"": 512}, ""timesteps"": 50000, ""validation_days"": 126}",2203,126,1,-0.06573917934073405,963129.0020181934
7,ppo,ppo_020fdc27,"{""candidate_id"": ""ppo_020fdc27"", ""kwargs"": {""batch_size"": 64, ""ent_coef"": 0.005, ""gamma"": 0.99, ""n_steps"": 512}, ""timesteps"": 50000, ""validation_days"": 126}",2203,126,2,-0.03519831771307609,981511.980284555
7,ppo,ppo_020fdc27,"{""candidate_id"": ""ppo_020fdc27"", ""kwargs"": {""batch_size"": 64, ""ent_coef"": 0.005, ""gamma"": 0.99, ""n_steps"": 512}, ""timesteps"": 50000, ""validation_days"": 126}",2203,126,3,-0.05961461290725962,965709.0620351519
7,ppo,ppo_020fdc27,"{""candidate_id"": ""ppo_020fdc27"", ""kwargs"": {""batch_size"": 64, ""ent_coef"": 0.005, ""gamma"": 0.99, ""n_steps"": 512}, ""timesteps"": 50000, ""validation_days"": 126}",2203,126,4,-0.051366162093285685,974151.8629082402
7,ppo,ppo_020fdc27,"{""candidate_id"": ""ppo_020fdc27"", ""kwargs"": {""batch_size"": 64, ""ent_coef"": 0.005, ""gamma"": 0.99, ""n_steps"": 512}, ""timesteps"": 50000, ""validation_days"": 126}",2203,126,5,0.08160942456380683,1035121.6909926727
7,ppo,ppo_020fdc27,"{""candidate_id"": ""ppo_020fdc27"", ""kwargs"": {""batch_size"": 64, ""ent_coef"": 0.005, ""gamma"": 0.99, ""n_steps"": 512}, ""timesteps"": 50000, ""validation_days"": 126}",2266,126,1,0.20927435464274013,1104243.361331611
7,ppo,ppo_020fdc27,"{""candidate_id"": ""ppo_020fdc27"", ""kwargs"": {""batch_size"": 64, ""ent_coef"": 0.005, ""gamma"": 0.99, ""n_steps"": 512}, ""timesteps"": 50000, ""validation_days"": 126}",2266,126,2,0.2604834891879738,1109014.0029370966
7,ppo,ppo_020fdc27,"{""candidate_id"": ""ppo_020fdc27"", ""kwargs"": {""batch_size"": 64, ""ent_coef"": 0.005, ""gamma"": 0.99, ""n_steps"": 512}, ""timesteps"": 50000, ""validation_days"": 126}",2266,126,3,0.13794816929431447,1072212.5945713497
7,ppo,ppo_020fdc27,"{""candidate_id"": ""ppo_020fdc27"", ""kwargs"": {""batch_size"": 64, ""ent_coef"": 0.005, ""gamma"": 0.99, ""n_steps"": 512}, ""timesteps"": 50000, ""validation_days"": 126}",2266,126,4,0.2629189279769277,1102486.8594463859
7,ppo,ppo_020fdc27,"{""candidate_id"": ""ppo_020fdc27"", ""kwargs"": {""batch_size"": 64, ""ent_coef"": 0.005, ""gamma"": 0.99, ""n_steps"": 512}, ""timesteps"": 50000, ""validation_days"": 126}",2266,126,5,0.22528506697746967,1087453.1680317223
7,ppo,ppo_020fdc27,"{""candidate_id"": ""ppo_020fdc27"", ""kwargs"": {""batch_size"": 64, ""ent_coef"": 0.005, ""gamma"": 0.99, ""n_steps"": 512}, ""timesteps"": 50000, ""validation_days"": 126}",2329,126,1,0.18277446397964117,1085642.48929497
7,ppo,ppo_020fdc27,"{""candidate_id"": ""ppo_020fdc27"", ""kwargs"": {""batch_size"": 64, ""ent_coef"": 0.005, ""gamma"": 0.99, ""n_steps"": 512}, ""timesteps"": 50000, ""validation_days"": 126}",2329,126,2,0.6052919505981019,1270941.5938257764
7,ppo,ppo_020fdc27,"{""candidate_id"": ""ppo_020fdc27"", ""kwargs"": {""batch_size"": 64, ""ent_coef"": 0.005, ""gamma"": 0.99, ""n_steps"": 512}, ""timesteps"": 50000, ""validation_days"": 126}",2329,126,3,0.5496446260680956,1326398.405965184
7,ppo,ppo_020fdc27,"{""candidate_id"": ""ppo_020fdc27"", ""kwargs"": {""batch_size"": 64, ""ent_coef"": 0.005, ""gamma"": 0.99, ""n_steps"": 512}, ""timesteps"": 50000, ""validation_days"": 126}",2329,126,4,0.032339279753469515,1011649.422504444
7,ppo,ppo_020fdc27,"{""candidate_id"": ""ppo_020fdc27"", ""kwargs"": {""batch_size"": 64, ""ent_coef"": 0.005, ""gamma"": 0.99, ""n_steps"": 512}, ""timesteps"": 50000, ""validation_days"": 126}",2329,126,5,0.5258608302746567,1281913.0672572562
7,ppo,ppo_e4290e54,"{""candidate_id"": ""ppo_e4290e54"", ""kwargs"": {""batch_size"": 64, ""ent_coef"": 0.005, ""gamma"": 0.99, ""n_steps"": 512}, ""timesteps"": 100000, ""validation_days"": 126}",2203,126,1,-0.1565829479394237,926625.536392553
7,ppo,ppo_e4290e54,"{""candidate_id"": ""ppo_e4290e54"", ""kwargs"": {""batch_size"": 64, ""ent_coef"": 0.005, ""gamma"": 0.99, ""n_steps"": 512}, ""timesteps"": 100000, ""validation_days"": 126}",2203,126,2,-0.06074010729496568,972119.6563765851
7,ppo,ppo_e4290e54,"{""candidate_id"": ""ppo_e4290e54"", ""kwargs"": {""batch_size"": 64, ""ent_coef"": 0.005, ""gamma"": 0.99, ""n_steps"": 512}, ""timesteps"": 100000, ""validation_days"": 126}",2203,126,3,-0.037739559537744806,976512.210117228
7,ppo,ppo_e4290e54,"{""candidate_id"": ""ppo_e4290e54"", ""kwargs"": {""batch_size"": 64, ""ent_coef"": 0.005, ""gamma"": 0.99, ""n_steps"": 512}, ""timesteps"": 100000, ""validation_days"": 126}",2203,126,4,-0.041825223578150494,979163.0762397962
7,ppo,ppo_e4290e54,"{""candidate_id"": ""ppo_e4290e54"", ""kwargs"": {""batch_size"": 64, ""ent_coef"": 0.005, ""gamma"": 0.99, ""n_steps"": 512}, ""timesteps"": 100000, ""validation_days"": 126}",2203,126,5,0.059860862784886504,1026890.4005694473
7,ppo,ppo_e4290e54,"{""candidate_id"": ""ppo_e4290e54"", ""kwargs"": {""batch_size"": 64, ""ent_coef"": 0.005, ""gamma"": 0.99, ""n_steps"": 512}, ""timesteps"": 100000, ""validation_days"": 126}",2266,126,1,0.234363311370709,1096149.5614875434
7,ppo,ppo_e4290e54,"{""candidate_id"": ""ppo_e4290e54"", ""kwargs"": {""batch_size"": 64, ""ent_coef"": 0.005, ""gamma"": 0.99, ""n_steps"": 512}, ""timesteps"": 100000, ""validation_days"": 126}",2266,126,2,0.221947476635852,1116879.2040192636
7,ppo,ppo_e4290e54,"{""candidate_id"": ""ppo_e4290e54"", ""kwargs"": {""batch_size"": 64, ""ent_coef"": 0.005, ""gamma"": 0.99, ""n_steps"": 512}, ""timesteps"": 100000, ""validation_days"": 126}",2266,126,3,0.1009930539392356,1044146.3568940663
7,ppo,ppo_e4290e54,"{""candidate_id"": ""ppo_e4290e54"", ""kwargs"": {""batch_size"": 64, ""ent_coef"": 0.005, ""gamma"": 0.99, ""n_steps"": 512}, ""timesteps"": 100000, ""validation_days"": 126}",2266,126,4,0.2234079937352562,1105590.1356067355
7,ppo,ppo_e4290e54,"{""candidate_id"": ""ppo_e4290e54"", ""kwargs"": {""batch_size"": 64, ""ent_coef"": 0.005, ""gamma"": 0.99, ""n_steps"": 512}, ""timesteps"": 100000, ""validation_days"": 126}",2266,126,5,0.20474439517273335,1082295.3991428553
7,ppo,ppo_e4290e54,"{""candidate_id"": ""ppo_e4290e54"", ""kwargs"": {""batch_size"": 64, ""ent_coef"": 0.005, ""gamma"": 0.99, ""n_steps"": 512}, ""timesteps"": 100000, ""validation_days"": 126}",2329,126,1,0.2100879479593596,1108462.9039131748
7,ppo,ppo_e4290e54,"{""candidate_id"": ""ppo_e4290e54"", ""kwargs"": {""batch_size"": 64, ""ent_coef"": 0.005, ""gamma"": 0.99, ""n_steps"": 512}, ""timesteps"": 100000, ""validation_days"": 126}",2329,126,2,0.3733071216842817,1157766.8646730904
7,ppo,ppo_e4290e54,"{""candidate_id"": ""ppo_e4290e54"", ""kwargs"": {""batch_size"": 64, ""ent_coef"": 0.005, ""gamma"": 0.99, ""n_steps"": 512}, ""timesteps"": 100000, ""validation_days"": 126}",2329,126,3,0.5975538659691052,1320434.494198686
7,ppo,ppo_e4290e54,"{""candidate_id"": ""ppo_e4290e54"", ""kwargs"": {""batch_size"": 64, ""ent_coef"": 0.005, ""gamma"": 0.99, ""n_steps"": 512}, ""timesteps"": 100000, ""validation_days"": 126}",2329,126,4,0.08571280598091059,1039279.8408330916
7,ppo,ppo_e4290e54,"{""candidate_id"": ""ppo_e4290e54"", ""kwargs"": {""batch_size"": 64, ""ent_coef"": 0.005, ""gamma"": 0.99, ""n_steps"": 512}, ""timesteps"": 100000, ""validation_days"": 126}",2329,126,5,0.41139279143054297,1220296.7600962976
7,ddpg,ddpg_db4c7149,"{""candidate_id"": ""ddpg_db4c7149"", ""kwargs"": {""batch_size"": 64, ""buffer_size"": 10000, ""gamma"": 0.99, ""noise_sigma"": 0.5}, ""timesteps"": 10000, ""validation_days"": 126}",2203,126,1,0.029183798692914428,1010253.8122507448
7,ddpg,ddpg_db4c7149,"{""candidate_id"": ""ddpg_db4c7149"", ""kwargs"": {""batch_size"": 64, ""buffer_size"": 10000, ""gamma"": 0.99, ""noise_sigma"": 0.5}, ""timesteps"": 10000, ""validation_days"": 126}",2203,126,2,-0.02121812631149314,991128.3109638743
7,ddpg,ddpg_db4c7149,"{""candidate_id"": ""ddpg_db4c7149"", ""kwargs"": {""batch_size"": 64, ""buffer_size"": 10000, ""gamma"": 0.99, ""noise_sigma"": 0.5}, ""timesteps"": 10000, ""validation_days"": 126}",2203,126,3,0.023104663848338633,1006484.7566868969
7,ddpg,ddpg_db4c7149,"{""candidate_id"": ""ddpg_db4c7149"", ""kwargs"": {""batch_size"": 64, ""buffer_size"": 10000, ""gamma"": 0.99, ""noise_sigma"": 0.5}, ""timesteps"": 10000, ""validation_days"": 126}",2203,126,4,-0.010367341798238538,992345.316782963
7,ddpg,ddpg_db4c7149,"{""candidate_id"": ""ddpg_db4c7149"", ""kwargs"": {""batch_size"": 64, ""buffer_size"": 10000, ""gamma"": 0.99, ""noise_sigma"": 0.5}, ""timesteps"": 10000, ""validation_days"": 126}",2203,126,5,0.058971507390213916,1022888.7215817047
7,ddpg,ddpg_db4c7149,"{""candidate_id"": ""ddpg_db4c7149"", ""kwargs"": {""batch_size"": 64, ""buffer_size"": 10000, ""gamma"": 0.99, ""noise_sigma"": 0.5}, ""timesteps"": 10000, ""validation_days"": 126}",2266,126,1,0.3175037543099429,1129337.797104006
7,ddpg,ddpg_db4c7149,"{""candidate_id"": ""ddpg_db4c7149"", ""kwargs"": {""batch_size"": 64, ""buffer_size"": 10000, ""gamma"": 0.99, ""noise_sigma"": 0.5}, ""timesteps"": 10000, ""validation_days"": 126}",2266,126,2,0.34875896316426347,1133371.566092319
7,ddpg,ddpg_db4c7149,"{""candidate_id"": ""ddpg_db4c7149"", ""kwargs"": {""batch_size"": 64, ""buffer_size"": 10000, ""gamma"": 0.99, ""noise_sigma"": 0.5}, ""timesteps"": 10000, ""validation_days"": 126}",2266,126,3,0.29129479450338674,1129370.4452109523
7,ddpg,ddpg_db4c7149,"{""candidate_id"": ""ddpg_db4c7149"", ""kwargs"": {""batch_size"": 64, ""buffer_size"": 10000, ""gamma"": 0.99, ""noise_sigma"": 0.5}, ""timesteps"": 10000, ""validation_days"": 126}",2266,126,4,0.24001986718991108,1097062.205699994
7,ddpg,ddpg_db4c7149,"{""candidate_id"": ""ddpg_db4c7149"", ""kwargs"": {""batch_size"": 64, ""buffer_size"": 10000, ""gamma"": 0.99, ""noise_sigma"": 0.5}, ""timesteps"": 10000, ""validation_days"": 126}",2266,126,5,0.20823743409048634,1102196.942517763
7,ddpg,ddpg_db4c7149,"{""candidate_id"": ""ddpg_db4c7149"", ""kwargs"": {""batch_size"": 64, ""buffer_size"": 10000, ""gamma"": 0.99, ""noise_sigma"": 0.5}, ""timesteps"": 10000, ""validation_days"": 126}",2329,126,1,0.41101669535947666,1176045.5663788656
7,ddpg,ddpg_db4c7149,"{""candidate_id"": ""ddpg_db4c7149"", ""kwargs"": {""batch_size"": 64, ""buffer_size"": 10000, ""gamma"": 0.99, ""noise_sigma"": 0.5}, ""timesteps"": 10000, ""validation_days"": 126}",2329,126,2,0.48103356743134673,1217560.5100370783
7,ddpg,ddpg_db4c7149,"{""candidate_id"": ""ddpg_db4c7149"", ""kwargs"": {""batch_size"": 64, ""buffer_size"": 10000, ""gamma"": 0.99, ""noise_sigma"": 0.5}, ""timesteps"": 10000, ""validation_days"": 126}",2329,126,3,0.4849457708167323,1220478.1722102005
7,ddpg,ddpg_db4c7149,"{""candidate_id"": ""ddpg_db4c7149"", ""kwargs"": {""batch_size"": 64, ""buffer_size"": 10000, ""gamma"": 0.99, ""noise_sigma"": 0.5}, ""timesteps"": 10000, ""validation_days"": 126}",2329,126,4,0.3771208337630854,1159273.2552173676
7,ddpg,ddpg_db4c7149,"{""candidate_id"": ""ddpg_db4c7149"", ""kwargs"": {""batch_size"": 64, ""buffer_size"": 10000, ""gamma"": 0.99, ""noise_sigma"": 0.5}, ""timesteps"": 10000, ""validation_days"": 126}",2329,126,5,0.36295655573795377,1154355.4351806096
7,ddpg,ddpg_cfec8cb3,"{""candidate_id"": ""ddpg_cfec8cb3"", ""kwargs"": {""batch_size"": 128, ""buffer_size"": 10000, ""gamma"": 0.99, ""noise_sigma"": 0.3}, ""timesteps"": 10000, ""validation_days"": 126}",2203,126,1,0.035116832365524125,1011237.6181286632
7,ddpg,ddpg_cfec8cb3,"{""candidate_id"": ""ddpg_cfec8cb3"", ""kwargs"": {""batch_size"": 128, ""buffer_size"": 10000, ""gamma"": 0.99, ""noise_sigma"": 0.3}, ""timesteps"": 10000, ""validation_days"": 126}",2203,126,2,0.007444749903791065,1001598.2751387397
7,ddpg,ddpg_cfec8cb3,"{""candidate_id"": ""ddpg_cfec8cb3"", ""kwargs"": {""batch_size"": 128, ""buffer_size"": 10000, ""gamma"": 0.99, ""noise_sigma"": 0.3}, ""timesteps"": 10000, ""validation_days"": 126}",2203,126,3,0.0211122996390749,1005806.6732291577
7,ddpg,ddpg_cfec8cb3,"{""candidate_id"": ""ddpg_cfec8cb3"", ""kwargs"": {""batch_size"": 128, ""buffer_size"": 10000, ""gamma"": 0.99, ""noise_sigma"": 0.3}, ""timesteps"": 10000, ""validation_days"": 126}",2203,126,4,-0.08445716670537405,964760.1211523353
7,ddpg,ddpg_cfec8cb3,"{""candidate_id"": ""ddpg_cfec8cb3"", ""kwargs"": {""batch_size"": 128, ""buffer_size"": 10000, ""gamma"": 0.99, ""noise_sigma"": 0.3}, ""timesteps"": 10000, ""validation_days"": 126}",2203,126,5,0.026483142110491364,1008575.7327770925
7,ddpg,ddpg_cfec8cb3,"{""candidate_id"": ""ddpg_cfec8cb3"", ""kwargs"": {""batch_size"": 128, ""buffer_size"": 10000, ""gamma"": 0.99, ""noise_sigma"": 0.3}, ""timesteps"": 10000, ""validation_days"": 126}",2266,126,1,0.26753467234663986,1121847.1357262367
7,ddpg,ddpg_cfec8cb3,"{""candidate_id"": ""ddpg_cfec8cb3"", ""kwargs"": {""batch_size"": 128, ""buffer_size"": 10000, ""gamma"": 0.99, ""noise_sigma"": 0.3}, ""timesteps"": 10000, ""validation_days"": 126}",2266,126,2,0.3283870565538951,1132074.3384589287
7,ddpg,ddpg_cfec8cb3,"{""candidate_id"": ""ddpg_cfec8cb3"", ""kwargs"": {""batch_size"": 128, ""buffer_size"": 10000, ""gamma"": 0.99, ""noise_sigma"": 0.3}, ""timesteps"": 10000, ""validation_days"": 126}",2266,126,3,0.2538642982750141,1108397.37680022
7,ddpg,ddpg_cfec8cb3,"{""candidate_id"": ""ddpg_cfec8cb3"", ""kwargs"": {""batch_size"": 128, ""buffer_size"": 10000, ""gamma"": 0.99, ""noise_sigma"": 0.3}, ""timesteps"": 10000, ""validation_days"": 126}",2266,126,4,0.24472542726563562,1094960.2589576778
7,ddpg,ddpg_cfec8cb3,"{""candidate_id"": ""ddpg_cfec8cb3"", ""kwargs"": {""batch_size"": 128, ""buffer_size"": 10000, ""gamma"": 0.99, ""noise_sigma"": 0.3}, ""timesteps"": 10000, ""validation_days"": 126}",2266,126,5,0.2690361529216449,1115515.868383543
7,ddpg,ddpg_cfec8cb3,"{""candidate_id"": ""ddpg_cfec8cb3"", ""kwargs"": {""batch_size"": 128, ""buffer_size"": 10000, ""gamma"": 0.99, ""noise_sigma"": 0.3}, ""timesteps"": 10000, ""validation_days"": 126}",2329,126,1,0.4880660091659309,1229352.6525999373
7,ddpg,ddpg_cfec8cb3,"{""candidate_id"": ""ddpg_cfec8cb3"", ""kwargs"": {""batch_size"": 128, ""buffer_size"": 10000, ""gamma"": 0.99, ""noise_sigma"": 0.3}, ""timesteps"": 10000, ""validation_days"": 126}",2329,126,2,0.44054028648403937,1171906.9892063425
7,ddpg,ddpg_cfec8cb3,"{""candidate_id"": ""ddpg_cfec8cb3"", ""kwargs"": {""batch_size"": 128, ""buffer_size"": 10000, ""gamma"": 0.99, ""noise_sigma"": 0.3}, ""timesteps"": 10000, ""validation_days"": 126}",2329,126,3,0.46268586648877286,1218056.7250155373
7,ddpg,ddpg_cfec8cb3,"{""candidate_id"": ""ddpg_cfec8cb3"", ""kwargs"": {""batch_size"": 128, ""buffer_size"": 10000, ""gamma"": 0.99, ""noise_sigma"": 0.3}, ""timesteps"": 10000, ""validation_days"": 126}",2329,126,4,0.44322732662618547,1199809.3694159547
7,ddpg,ddpg_cfec8cb3,"{""candidate_id"": ""ddpg_cfec8cb3"", ""kwargs"": {""batch_size"": 128, ""buffer_size"": 10000, ""gamma"": 0.99, ""noise_sigma"": 0.3}, ""timesteps"": 10000, ""validation_days"": 126}",2329,126,5,0.2606222289536581,1105451.5588588135
8,a2c,a2c_aee7d73f,"{""candidate_id"": ""a2c_aee7d73f"", ""kwargs"": {""gamma"": 0.99}, ""timesteps"": 10000, ""validation_days"": 126}",2266,126,1,0.1377866870533638,1083399.2424000683
8,a2c,a2c_aee7d73f,"{""candidate_id"": ""a2c_aee7d73f"", ""kwargs"": {""gamma"": 0.99}, ""timesteps"": 10000, ""validation_days"": 126}",2266,126,2,0.2511214852162326,1140998.2075590563
8,a2c,a2c_aee7d73f,"{""candidate_id"": ""a2c_aee7d73f"", ""kwargs"": {""gamma"": 0.99}, ""timesteps"": 10000, ""validation_days"": 126}",2266,126,3,0.1632779530305233,1085621.0676823184
8,a2c,a2c_aee7d73f,"{""candidate_id"": ""a2c_aee7d73f"", ""kwargs"": {""gamma"": 0.99}, ""timesteps"": 10000, ""validation_days"": 126}",2266,126,4,0.13836275375684154,1058985.277554708
8,a2c,a2c_aee7d73f,"{""candidate_id"": ""a2c_aee7d73f"", ""kwargs"": {""gamma"": 0.99}, ""timesteps"": 10000, ""validation_days"": 126}",2266,126,5,0.3528599758265379,1163849.1842861483
8,a2c,a2c_aee7d73f,"{""candidate_id"": ""a2c_aee7d73f"", ""kwargs"": {""gamma"": 0.99}, ""timesteps"": 10000, ""validation_days"": 126}",2329,126,1,0.45079797568486885,1217816.1153211123
8,a2c,a2c_aee7d73f,"{""candidate_id"": ""a2c_aee7d73f"", ""kwargs"": {""gamma"": 0.99}, ""timesteps"": 10000, ""validation_days"": 126}",2329,126,2,0.37814541100151483,1179437.9824111895
8,a2c,a2c_aee7d73f,"{""candidate_id"": ""a2c_aee7d73f"", ""kwargs"": {""gamma"": 0.99}, ""timesteps"": 10000, ""validation_days"": 126}",2329,126,3,0.325353848311102,1174830.461198744
8,a2c,a2c_aee7d73f,"{""candidate_id"": ""a2c_aee7d73f"", ""kwargs"": {""gamma"": 0.99}, ""timesteps"": 10000, ""validation_days"": 126}",2329,126,4,0.4515679337946333,1212611.2170359122
8,a2c,a2c_aee7d73f,"{""candidate_id"": ""a2c_aee7d73f"", ""kwargs"": {""gamma"": 0.99}, ""timesteps"": 10000, ""validation_days"": 126}",2329,126,5,0.4626087676288584,1223733.481849356
8,a2c,a2c_aee7d73f,"{""candidate_id"": ""a2c_aee7d73f"", ""kwargs"": {""gamma"": 0.99}, ""timesteps"": 10000, ""validation_days"": 126}",2392,126,1,0.1514660056100226,1066722.0886668405
8,a2c,a2c_aee7d73f,"{""candidate_id"": ""a2c_aee7d73f"", ""kwargs"": {""gamma"": 0.99}, ""timesteps"": 10000, ""validation_days"": 126}",2392,126,2,0.3034516179468624,1252987.8598460779
8,a2c,a2c_aee7d73f,"{""candidate_id"": ""a2c_aee7d73f"", ""kwargs"": {""gamma"": 0.99}, ""timesteps"": 10000, ""validation_days"": 126}",2392,126,3,0.07413909569621129,1028138.3243016953
8,a2c,a2c_aee7d73f,"{""candidate_id"": ""a2c_aee7d73f"", ""kwargs"": {""gamma"": 0.99}, ""timesteps"": 10000, ""validation_days"": 126}",2392,126,4,0.4043303776005469,1186718.8298412634
8,a2c,a2c_aee7d73f,"{""candidate_id"": ""a2c_aee7d73f"", ""kwargs"": {""gamma"": 0.99}, ""timesteps"": 10000, ""validation_days"": 126}",2392,126,5,0.2925174724304796,1137776.3686051317
8,a2c,a2c_09f4a573,"{""candidate_id"": ""a2c_09f4a573"", ""kwargs"": {""gamma"": 0.99}, ""timesteps"": 30000, ""validation_days"": 126}",2266,126,1,0.1792453417495408,1089868.666504277
8,a2c,a2c_09f4a573,"{""candidate_id"": ""a2c_09f4a573"", ""kwargs"": {""gamma"": 0.99}, ""timesteps"": 30000, ""validation_days"": 126}",2266,126,2,0.14458533560979853,1067692.970834716
8,a2c,a2c_09f4a573,"{""candidate_id"": ""a2c_09f4a573"", ""kwargs"": {""gamma"": 0.99}, ""timesteps"": 30000, ""validation_days"": 126}",2266,126,3,0.10231830682638185,1043089.1540728587
8,a2c,a2c_09f4a573,"{""candidate_id"": ""a2c_09f4a573"", ""kwargs"": {""gamma"": 0.99}, ""timesteps"": 30000, ""validation_days"": 126}",2266,126,4,0.1685959641364454,1061675.8740628609
8,a2c,a2c_09f4a573,"{""candidate_id"": ""a2c_09f4a573"", ""kwargs"": {""gamma"": 0.99}, ""timesteps"": 30000, ""validation_days"": 126}",2266,126,5,0.276381112205874,1101879.3829583912
8,a2c,a2c_09f4a573,"{""candidate_id"": ""a2c_09f4a573"", ""kwargs"": {""gamma"": 0.99}, ""timesteps"": 30000, ""validation_days"": 126}",2329,126,1,0.35690871271971625,1160658.4509744095
8,a2c,a2c_09f4a573,"{""candidate_id"": ""a2c_09f4a573"", ""kwargs"": {""gamma"": 0.99}, ""timesteps"": 30000, ""validation_days"": 126}",2329,126,2,0.36185804084475337,1167464.7963967547
8,a2c,a2c_09f4a573,"{""candidate_id"": ""a2c_09f4a573"", ""kwargs"": {""gamma"": 0.99}, ""timesteps"": 30000, ""validation_days"": 126}",2329,126,3,0.46946760356875883,1203314.1604194895
8,a2c,a2c_09f4a573,"{""candidate_id"": ""a2c_09f4a573"", ""kwargs"": {""gamma"": 0.99}, ""timesteps"": 30000, ""validation_days"": 126}",2329,126,4,0.49257305444293925,1254387.985989092
8,a2c,a2c_09f4a573,"{""candidate_id"": ""a2c_09f4a573"", ""kwargs"": {""gamma"": 0.99}, ""timesteps"": 30000, ""validation_days"": 126}",2329,126,5,0.4607436486862495,1187278.5578548315
8,a2c,a2c_09f4a573,"{""candidate_id"": ""a2c_09f4a573"", ""kwargs"": {""gamma"": 0.99}, ""timesteps"": 30000, ""validation_days"": 126}",2392,126,1,0.23171198508642987,1094335.4753463285
8,a2c,a2c_09f4a573,"{""candidate_id"": ""a2c_09f4a573"", ""kwargs"": {""gamma"": 0.99}, ""timesteps"": 30000, ""validation_days"": 126}",2392,126,2,0.18225845111557146,1079235.258861949
8,a2c,a2c_09f4a573,"{""candidate_id"": ""a2c_09f4a573"", ""kwargs"": {""gamma"": 0.99}, ""timesteps"": 30000, ""validation_days"": 126}",2392,126,3,-0.06872497241191082,967438.9093985617
8,a2c,a2c_09f4a573,"{""candidate_id"": ""a2c_09f4a573"", ""kwargs"": {""gamma"": 0.99}, ""timesteps"": 30000, ""validation_days"": 126}",2392,126,4,0.4185504505875915,1181881.1032621567
8,a2c,a2c_09f4a573,"{""candidate_id"": ""a2c_09f4a573"", ""kwargs"": {""gamma"": 0.99}, ""timesteps"": 30000, ""validation_days"": 126}",2392,126,5,0.31246677664814665,1147167.280684726
8,ppo,ppo_020fdc27,"{""candidate_id"": ""ppo_020fdc27"", ""kwargs"": {""batch_size"": 64, ""ent_coef"": 0.005, ""gamma"": 0.99, ""n_steps"": 512}, ""timesteps"": 50000, ""validation_days"": 126}",2266,126,1,0.20927435464274013,1104243.361331611
8,ppo,ppo_020fdc27,"{""candidate_id"": ""ppo_020fdc27"", ""kwargs"": {""batch_size"": 64, ""ent_coef"": 0.005, ""gamma"": 0.99, ""n_steps"": 512}, ""timesteps"": 50000, ""validation_days"": 126}",2266,126,2,0.2604834891879738,1109014.0029370966
8,ppo,ppo_020fdc27,"{""candidate_id"": ""ppo_020fdc27"", ""kwargs"": {""batch_size"": 64, ""ent_coef"": 0.005, ""gamma"": 0.99, ""n_steps"": 512}, ""timesteps"": 50000, ""validation_days"": 126}",2266,126,3,0.13794816929431447,1072212.5945713497
8,ppo,ppo_020fdc27,"{""candidate_id"": ""ppo_020fdc27"", ""kwargs"": {""batch_size"": 64, ""ent_coef"": 0.005, ""gamma"": 0.99, ""n_steps"": 512}, ""timesteps"": 50000, ""validation_days"": 126}",2266,126,4,0.2629189279769277,1102486.8594463859
8,ppo,ppo_020fdc27,"{""candidate_id"": ""ppo_020fdc27"", ""kwargs"": {""batch_size"": 64, ""ent_coef"": 0.005, ""gamma"": 0.99, ""n_steps"": 512}, ""timesteps"": 50000, ""validation_days"": 126}",2266,126,5,0.22528506697746967,1087453.1680317223
8,ppo,ppo_020fdc27,"{""candidate_id"": ""ppo_020fdc27"", ""kwargs"": {""batch_size"": 64, ""ent_coef"": 0.005, ""gamma"": 0.99, ""n_steps"": 512}, ""timesteps"": 50000, ""validation_days"": 126}",2329,126,1,0.18277446397964117,1085642.48929497
8,ppo,ppo_020fdc27,"{""candidate_id"": ""ppo_020fdc27"", ""kwargs"": {""batch_size"": 64, ""ent_coef"": 0.005, ""gamma"": 0.99, ""n_steps"": 512}, ""timesteps"": 50000, ""validation_days"": 126}",2329,126,2,0.6052919505981019,1270941.5938257764
8,ppo,ppo_020fdc27,"{""candidate_id"": ""ppo_020fdc27"", ""kwargs"": {""batch_size"": 64, ""ent_coef"": 0.005, ""gamma"": 0.99, ""n_steps"": 512}, ""timesteps"": 50000, ""validation_days"": 126}",2329,126,3,0.5496446260680956,1326398.405965184
8,ppo,ppo_020fdc27,"{""candidate_id"": ""ppo_020fdc27"", ""kwargs"": {""batch_size"": 64, ""ent_coef"": 0.005, ""gamma"": 0.99, ""n_steps"": 512}, ""timesteps"": 50000, ""validation_days"": 126}",2329,126,4,0.032339279753469515,1011649.422504444
8,ppo,ppo_020fdc27,"{""candidate_id"": ""ppo_020fdc27"", ""kwargs"": {""batch_size"": 64, ""ent_coef"": 0.005, ""gamma"": 0.99, ""n_steps"": 512}, ""timesteps"": 50000, ""validation_days"": 126}",2329,126,5,0.5258608302746567,1281913.0672572562
8,ppo,ppo_020fdc27,"{""candidate_id"": ""ppo_020fdc27"", ""kwargs"": {""batch_size"": 64, ""ent_coef"": 0.005, ""gamma"": 0.99, ""n_steps"": 512}, ""timesteps"": 50000, ""validation_days"": 126}",2392,126,1,0.24856434024075533,1118499.073557225
8,ppo,ppo_020fdc27,"{""candidate_id"": ""ppo_020fdc27"", ""kwargs"": {""batch_size"": 64, ""ent_coef"": 0.005, ""gamma"": 0.99, ""n_steps"": 512}, ""timesteps"": 50000, ""validation_days"": 126}",2392,126,2,0.1668581934106021,1070727.6112631797
8,ppo,ppo_020fdc27,"{""candidate_id"": ""ppo_020fdc27"", ""kwargs"": {""batch_size"": 64, ""ent_coef"": 0.005, ""gamma"": 0.99, ""n_steps"": 512}, ""timesteps"": 50000, ""validation_days"": 126}",2392,126,3,0.041829085083478455,1014308.400775167
8,ppo,ppo_020fdc27,"{""candidate_id"": ""ppo_020fdc27"", ""kwargs"": {""batch_size"": 64, ""ent_coef"": 0.005, ""gamma"": 0.99, ""n_steps"": 512}, ""timesteps"": 50000, ""validation_days"": 126}",2392,126,4,0.23138470172642747,1109566.9452514001
8,ppo,ppo_020fdc27,"{""candidate_id"": ""ppo_020fdc27"", ""kwargs"": {""batch_size"": 64, ""ent_coef"": 0.005, ""gamma"": 0.99, ""n_steps"": 512}, ""timesteps"": 50000, ""validation_days"": 126}",2392,126,5,0.0946321824577925,1039670.9772336918
8,ppo,ppo_e4290e54,"{""candidate_id"": ""ppo_e4290e54"", ""kwargs"": {""batch_size"": 64, ""ent_coef"": 0.005, ""gamma"": 0.99, ""n_steps"": 512}, ""timesteps"": 100000, ""validation_days"": 126}",2266,126,1,0.234363311370709,1096149.5614875434
8,ppo,ppo_e4290e54,"{""candidate_id"": ""ppo_e4290e54"", ""kwargs"": {""batch_size"": 64, ""ent_coef"": 0.005, ""gamma"": 0.99, ""n_steps"": 512}, ""timesteps"": 100000, ""validation_days"": 126}",2266,126,2,0.221947476635852,1116879.2040192636
8,ppo,ppo_e4290e54,"{""candidate_id"": ""ppo_e4290e54"", ""kwargs"": {""batch_size"": 64, ""ent_coef"": 0.005, ""gamma"": 0.99, ""n_steps"": 512}, ""timesteps"": 100000, ""validation_days"": 126}",2266,126,3,0.1009930539392356,1044146.3568940663
8,ppo,ppo_e4290e54,"{""candidate_id"": ""ppo_e4290e54"", ""kwargs"": {""batch_size"": 64, ""ent_coef"": 0.005, ""gamma"": 0.99, ""n_steps"": 512}, ""timesteps"": 100000, ""validation_days"": 126}",2266,126,4,0.2234079937352562,1105590.1356067355
8,ppo,ppo_e4290e54,"{""candidate_id"": ""ppo_e4290e54"", ""kwargs"": {""batch_size"": 64, ""ent_coef"": 0.005, ""gamma"": 0.99, ""n_steps"": 512}, ""timesteps"": 100000, ""validation_days"": 126}",2266,126,5,0.20474439517273335,1082295.3991428553
8,ppo,ppo_e4290e54,"{""candidate_id"": ""ppo_e4290e54"", ""kwargs"": {""batch_size"": 64, ""ent_coef"": 0.005, ""gamma"": 0.99, ""n_steps"": 512}, ""timesteps"": 100000, ""validation_days"": 126}",2329,126,1,0.2100879479593596,1108462.9039131748
8,ppo,ppo_e4290e54,"{""candidate_id"": ""ppo_e4290e54"", ""kwargs"": {""batch_size"": 64, ""ent_coef"": 0.005, ""gamma"": 0.99, ""n_steps"": 512}, ""timesteps"": 100000, ""validation_days"": 126}",2329,126,2,0.3733071216842817,1157766.8646730904
8,ppo,ppo_e4290e54,"{""candidate_id"": ""ppo_e4290e54"", ""kwargs"": {""batch_size"": 64, ""ent_coef"": 0.005, ""gamma"": 0.99, ""n_steps"": 512}, ""timesteps"": 100000, ""validation_days"": 126}",2329,126,3,0.5975538659691052,1320434.494198686
8,ppo,ppo_e4290e54,"{""candidate_id"": ""ppo_e4290e54"", ""kwargs"": {""batch_size"": 64, ""ent_coef"": 0.005, ""gamma"": 0.99, ""n_steps"": 512}, ""timesteps"": 100000, ""validation_days"": 126}",2329,126,4,0.08571280598091059,1039279.8408330916
8,ppo,ppo_e4290e54,"{""candidate_id"": ""ppo_e4290e54"", ""kwargs"": {""batch_size"": 64, ""ent_coef"": 0.005, ""gamma"": 0.99, ""n_steps"": 512}, ""timesteps"": 100000, ""validation_days"": 126}",2329,126,5,0.41139279143054297,1220296.7600962976
8,ppo,ppo_e4290e54,"{""candidate_id"": ""ppo_e4290e54"", ""kwargs"": {""batch_size"": 64, ""ent_coef"": 0.005, ""gamma"": 0.99, ""n_steps"": 512}, ""timesteps"": 100000, ""validation_days"": 126}",2392,126,1,0.03493976811835338,1016452.988260594
8,ppo,ppo_e4290e54,"{""candidate_id"": ""ppo_e4290e54"", ""kwargs"": {""batch_size"": 64, ""ent_coef"": 0.005, ""gamma"": 0.99, ""n_steps"": 512}, ""timesteps"": 100000, ""validation_days"": 126}",2392,126,2,0.1111924128672248,1052461.3155290037
8,ppo,ppo_e4290e54,"{""candidate_id"": ""ppo_e4290e54"", ""kwargs"": {""batch_size"": 64, ""ent_coef"": 0.005, ""gamma"": 0.99, ""n_steps"": 512}, ""timesteps"": 100000, ""validation_days"": 126}",2392,126,3,0.13434234920996718,1058590.7568194414
8,ppo,ppo_e4290e54,"{""candidate_id"": ""ppo_e4290e54"", ""kwargs"": {""batch_size"": 64, ""ent_coef"": 0.005, ""gamma"": 0.99, ""n_steps"": 512}, ""timesteps"": 100000, ""validation_days"": 126}",2392,126,4,0.13208630189009768,1055317.321638504
8,ppo,ppo_e4290e54,"{""candidate_id"": ""ppo_e4290e54"", ""kwargs"": {""batch_size"": 64, ""ent_coef"": 0.005, ""gamma"": 0.99, ""n_steps"": 512}, ""timesteps"": 100000, ""validation_days"": 126}",2392,126,5,0.2279514477422171,1100462.6094631066
8,ddpg,ddpg_db4c7149,"{""candidate_id"": ""ddpg_db4c7149"", ""kwargs"": {""batch_size"": 64, ""buffer_size"": 10000, ""gamma"": 0.99, ""noise_sigma"": 0.5}, ""timesteps"": 10000, ""validation_days"": 126}",2266,126,1,0.3175037543099429,1129337.797104006
8,ddpg,ddpg_db4c7149,"{""candidate_id"": ""ddpg_db4c7149"", ""kwargs"": {""batch_size"": 64, ""buffer_size"": 10000, ""gamma"": 0.99, ""noise_sigma"": 0.5}, ""timesteps"": 10000, ""validation_days"": 126}",2266,126,2,0.34875896316426347,1133371.566092319
8,ddpg,ddpg_db4c7149,"{""candidate_id"": ""ddpg_db4c7149"", ""kwargs"": {""batch_size"": 64, ""buffer_size"": 10000, ""gamma"": 0.99, ""noise_sigma"": 0.5}, ""timesteps"": 10000, ""validation_days"": 126}",2266,126,3,0.29129479450338674,1129370.4452109523
8,ddpg,ddpg_db4c7149,"{""candidate_id"": ""ddpg_db4c7149"", ""kwargs"": {""batch_size"": 64, ""buffer_size"": 10000, ""gamma"": 0.99, ""noise_sigma"": 0.5}, ""timesteps"": 10000, ""validation_days"": 126}",2266,126,4,0.24001986718991108,1097062.205699994
8,ddpg,ddpg_db4c7149,"{""candidate_id"": ""ddpg_db4c7149"", ""kwargs"": {""batch_size"": 64, ""buffer_size"": 10000, ""gamma"": 0.99, ""noise_sigma"": 0.5}, ""timesteps"": 10000, ""validation_days"": 126}",2266,126,5,0.20823743409048634,1102196.942517763
8,ddpg,ddpg_db4c7149,"{""candidate_id"": ""ddpg_db4c7149"", ""kwargs"": {""batch_size"": 64, ""buffer_size"": 10000, ""gamma"": 0.99, ""noise_sigma"": 0.5}, ""timesteps"": 10000, ""validation_days"": 126}",2329,126,1,0.41101669535947666,1176045.5663788656
8,ddpg,ddpg_db4c7149,"{""candidate_id"": ""ddpg_db4c7149"", ""kwargs"": {""batch_size"": 64, ""buffer_size"": 10000, ""gamma"": 0.99, ""noise_sigma"": 0.5}, ""timesteps"": 10000, ""validation_days"": 126}",2329,126,2,0.48103356743134673,1217560.5100370783
8,ddpg,ddpg_db4c7149,"{""candidate_id"": ""ddpg_db4c7149"", ""kwargs"": {""batch_size"": 64, ""buffer_size"": 10000, ""gamma"": 0.99, ""noise_sigma"": 0.5}, ""timesteps"": 10000, ""validation_days"": 126}",2329,126,3,0.4849457708167323,1220478.1722102005
8,ddpg,ddpg_db4c7149,"{""candidate_id"": ""ddpg_db4c7149"", ""kwargs"": {""batch_size"": 64, ""buffer_size"": 10000, ""gamma"": 0.99, ""noise_sigma"": 0.5}, ""timesteps"": 10000, ""validation_days"": 126}",2329,126,4,0.3771208337630854,1159273.2552173676
8,ddpg,ddpg_db4c7149,"{""candidate_id"": ""ddpg_db4c7149"", ""kwargs"": {""batch_size"": 64, ""buffer_size"": 10000, ""gamma"": 0.99, ""noise_sigma"": 0.5}, ""timesteps"": 10000, ""validation_days"": 126}",2329,126,5,0.36295655573795377,1154355.4351806096
8,ddpg,ddpg_db4c7149,"{""candidate_id"": ""ddpg_db4c7149"", ""kwargs"": {""batch_size"": 64, ""buffer_size"": 10000, ""gamma"": 0.99, ""noise_sigma"": 0.5}, ""timesteps"": 10000, ""validation_days"": 126}",2392,126,1,0.17965347411327368,1070397.5578485513
8,ddpg,ddpg_db4c7149,"{""candidate_id"": ""ddpg_db4c7149"", ""kwargs"": {""batch_size"": 64, ""buffer_size"": 10000, ""gamma"": 0.99, ""noise_sigma"": 0.5}, ""timesteps"": 10000, ""validation_days"": 126}",2392,126,2,0.2379280454251043,1094615.6255506016
8,ddpg,ddpg_db4c7149,"{""candidate_id"": ""ddpg_db4c7149"", ""kwargs"": {""batch_size"": 64, ""buffer_size"": 10000, ""gamma"": 0.99, ""noise_sigma"": 0.5}, ""timesteps"": 10000, ""validation_days"": 126}",2392,126,3,0.2755638390571309,1112450.4156862656
8,ddpg,ddpg_db4c7149,"{""candidate_id"": ""ddpg_db4c7149"", ""kwargs"": {""batch_size"": 64, ""buffer_size"": 10000, ""gamma"": 0.99, ""noise_sigma"": 0.5}, ""timesteps"": 10000, ""validation_days"": 126}",2392,126,4,0.16137510928234586,1060378.8587012743
8,ddpg,ddpg_db4c7149,"{""candidate_id"": ""ddpg_db4c7149"", ""kwargs"": {""batch_size"": 64, ""buffer_size"": 10000, ""gamma"": 0.99, ""noise_sigma"": 0.5}, ""timesteps"": 10000, ""validation_days"": 126}",2392,126,5,0.25122477318154735,1095675.7724413588
8,ddpg,ddpg_cfec8cb3,"{""candidate_id"": ""ddpg_cfec8cb3"", ""kwargs"": {""batch_size"": 128, ""buffer_size"": 10000, ""gamma"": 0.99, ""noise_sigma"": 0.3}, ""timesteps"": 10000, ""validation_days"": 126}",2266,126,1,0.26753467234663986,1121847.1357262367
8,ddpg,ddpg_cfec8cb3,"{""candidate_id"": ""ddpg_cfec8cb3"", ""kwargs"": {""batch_size"": 128, ""buffer_size"": 10000, ""gamma"": 0.99, ""noise_sigma"": 0.3}, ""timesteps"": 10000, ""validation_days"": 126}",2266,126,2,0.3283870565538951,1132074.3384589287
8,ddpg,ddpg_cfec8cb3,"{""candidate_id"": ""ddpg_cfec8cb3"", ""kwargs"": {""batch_size"": 128, ""buffer_size"": 10000, ""gamma"": 0.99, ""noise_sigma"": 0.3}, ""timesteps"": 10000, ""validation_days"": 126}",2266,126,3,0.2538642982750141,1108397.37680022
8,ddpg,ddpg_cfec8cb3,"{""candidate_id"": ""ddpg_cfec8cb3"", ""kwargs"": {""batch_size"": 128, ""buffer_size"": 10000, ""gamma"": 0.99, ""noise_sigma"": 0.3}, ""timesteps"": 10000, ""validation_days"": 126}",2266,126,4,0.24472542726563562,1094960.2589576778
8,ddpg,ddpg_cfec8cb3,"{""candidate_id"": ""ddpg_cfec8cb3"", ""kwargs"": {""batch_size"": 128, ""buffer_size"": 10000, ""gamma"": 0.99, ""noise_sigma"": 0.3}, ""timesteps"": 10000, ""validation_days"": 126}",2266,126,5,0.2690361529216449,1115515.868383543
8,ddpg,ddpg_cfec8cb3,"{""candidate_id"": ""ddpg_cfec8cb3"", ""kwargs"": {""batch_size"": 128, ""buffer_size"": 10000, ""gamma"": 0.99, ""noise_sigma"": 0.3}, ""timesteps"": 10000, ""validation_days"": 126}",2329,126,1,0.4880660091659309,1229352.6525999373
8,ddpg,ddpg_cfec8cb3,"{""candidate_id"": ""ddpg_cfec8cb3"", ""kwargs"": {""batch_size"": 128, ""buffer_size"": 10000, ""gamma"": 0.99, ""noise_sigma"": 0.3}, ""timesteps"": 10000, ""validation_days"": 126}",2329,126,2,0.44054028648403937,1171906.9892063425
8,ddpg,ddpg_cfec8cb3,"{""candidate_id"": ""ddpg_cfec8cb3"", ""kwargs"": {""batch_size"": 128, ""buffer_size"": 10000, ""gamma"": 0.99, ""noise_sigma"": 0.3}, ""timesteps"": 10000, ""validation_days"": 126}",2329,126,3,0.46268586648877286,1218056.7250155373
8,ddpg,ddpg_cfec8cb3,"{""candidate_id"": ""ddpg_cfec8cb3"", ""kwargs"": {""batch_size"": 128, ""buffer_size"": 10000, ""gamma"": 0.99, ""noise_sigma"": 0.3}, ""timesteps"": 10000, ""validation_days"": 126}",2329,126,4,0.44322732662618547,1199809.3694159547
8,ddpg,ddpg_cfec8cb3,"{""candidate_id"": ""ddpg_cfec8cb3"", ""kwargs"": {""batch_size"": 128, ""buffer_size"": 10000, ""gamma"": 0.99, ""noise_sigma"": 0.3}, ""timesteps"": 10000, ""validation_days"": 126}",2329,126,5,0.2606222289536581,1105451.5588588135
8,ddpg,ddpg_cfec8cb3,"{""candidate_id"": ""ddpg_cfec8cb3"", ""kwargs"": {""batch_size"": 128, ""buffer_size"": 10000, ""gamma"": 0.99, ""noise_sigma"": 0.3}, ""timesteps"": 10000, ""validation_days"": 126}",2392,126,1,0.19582578256602667,1083418.2068288114
8,ddpg,ddpg_cfec8cb3,"{""candidate_id"": ""ddpg_cfec8cb3"", ""kwargs"": {""batch_size"": 128, ""buffer_size"": 10000, ""gamma"": 0.99, ""noise_sigma"": 0.3}, ""timesteps"": 10000, ""validation_days"": 126}",2392,126,2,0.20160635025081253,1076520.346997127
8,ddpg,ddpg_cfec8cb3,"{""candidate_id"": ""ddpg_cfec8cb3"", ""kwargs"": {""batch_size"": 128, ""buffer_size"": 10000, ""gamma"": 0.99, ""noise_sigma"": 0.3}, ""timesteps"": 10000, ""validation_days"": 126}",2392,126,3,0.1256545718732313,1050239.8312835884
8,ddpg,ddpg_cfec8cb3,"{""candidate_id"": ""ddpg_cfec8cb3"", ""kwargs"": {""batch_size"": 128, ""buffer_size"": 10000, ""gamma"": 0.99, ""noise_sigma"": 0.3}, ""timesteps"": 10000, ""validation_days"": 126}",2392,126,4,0.00432277017194951,998926.1323738985
8,ddpg,ddpg_cfec8cb3,"{""candidate_id"": ""ddpg_cfec8cb3"", ""kwargs"": {""batch_size"": 128, ""buffer_size"": 10000, ""gamma"": 0.99, ""noise_sigma"": 0.3}, ""timesteps"": 10000, ""validation_days"": 126}",2392,126,5,0.1379415107403713,1052959.4297127877
9,a2c,a2c_aee7d73f,"{""candidate_id"": ""a2c_aee7d73f"", ""kwargs"": {""gamma"": 0.99}, ""timesteps"": 10000, ""validation_days"": 126}",2329,126,1,0.45079797568486885,1217816.1153211123
9,a2c,a2c_aee7d73f,"{""candidate_id"": ""a2c_aee7d73f"", ""kwargs"": {""gamma"": 0.99}, ""timesteps"": 10000, ""validation_days"": 126}",2329,126,2,0.37814541100151483,1179437.9824111895
9,a2c,a2c_aee7d73f,"{""candidate_id"": ""a2c_aee7d73f"", ""kwargs"": {""gamma"": 0.99}, ""timesteps"": 10000, ""validation_days"": 126}",2329,126,3,0.325353848311102,1174830.461198744
9,a2c,a2c_aee7d73f,"{""candidate_id"": ""a2c_aee7d73f"", ""kwargs"": {""gamma"": 0.99}, ""timesteps"": 10000, ""validation_days"": 126}",2329,126,4,0.4515679337946333,1212611.2170359122
9,a2c,a2c_aee7d73f,"{""candidate_id"": ""a2c_aee7d73f"", ""kwargs"": {""gamma"": 0.99}, ""timesteps"": 10000, ""validation_days"": 126}",2329,126,5,0.4626087676288584,1223733.481849356
9,a2c,a2c_aee7d73f,"{""candidate_id"": ""a2c_aee7d73f"", ""kwargs"": {""gamma"": 0.99}, ""timesteps"": 10000, ""validation_days"": 126}",2392,126,1,0.1514660056100226,1066722.0886668405
9,a2c,a2c_aee7d73f,"{""candidate_id"": ""a2c_aee7d73f"", ""kwargs"": {""gamma"": 0.99}, ""timesteps"": 10000, ""validation_days"": 126}",2392,126,2,0.3034516179468624,1252987.8598460779
9,a2c,a2c_aee7d73f,"{""candidate_id"": ""a2c_aee7d73f"", ""kwargs"": {""gamma"": 0.99}, ""timesteps"": 10000, ""validation_days"": 126}",2392,126,3,0.07413909569621129,1028138.3243016953
9,a2c,a2c_aee7d73f,"{""candidate_id"": ""a2c_aee7d73f"", ""kwargs"": {""gamma"": 0.99}, ""timesteps"": 10000, ""validation_days"": 126}",2392,126,4,0.4043303776005469,1186718.8298412634
9,a2c,a2c_aee7d73f,"{""candidate_id"": ""a2c_aee7d73f"", ""kwargs"": {""gamma"": 0.99}, ""timesteps"": 10000, ""validation_days"": 126}",2392,126,5,0.2925174724304796,1137776.3686051317
9,a2c,a2c_aee7d73f,"{""candidate_id"": ""a2c_aee7d73f"", ""kwargs"": {""gamma"": 0.99}, ""timesteps"": 10000, ""validation_days"": 126}",2455,126,1,0.2617432286277548,1152243.3057477747
9,a2c,a2c_aee7d73f,"{""candidate_id"": ""a2c_aee7d73f"", ""kwargs"": {""gamma"": 0.99}, ""timesteps"": 10000, ""validation_days"": 126}",2455,126,2,0.2221292415458136,1145669.4124537408
9,a2c,a2c_aee7d73f,"{""candidate_id"": ""a2c_aee7d73f"", ""kwargs"": {""gamma"": 0.99}, ""timesteps"": 10000, ""validation_days"": 126}",2455,126,3,0.2028478420806341,1102205.935377301
9,a2c,a2c_aee7d73f,"{""candidate_id"": ""a2c_aee7d73f"", ""kwargs"": {""gamma"": 0.99}, ""timesteps"": 10000, ""validation_days"": 126}",2455,126,4,0.2240013250860798,1112087.8903582164
9,a2c,a2c_aee7d73f,"{""candidate_id"": ""a2c_aee7d73f"", ""kwargs"": {""gamma"": 0.99}, ""timesteps"": 10000, ""validation_days"": 126}",2455,126,5,0.16062807032650103,1089188.5095040665
9,a2c,a2c_09f4a573,"{""candidate_id"": ""a2c_09f4a573"", ""kwargs"": {""gamma"": 0.99}, ""timesteps"": 30000, ""validation_days"": 126}",2329,126,1,0.35690871271971625,1160658.4509744095
9,a2c,a2c_09f4a573,"{""candidate_id"": ""a2c_09f4a573"", ""kwargs"": {""gamma"": 0.99}, ""timesteps"": 30000, ""validation_days"": 126}",2329,126,2,0.36185804084475337,1167464.7963967547
9,a2c,a2c_09f4a573,"{""candidate_id"": ""a2c_09f4a573"", ""kwargs"": {""gamma"": 0.99}, ""timesteps"": 30000, ""validation_days"": 126}",2329,126,3,0.46946760356875883,1203314.1604194895
9,a2c,a2c_09f4a573,"{""candidate_id"": ""a2c_09f4a573"", ""kwargs"": {""gamma"": 0.99}, ""timesteps"": 30000, ""validation_days"": 126}",2329,126,4,0.49257305444293925,1254387.985989092
9,a2c,a2c_09f4a573,"{""candidate_id"": ""a2c_09f4a573"", ""kwargs"": {""gamma"": 0.99}, ""timesteps"": 30000, ""validation_days"": 126}",2329,126,5,0.4607436486862495,1187278.5578548315
9,a2c,a2c_09f4a573,"{""candidate_id"": ""a2c_09f4a573"", ""kwargs"": {""gamma"": 0.99}, ""timesteps"": 30000, ""validation_days"": 126}",2392,126,1,0.23171198508642987,1094335.4753463285
9,a2c,a2c_09f4a573,"{""candidate_id"": ""a2c_09f4a573"", ""kwargs"": {""gamma"": 0.99}, ""timesteps"": 30000, ""validation_days"": 126}",2392,126,2,0.18225845111557146,1079235.258861949
9,a2c,a2c_09f4a573,"{""candidate_id"": ""a2c_09f4a573"", ""kwargs"": {""gamma"": 0.99}, ""timesteps"": 30000, ""validation_days"": 126}",2392,126,3,-0.06872497241191082,967438.9093985617
9,a2c,a2c_09f4a573,"{""candidate_id"": ""a2c_09f4a573"", ""kwargs"": {""gamma"": 0.99}, ""timesteps"": 30000, ""validation_days"": 126}",2392,126,4,0.4185504505875915,1181881.1032621567
9,a2c,a2c_09f4a573,"{""candidate_id"": ""a2c_09f4a573"", ""kwargs"": {""gamma"": 0.99}, ""timesteps"": 30000, ""validation_days"": 126}",2392,126,5,0.31246677664814665,1147167.280684726
9,a2c,a2c_09f4a573,"{""candidate_id"": ""a2c_09f4a573"", ""kwargs"": {""gamma"": 0.99}, ""timesteps"": 30000, ""validation_days"": 126}",2455,126,1,0.3550022534110882,1249664.6652930377
9,a2c,a2c_09f4a573,"{""candidate_id"": ""a2c_09f4a573"", ""kwargs"": {""gamma"": 0.99}, ""timesteps"": 30000, ""validation_days"": 126}",2455,126,2,0.1969854494642414,1092240.4405943821
9,a2c,a2c_09f4a573,"{""candidate_id"": ""a2c_09f4a573"", ""kwargs"": {""gamma"": 0.99}, ""timesteps"": 30000, ""validation_days"": 126}",2455,126,3,0.12975546008486313,1063781.1288669612
9,a2c,a2c_09f4a573,"{""candidate_id"": ""a2c_09f4a573"", ""kwargs"": {""gamma"": 0.99}, ""timesteps"": 30000, ""validation_days"": 126}",2455,126,4,0.14504961464675997,1077650.5066635655
9,a2c,a2c_09f4a573,"{""candidate_id"": ""a2c_09f4a573"", ""kwargs"": {""gamma"": 0.99}, ""timesteps"": 30000, ""validation_days"": 126}",2455,126,5,0.13936040730754778,1073313.9638080671
9,ppo,ppo_020fdc27,"{""candidate_id"": ""ppo_020fdc27"", ""kwargs"": {""batch_size"": 64, ""ent_coef"": 0.005, ""gamma"": 0.99, ""n_steps"": 512}, ""timesteps"": 50000, ""validation_days"": 126}",2329,126,1,0.18277446397964117,1085642.48929497
9,ppo,ppo_020fdc27,"{""candidate_id"": ""ppo_020fdc27"", ""kwargs"": {""batch_size"": 64, ""ent_coef"": 0.005, ""gamma"": 0.99, ""n_steps"": 512}, ""timesteps"": 50000, ""validation_days"": 126}",2329,126,2,0.6052919505981019,1270941.5938257764
9,ppo,ppo_020fdc27,"{""candidate_id"": ""ppo_020fdc27"", ""kwargs"": {""batch_size"": 64, ""ent_coef"": 0.005, ""gamma"": 0.99, ""n_steps"": 512}, ""timesteps"": 50000, ""validation_days"": 126}",2329,126,3,0.5496446260680956,1326398.405965184
9,ppo,ppo_020fdc27,"{""candidate_id"": ""ppo_020fdc27"", ""kwargs"": {""batch_size"": 64, ""ent_coef"": 0.005, ""gamma"": 0.99, ""n_steps"": 512}, ""timesteps"": 50000, ""validation_days"": 126}",2329,126,4,0.032339279753469515,1011649.422504444
9,ppo,ppo_020fdc27,"{""candidate_id"": ""ppo_020fdc27"", ""kwargs"": {""batch_size"": 64, ""ent_coef"": 0.005, ""gamma"": 0.99, ""n_steps"": 512}, ""timesteps"": 50000, ""validation_days"": 126}",2329,126,5,0.5258608302746567,1281913.0672572562
9,ppo,ppo_020fdc27,"{""candidate_id"": ""ppo_020fdc27"", ""kwargs"": {""batch_size"": 64, ""ent_coef"": 0.005, ""gamma"": 0.99, ""n_steps"": 512}, ""timesteps"": 50000, ""validation_days"": 126}",2392,126,1,0.24856434024075533,1118499.073557225
9,ppo,ppo_020fdc27,"{""candidate_id"": ""ppo_020fdc27"", ""kwargs"": {""batch_size"": 64, ""ent_coef"": 0.005, ""gamma"": 0.99, ""n_steps"": 512}, ""timesteps"": 50000, ""validation_days"": 126}",2392,126,2,0.1668581934106021,1070727.6112631797
9,ppo,ppo_020fdc27,"{""candidate_id"": ""ppo_020fdc27"", ""kwargs"": {""batch_size"": 64, ""ent_coef"": 0.005, ""gamma"": 0.99, ""n_steps"": 512}, ""timesteps"": 50000, ""validation_days"": 126}",2392,126,3,0.041829085083478455,1014308.400775167
9,ppo,ppo_020fdc27,"{""candidate_id"": ""ppo_020fdc27"", ""kwargs"": {""batch_size"": 64, ""ent_coef"": 0.005, ""gamma"": 0.99, ""n_steps"": 512}, ""timesteps"": 50000, ""validation_days"": 126}",2392,126,4,0.23138470172642747,1109566.9452514001
9,ppo,ppo_020fdc27,"{""candidate_id"": ""ppo_020fdc27"", ""kwargs"": {""batch_size"": 64, ""ent_coef"": 0.005, ""gamma"": 0.99, ""n_steps"": 512}, ""timesteps"": 50000, ""validation_days"": 126}",2392,126,5,0.0946321824577925,1039670.9772336918
9,ppo,ppo_020fdc27,"{""candidate_id"": ""ppo_020fdc27"", ""kwargs"": {""batch_size"": 64, ""ent_coef"": 0.005, ""gamma"": 0.99, ""n_steps"": 512}, ""timesteps"": 50000, ""validation_days"": 126}",2455,126,1,0.14860620236592245,1071732.289485807
9,ppo,ppo_020fdc27,"{""candidate_id"": ""ppo_020fdc27"", ""kwargs"": {""batch_size"": 64, ""ent_coef"": 0.005, ""gamma"": 0.99, ""n_steps"": 512}, ""timesteps"": 50000, ""validation_days"": 126}",2455,126,2,0.18729813780336543,1108740.500365905
9,ppo,ppo_020fdc27,"{""candidate_id"": ""ppo_020fdc27"", ""kwargs"": {""batch_size"": 64, ""ent_coef"": 0.005, ""gamma"": 0.99, ""n_steps"": 512}, ""timesteps"": 50000, ""validation_days"": 126}",2455,126,3,0.09394215958457516,1050225.1456619794
9,ppo,ppo_020fdc27,"{""candidate_id"": ""ppo_020fdc27"", ""kwargs"": {""batch_size"": 64, ""ent_coef"": 0.005, ""gamma"": 0.99, ""n_steps"": 512}, ""timesteps"": 50000, ""validation_days"": 126}",2455,126,4,0.12525306880896636,1061847.1590369667
9,ppo,ppo_020fdc27,"{""candidate_id"": ""ppo_020fdc27"", ""kwargs"": {""batch_size"": 64, ""ent_coef"": 0.005, ""gamma"": 0.99, ""n_steps"": 512}, ""timesteps"": 50000, ""validation_days"": 126}",2455,126,5,0.09044278885904104,1059150.9335784682
9,ppo,ppo_e4290e54,"{""candidate_id"": ""ppo_e4290e54"", ""kwargs"": {""batch_size"": 64, ""ent_coef"": 0.005, ""gamma"": 0.99, ""n_steps"": 512}, ""timesteps"": 100000, ""validation_days"": 126}",2329,126,1,0.2100879479593596,1108462.9039131748
9,ppo,ppo_e4290e54,"{""candidate_id"": ""ppo_e4290e54"", ""kwargs"": {""batch_size"": 64, ""ent_coef"": 0.005, ""gamma"": 0.99, ""n_steps"": 512}, ""timesteps"": 100000, ""validation_days"": 126}",2329,126,2,0.3733071216842817,1157766.8646730904
9,ppo,ppo_e4290e54,"{""candidate_id"": ""ppo_e4290e54"", ""kwargs"": {""batch_size"": 64, ""ent_coef"": 0.005, ""gamma"": 0.99, ""n_steps"": 512}, ""timesteps"": 100000, ""validation_days"": 126}",2329,126,3,0.5975538659691052,1320434.494198686
9,ppo,ppo_e4290e54,"{""candidate_id"": ""ppo_e4290e54"", ""kwargs"": {""batch_size"": 64, ""ent_coef"": 0.005, ""gamma"": 0.99, ""n_steps"": 512}, ""timesteps"": 100000, ""validation_days"": 126}",2329,126,4,0.08571280598091059,1039279.8408330916
9,ppo,ppo_e4290e54,"{""candidate_id"": ""ppo_e4290e54"", ""kwargs"": {""batch_size"": 64, ""ent_coef"": 0.005, ""gamma"": 0.99, ""n_steps"": 512}, ""timesteps"": 100000, ""validation_days"": 126}",2329,126,5,0.41139279143054297,1220296.7600962976
9,ppo,ppo_e4290e54,"{""candidate_id"": ""ppo_e4290e54"", ""kwargs"": {""batch_size"": 64, ""ent_coef"": 0.005, ""gamma"": 0.99, ""n_steps"": 512}, ""timesteps"": 100000, ""validation_days"": 126}",2392,126,1,0.03493976811835338,1016452.988260594
9,ppo,ppo_e4290e54,"{""candidate_id"": ""ppo_e4290e54"", ""kwargs"": {""batch_size"": 64, ""ent_coef"": 0.005, ""gamma"": 0.99, ""n_steps"": 512}, ""timesteps"": 100000, ""validation_days"": 126}",2392,126,2,0.1111924128672248,1052461.3155290037
9,ppo,ppo_e4290e54,"{""candidate_id"": ""ppo_e4290e54"", ""kwargs"": {""batch_size"": 64, ""ent_coef"": 0.005, ""gamma"": 0.99, ""n_steps"": 512}, ""timesteps"": 100000, ""validation_days"": 126}",2392,126,3,0.13434234920996718,1058590.7568194414
9,ppo,ppo_e4290e54,"{""candidate_id"": ""ppo_e4290e54"", ""kwargs"": {""batch_size"": 64, ""ent_coef"": 0.005, ""gamma"": 0.99, ""n_steps"": 512}, ""timesteps"": 100000, ""validation_days"": 126}",2392,126,4,0.13208630189009768,1055317.321638504
9,ppo,ppo_e4290e54,"{""candidate_id"": ""ppo_e4290e54"", ""kwargs"": {""batch_size"": 64, ""ent_coef"": 0.005, ""gamma"": 0.99, ""n_steps"": 512}, ""timesteps"": 100000, ""validation_days"": 126}",2392,126,5,0.2279514477422171,1100462.6094631066
9,ppo,ppo_e4290e54,"{""candidate_id"": ""ppo_e4290e54"", ""kwargs"": {""batch_size"": 64, ""ent_coef"": 0.005, ""gamma"": 0.99, ""n_steps"": 512}, ""timesteps"": 100000, ""validation_days"": 126}",2455,126,1,0.14722530564656264,1076685.301221557
9,ppo,ppo_e4290e54,"{""candidate_id"": ""ppo_e4290e54"", ""kwargs"": {""batch_size"": 64, ""ent_coef"": 0.005, ""gamma"": 0.99, ""n_steps"": 512}, ""timesteps"": 100000, ""validation_days"": 126}",2455,126,2,0.22130069318733578,1154081.2523843986
9,ppo,ppo_e4290e54,"{""candidate_id"": ""ppo_e4290e54"", ""kwargs"": {""batch_size"": 64, ""ent_coef"": 0.005, ""gamma"": 0.99, ""n_steps"": 512}, ""timesteps"": 100000, ""validation_days"": 126}",2455,126,3,0.17355645393442248,1095365.067101455
9,ppo,ppo_e4290e54,"{""candidate_id"": ""ppo_e4290e54"", ""kwargs"": {""batch_size"": 64, ""ent_coef"": 0.005, ""gamma"": 0.99, ""n_steps"": 512}, ""timesteps"": 100000, ""validation_days"": 126}",2455,126,4,0.14310106926829977,1081937.0148920605
9,ppo,ppo_e4290e54,"{""candidate_id"": ""ppo_e4290e54"", ""kwargs"": {""batch_size"": 64, ""ent_coef"": 0.005, ""gamma"": 0.99, ""n_steps"": 512}, ""timesteps"": 100000, ""validation_days"": 126}",2455,126,5,0.08426742502713634,1049889.982003737
9,ddpg,ddpg_db4c7149,"{""candidate_id"": ""ddpg_db4c7149"", ""kwargs"": {""batch_size"": 64, ""buffer_size"": 10000, ""gamma"": 0.99, ""noise_sigma"": 0.5}, ""timesteps"": 10000, ""validation_days"": 126}",2329,126,1,0.41101669535947666,1176045.5663788656
9,ddpg,ddpg_db4c7149,"{""candidate_id"": ""ddpg_db4c7149"", ""kwargs"": {""batch_size"": 64, ""buffer_size"": 10000, ""gamma"": 0.99, ""noise_sigma"": 0.5}, ""timesteps"": 10000, ""validation_days"": 126}",2329,126,2,0.48103356743134673,1217560.5100370783
9,ddpg,ddpg_db4c7149,"{""candidate_id"": ""ddpg_db4c7149"", ""kwargs"": {""batch_size"": 64, ""buffer_size"": 10000, ""gamma"": 0.99, ""noise_sigma"": 0.5}, ""timesteps"": 10000, ""validation_days"": 126}",2329,126,3,0.4849457708167323,1220478.1722102005
9,ddpg,ddpg_db4c7149,"{""candidate_id"": ""ddpg_db4c7149"", ""kwargs"": {""batch_size"": 64, ""buffer_size"": 10000, ""gamma"": 0.99, ""noise_sigma"": 0.5}, ""timesteps"": 10000, ""validation_days"": 126}",2329,126,4,0.3771208337630854,1159273.2552173676
9,ddpg,ddpg_db4c7149,"{""candidate_id"": ""ddpg_db4c7149"", ""kwargs"": {""batch_size"": 64, ""buffer_size"": 10000, ""gamma"": 0.99, ""noise_sigma"": 0.5}, ""timesteps"": 10000, ""validation_days"": 126}",2329,126,5,0.36295655573795377,1154355.4351806096
9,ddpg,ddpg_db4c7149,"{""candidate_id"": ""ddpg_db4c7149"", ""kwargs"": {""batch_size"": 64, ""buffer_size"": 10000, ""gamma"": 0.99, ""noise_sigma"": 0.5}, ""timesteps"": 10000, ""validation_days"": 126}",2392,126,1,0.17965347411327368,1070397.5578485513
9,ddpg,ddpg_db4c7149,"{""candidate_id"": ""ddpg_db4c7149"", ""kwargs"": {""batch_size"": 64, ""buffer_size"": 10000, ""gamma"": 0.99, ""noise_sigma"": 0.5}, ""timesteps"": 10000, ""validation_days"": 126}",2392,126,2,0.2379280454251043,1094615.6255506016
9,ddpg,ddpg_db4c7149,"{""candidate_id"": ""ddpg_db4c7149"", ""kwargs"": {""batch_size"": 64, ""buffer_size"": 10000, ""gamma"": 0.99, ""noise_sigma"": 0.5}, ""timesteps"": 10000, ""validation_days"": 126}",2392,126,3,0.2755638390571309,1112450.4156862656
9,ddpg,ddpg_db4c7149,"{""candidate_id"": ""ddpg_db4c7149"", ""kwargs"": {""batch_size"": 64, ""buffer_size"": 10000, ""gamma"": 0.99, ""noise_sigma"": 0.5}, ""timesteps"": 10000, ""validation_days"": 126}",2392,126,4,0.16137510928234586,1060378.8587012743
9,ddpg,ddpg_db4c7149,"{""candidate_id"": ""ddpg_db4c7149"", ""kwargs"": {""batch_size"": 64, ""buffer_size"": 10000, ""gamma"": 0.99, ""noise_sigma"": 0.5}, ""timesteps"": 10000, ""validation_days"": 126}",2392,126,5,0.25122477318154735,1095675.7724413588
9,ddpg,ddpg_db4c7149,"{""candidate_id"": ""ddpg_db4c7149"", ""kwargs"": {""batch_size"": 64, ""buffer_size"": 10000, ""gamma"": 0.99, ""noise_sigma"": 0.5}, ""timesteps"": 10000, ""validation_days"": 126}",2455,126,1,0.1655878110779434,1075038.1866535137
9,ddpg,ddpg_db4c7149,"{""candidate_id"": ""ddpg_db4c7149"", ""kwargs"": {""batch_size"": 64, ""buffer_size"": 10000, ""gamma"": 0.99, ""noise_sigma"": 0.5}, ""timesteps"": 10000, ""validation_days"": 126}",2455,126,2,0.2799331186885957,1129146.192591248
9,ddpg,ddpg_db4c7149,"{""candidate_id"": ""ddpg_db4c7149"", ""kwargs"": {""batch_size"": 64, ""buffer_size"": 10000, ""gamma"": 0.99, ""noise_sigma"": 0.5}, ""timesteps"": 10000, ""validation_days"": 126}",2455,126,3,0.2090846759970872,1101650.9479589446
9,ddpg,ddpg_db4c7149,"{""candidate_id"": ""ddpg_db4c7149"", ""kwargs"": {""batch_size"": 64, ""buffer_size"": 10000, ""gamma"": 0.99, ""noise_sigma"": 0.5}, ""timesteps"": 10000, ""validation_days"": 126}",2455,126,4,0.2108136532986359,1094090.5642379052
9,ddpg,ddpg_db4c7149,"{""candidate_id"": ""ddpg_db4c7149"", ""kwargs"": {""batch_size"": 64, ""buffer_size"": 10000, ""gamma"": 0.99, ""noise_sigma"": 0.5}, ""timesteps"": 10000, ""validation_days"": 126}",2455,126,5,0.20341236704689217,1108102.9964540387
9,ddpg,ddpg_cfec8cb3,"{""candidate_id"": ""ddpg_cfec8cb3"", ""kwargs"": {""batch_size"": 128, ""buffer_size"": 10000, ""gamma"": 0.99, ""noise_sigma"": 0.3}, ""timesteps"": 10000, ""validation_days"": 126}",2329,126,1,0.4880660091659309,1229352.6525999373
9,ddpg,ddpg_cfec8cb3,"{""candidate_id"": ""ddpg_cfec8cb3"", ""kwargs"": {""batch_size"": 128, ""buffer_size"": 10000, ""gamma"": 0.99, ""noise_sigma"": 0.3}, ""timesteps"": 10000, ""validation_days"": 126}",2329,126,2,0.44054028648403937,1171906.9892063425
9,ddpg,ddpg_cfec8cb3,"{""candidate_id"": ""ddpg_cfec8cb3"", ""kwargs"": {""batch_size"": 128, ""buffer_size"": 10000, ""gamma"": 0.99, ""noise_sigma"": 0.3}, ""timesteps"": 10000, ""validation_days"": 126}",2329,126,3,0.46268586648877286,1218056.7250155373
9,ddpg,ddpg_cfec8cb3,"{""candidate_id"": ""ddpg_cfec8cb3"", ""kwargs"": {""batch_size"": 128, ""buffer_size"": 10000, ""gamma"": 0.99, ""noise_sigma"": 0.3}, ""timesteps"": 10000, ""validation_days"": 126}",2329,126,4,0.44322732662618547,1199809.3694159547
9,ddpg,ddpg_cfec8cb3,"{""candidate_id"": ""ddpg_cfec8cb3"", ""kwargs"": {""batch_size"": 128, ""buffer_size"": 10000, ""gamma"": 0.99, ""noise_sigma"": 0.3}, ""timesteps"": 10000, ""validation_days"": 126}",2329,126,5,0.2606222289536581,1105451.5588588135
9,ddpg,ddpg_cfec8cb3,"{""candidate_id"": ""ddpg_cfec8cb3"", ""kwargs"": {""batch_size"": 128, ""buffer_size"": 10000, ""gamma"": 0.99, ""noise_sigma"": 0.3}, ""timesteps"": 10000, ""validation_days"": 126}",2392,126,1,0.19582578256602667,1083418.2068288114
9,ddpg,ddpg_cfec8cb3,"{""candidate_id"": ""ddpg_cfec8cb3"", ""kwargs"": {""batch_size"": 128, ""buffer_size"": 10000, ""gamma"": 0.99, ""noise_sigma"": 0.3}, ""timesteps"": 10000, ""validation_days"": 126}",2392,126,2,0.20160635025081253,1076520.346997127
9,ddpg,ddpg_cfec8cb3,"{""candidate_id"": ""ddpg_cfec8cb3"", ""kwargs"": {""batch_size"": 128, ""buffer_size"": 10000, ""gamma"": 0.99, ""noise_sigma"": 0.3}, ""timesteps"": 10000, ""validation_days"": 126}",2392,126,3,0.1256545718732313,1050239.8312835884
9,ddpg,ddpg_cfec8cb3,"{""candidate_id"": ""ddpg_cfec8cb3"", ""kwargs"": {""batch_size"": 128, ""buffer_size"": 10000, ""gamma"": 0.99, ""noise_sigma"": 0.3}, ""timesteps"": 10000, ""validation_days"": 126}",2392,126,4,0.00432277017194951,998926.1323738985
9,ddpg,ddpg_cfec8cb3,"{""candidate_id"": ""ddpg_cfec8cb3"", ""kwargs"": {""batch_size"": 128, ""buffer_size"": 10000, ""gamma"": 0.99, ""noise_sigma"": 0.3}, ""timesteps"": 10000, ""validation_days"": 126}",2392,126,5,0.1379415107403713,1052959.4297127877
9,ddpg,ddpg_cfec8cb3,"{""candidate_id"": ""ddpg_cfec8cb3"", ""kwargs"": {""batch_size"": 128, ""buffer_size"": 10000, ""gamma"": 0.99, ""noise_sigma"": 0.3}, ""timesteps"": 10000, ""validation_days"": 126}",2455,126,1,0.106911824122352,1050164.1897353248
9,ddpg,ddpg_cfec8cb3,"{""candidate_id"": ""ddpg_cfec8cb3"", ""kwargs"": {""batch_size"": 128, ""buffer_size"": 10000, ""gamma"": 0.99, ""noise_sigma"": 0.3}, ""timesteps"": 10000, ""validation_days"": 126}",2455,126,2,0.2524869814201223,1110361.129469607
9,ddpg,ddpg_cfec8cb3,"{""candidate_id"": ""ddpg_cfec8cb3"", ""kwargs"": {""batch_size"": 128, ""buffer_size"": 10000, ""gamma"": 0.99, ""noise_sigma"": 0.3}, ""timesteps"": 10000, ""validation_days"": 126}",2455,126,3,0.18935181484411223,1087438.1751895656
9,ddpg,ddpg_cfec8cb3,"{""candidate_id"": ""ddpg_cfec8cb3"", ""kwargs"": {""batch_size"": 128, ""buffer_size"": 10000, ""gamma"": 0.99, ""noise_sigma"": 0.3}, ""timesteps"": 10000, ""validation_days"": 126}",2455,126,4,0.1694835917172563,1078531.5330535145
9,ddpg,ddpg_cfec8cb3,"{""candidate_id"": ""ddpg_cfec8cb3"", ""kwargs"": {""batch_size"": 128, ""buffer_size"": 10000, ""gamma"": 0.99, ""noise_sigma"": 0.3}, ""timesteps"": 10000, ""validation_days"": 126}",2455,126,5,0.2509713306592906,1120390.6548951468
10,a2c,a2c_aee7d73f,"{""candidate_id"": ""a2c_aee7d73f"", ""kwargs"": {""gamma"": 0.99}, ""timesteps"": 10000, ""validation_days"": 126}",2392,126,1,0.1514660056100226,1066722.0886668405
10,a2c,a2c_aee7d73f,"{""candidate_id"": ""a2c_aee7d73f"", ""kwargs"": {""gamma"": 0.99}, ""timesteps"": 10000, ""validation_days"": 126}",2392,126,2,0.3034516179468624,1252987.8598460779
10,a2c,a2c_aee7d73f,"{""candidate_id"": ""a2c_aee7d73f"", ""kwargs"": {""gamma"": 0.99}, ""timesteps"": 10000, ""validation_days"": 126}",2392,126,3,0.07413909569621129,1028138.3243016953
10,a2c,a2c_aee7d73f,"{""candidate_id"": ""a2c_aee7d73f"", ""kwargs"": {""gamma"": 0.99}, ""timesteps"": 10000, ""validation_days"": 126}",2392,126,4,0.4043303776005469,1186718.8298412634
10,a2c,a2c_aee7d73f,"{""candidate_id"": ""a2c_aee7d73f"", ""kwargs"": {""gamma"": 0.99}, ""timesteps"": 10000, ""validation_days"": 126}",2392,126,5,0.2925174724304796,1137776.3686051317
10,a2c,a2c_aee7d73f,"{""candidate_id"": ""a2c_aee7d73f"", ""kwargs"": {""gamma"": 0.99}, ""timesteps"": 10000, ""validation_days"": 126}",2455,126,1,0.2617432286277548,1152243.3057477747
10,a2c,a2c_aee7d73f,"{""candidate_id"": ""a2c_aee7d73f"", ""kwargs"": {""gamma"": 0.99}, ""timesteps"": 10000, ""validation_days"": 126}",2455,126,2,0.2221292415458136,1145669.4124537408
10,a2c,a2c_aee7d73f,"{""candidate_id"": ""a2c_aee7d73f"", ""kwargs"": {""gamma"": 0.99}, ""timesteps"": 10000, ""validation_days"": 126}",2455,126,3,0.2028478420806341,1102205.935377301
10,a2c,a2c_aee7d73f,"{""candidate_id"": ""a2c_aee7d73f"", ""kwargs"": {""gamma"": 0.99}, ""timesteps"": 10000, ""validation_days"": 126}",2455,126,4,0.2240013250860798,1112087.8903582164
10,a2c,a2c_aee7d73f,"{""candidate_id"": ""a2c_aee7d73f"", ""kwargs"": {""gamma"": 0.99}, ""timesteps"": 10000, ""validation_days"": 126}",2455,126,5,0.16062807032650103,1089188.5095040665
10,a2c,a2c_aee7d73f,"{""candidate_id"": ""a2c_aee7d73f"", ""kwargs"": {""gamma"": 0.99}, ""timesteps"": 10000, ""validation_days"": 126}",2518,126,1,0.18526227476393287,1109998.1868880216
10,a2c,a2c_aee7d73f,"{""candidate_id"": ""a2c_aee7d73f"", ""kwargs"": {""gamma"": 0.99}, ""timesteps"": 10000, ""validation_days"": 126}",2518,126,2,0.1581035789477896,1099365.3698037644
10,a2c,a2c_aee7d73f,"{""candidate_id"": ""a2c_aee7d73f"", ""kwargs"": {""gamma"": 0.99}, ""timesteps"": 10000, ""validation_days"": 126}",2518,126,3,0.26621679254595015,1186281.029664915
10,a2c,a2c_aee7d73f,"{""candidate_id"": ""a2c_aee7d73f"", ""kwargs"": {""gamma"": 0.99}, ""timesteps"": 10000, ""validation_days"": 126}",2518,126,4,0.2673250199576148,1146095.1158308135
10,a2c,a2c_aee7d73f,"{""candidate_id"": ""a2c_aee7d73f"", ""kwargs"": {""gamma"": 0.99}, ""timesteps"": 10000, ""validation_days"": 126}",2518,126,5,0.14738997034852533,1069888.6967120992
10,a2c,a2c_09f4a573,"{""candidate_id"": ""a2c_09f4a573"", ""kwargs"": {""gamma"": 0.99}, ""timesteps"": 30000, ""validation_days"": 126}",2392,126,1,0.23171198508642987,1094335.4753463285
10,a2c,a2c_09f4a573,"{""candidate_id"": ""a2c_09f4a573"", ""kwargs"": {""gamma"": 0.99}, ""timesteps"": 30000, ""validation_days"": 126}",2392,126,2,0.18225845111557146,1079235.258861949
10,a2c,a2c_09f4a573,"{""candidate_id"": ""a2c_09f4a573"", ""kwargs"": {""gamma"": 0.99}, ""timesteps"": 30000, ""validation_days"": 126}",2392,126,3,-0.06872497241191082,967438.9093985617
10,a2c,a2c_09f4a573,"{""candidate_id"": ""a2c_09f4a573"", ""kwargs"": {""gamma"": 0.99}, ""timesteps"": 30000, ""validation_days"": 126}",2392,126,4,0.4185504505875915,1181881.1032621567
10,a2c,a2c_09f4a573,"{""candidate_id"": ""a2c_09f4a573"", ""kwargs"": {""gamma"": 0.99}, ""timesteps"": 30000, ""validation_days"": 126}",2392,126,5,0.31246677664814665,1147167.280684726
10,a2c,a2c_09f4a573,"{""candidate_id"": ""a2c_09f4a573"", ""kwargs"": {""gamma"": 0.99}, ""timesteps"": 30000, ""validation_days"": 126}",2455,126,1,0.3550022534110882,1249664.6652930377
10,a2c,a2c_09f4a573,"{""candidate_id"": ""a2c_09f4a573"", ""kwargs"": {""gamma"": 0.99}, ""timesteps"": 30000, ""validation_days"": 126}",2455,126,2,0.1969854494642414,1092240.4405943821
10,a2c,a2c_09f4a573,"{""candidate_id"": ""a2c_09f4a573"", ""kwargs"": {""gamma"": 0.99}, ""timesteps"": 30000, ""validation_days"": 126}",2455,126,3,0.12975546008486313,1063781.1288669612
10,a2c,a2c_09f4a573,"{""candidate_id"": ""a2c_09f4a573"", ""kwargs"": {""gamma"": 0.99}, ""timesteps"": 30000, ""validation_days"": 126}",2455,126,4,0.14504961464675997,1077650.5066635655
10,a2c,a2c_09f4a573,"{""candidate_id"": ""a2c_09f4a573"", ""kwargs"": {""gamma"": 0.99}, ""timesteps"": 30000, ""validation_days"": 126}",2455,126,5,0.13936040730754778,1073313.9638080671
10,a2c,a2c_09f4a573,"{""candidate_id"": ""a2c_09f4a573"", ""kwargs"": {""gamma"": 0.99}, ""timesteps"": 30000, ""validation_days"": 126}",2518,126,1,0.1286243065430515,1059797.6349363592
10,a2c,a2c_09f4a573,"{""candidate_id"": ""a2c_09f4a573"", ""kwargs"": {""gamma"": 0.99}, ""timesteps"": 30000, ""validation_days"": 126}",2518,126,2,0.16425746042093575,1084864.955014447
10,a2c,a2c_09f4a573,"{""candidate_id"": ""a2c_09f4a573"", ""kwargs"": {""gamma"": 0.99}, ""timesteps"": 30000, ""validation_days"": 126}",2518,126,3,0.2844313567072535,1167736.5513043143
10,a2c,a2c_09f4a573,"{""candidate_id"": ""a2c_09f4a573"", ""kwargs"": {""gamma"": 0.99}, ""timesteps"": 30000, ""validation_days"": 126}",2518,126,4,0.242466545175414,1129063.4198051929
10,a2c,a2c_09f4a573,"{""candidate_id"": ""a2c_09f4a573"", ""kwargs"": {""gamma"": 0.99}, ""timesteps"": 30000, ""validation_days"": 126}",2518,126,5,0.22397017418252213,1157658.4613355985
10,ppo,ppo_020fdc27,"{""candidate_id"": ""ppo_020fdc27"", ""kwargs"": {""batch_size"": 64, ""ent_coef"": 0.005, ""gamma"": 0.99, ""n_steps"": 512}, ""timesteps"": 50000, ""validation_days"": 126}",2392,126,1,0.24856434024075533,1118499.073557225
10,ppo,ppo_020fdc27,"{""candidate_id"": ""ppo_020fdc27"", ""kwargs"": {""batch_size"": 64, ""ent_coef"": 0.005, ""gamma"": 0.99, ""n_steps"": 512}, ""timesteps"": 50000, ""validation_days"": 126}",2392,126,2,0.1668581934106021,1070727.6112631797
10,ppo,ppo_020fdc27,"{""candidate_id"": ""ppo_020fdc27"", ""kwargs"": {""batch_size"": 64, ""ent_coef"": 0.005, ""gamma"": 0.99, ""n_steps"": 512}, ""timesteps"": 50000, ""validation_days"": 126}",2392,126,3,0.041829085083478455,1014308.400775167
10,ppo,ppo_020fdc27,"{""candidate_id"": ""ppo_020fdc27"", ""kwargs"": {""batch_size"": 64, ""ent_coef"": 0.005, ""gamma"": 0.99, ""n_steps"": 512}, ""timesteps"": 50000, ""validation_days"": 126}",2392,126,4,0.23138470172642747,1109566.9452514001
10,ppo,ppo_020fdc27,"{""candidate_id"": ""ppo_020fdc27"", ""kwargs"": {""batch_size"": 64, ""ent_coef"": 0.005, ""gamma"": 0.99, ""n_steps"": 512}, ""timesteps"": 50000, ""validation_days"": 126}",2392,126,5,0.0946321824577925,1039670.9772336918
10,ppo,ppo_020fdc27,"{""candidate_id"": ""ppo_020fdc27"", ""kwargs"": {""batch_size"": 64, ""ent_coef"": 0.005, ""gamma"": 0.99, ""n_steps"": 512}, ""timesteps"": 50000, ""validation_days"": 126}",2455,126,1,0.14860620236592245,1071732.289485807
10,ppo,ppo_020fdc27,"{""candidate_id"": ""ppo_020fdc27"", ""kwargs"": {""batch_size"": 64, ""ent_coef"": 0.005, ""gamma"": 0.99, ""n_steps"": 512}, ""timesteps"": 50000, ""validation_days"": 126}",2455,126,2,0.18729813780336543,1108740.500365905
10,ppo,ppo_020fdc27,"{""candidate_id"": ""ppo_020fdc27"", ""kwargs"": {""batch_size"": 64, ""ent_coef"": 0.005, ""gamma"": 0.99, ""n_steps"": 512}, ""timesteps"": 50000, ""validation_days"": 126}",2455,126,3,0.09394215958457516,1050225.1456619794
10,ppo,ppo_020fdc27,"{""candidate_id"": ""ppo_020fdc27"", ""kwargs"": {""batch_size"": 64, ""ent_coef"": 0.005, ""gamma"": 0.99, ""n_steps"": 512}, ""timesteps"": 50000, ""validation_days"": 126}",2455,126,4,0.12525306880896636,1061847.1590369667
10,ppo,ppo_020fdc27,"{""candidate_id"": ""ppo_020fdc27"", ""kwargs"": {""batch_size"": 64, ""ent_coef"": 0.005, ""gamma"": 0.99, ""n_steps"": 512}, ""timesteps"": 50000, ""validation_days"": 126}",2455,126,5,0.09044278885904104,1059150.9335784682
10,ppo,ppo_020fdc27,"{""candidate_id"": ""ppo_020fdc27"", ""kwargs"": {""batch_size"": 64, ""ent_coef"": 0.005, ""gamma"": 0.99, ""n_steps"": 512}, ""timesteps"": 50000, ""validation_days"": 126}",2518,126,1,0.24838914653201735,1151593.1218970923
10,ppo,ppo_020fdc27,"{""candidate_id"": ""ppo_020fdc27"", ""kwargs"": {""batch_size"": 64, ""ent_coef"": 0.005, ""gamma"": 0.99, ""n_steps"": 512}, ""timesteps"": 50000, ""validation_days"": 126}",2518,126,2,0.16956115881794542,1111470.2493119044
10,ppo,ppo_020fdc27,"{""candidate_id"": ""ppo_020fdc27"", ""kwargs"": {""batch_size"": 64, ""ent_coef"": 0.005, ""gamma"": 0.99, ""n_steps"": 512}, ""timesteps"": 50000, ""validation_days"": 126}",2518,126,3,0.15607521423325837,1104165.9917300227
10,ppo,ppo_020fdc27,"{""candidate_id"": ""ppo_020fdc27"", ""kwargs"": {""batch_size"": 64, ""ent_coef"": 0.005, ""gamma"": 0.99, ""n_steps"": 512}, ""timesteps"": 50000, ""validation_days"": 126}",2518,126,4,0.30583625888115307,1195048.494517146
10,ppo,ppo_020fdc27,"{""candidate_id"": ""ppo_020fdc27"", ""kwargs"": {""batch_size"": 64, ""ent_coef"": 0.005, ""gamma"": 0.99, ""n_steps"": 512}, ""timesteps"": 50000, ""validation_days"": 126}",2518,126,5,0.10906716478650537,1048507.0695923474
10,ppo,ppo_e4290e54,"{""candidate_id"": ""ppo_e4290e54"", ""kwargs"": {""batch_size"": 64, ""ent_coef"": 0.005, ""gamma"": 0.99, ""n_steps"": 512}, ""timesteps"": 100000, ""validation_days"": 126}",2392,126,1,0.03493976811835338,1016452.988260594
10,ppo,ppo_e4290e54,"{""candidate_id"": ""ppo_e4290e54"", ""kwargs"": {""batch_size"": 64, ""ent_coef"": 0.005, ""gamma"": 0.99, ""n_steps"": 512}, ""timesteps"": 100000, ""validation_days"": 126}",2392,126,2,0.1111924128672248,1052461.3155290037
10,ppo,ppo_e4290e54,"{""candidate_id"": ""ppo_e4290e54"", ""kwargs"": {""batch_size"": 64, ""ent_coef"": 0.005, ""gamma"": 0.99, ""n_steps"": 512}, ""timesteps"": 100000, ""validation_days"": 126}",2392,126,3,0.13434234920996718,1058590.7568194414
10,ppo,ppo_e4290e54,"{""candidate_id"": ""ppo_e4290e54"", ""kwargs"": {""batch_size"": 64, ""ent_coef"": 0.005, ""gamma"": 0.99, ""n_steps"": 512}, ""timesteps"": 100000, ""validation_days"": 126}",2392,126,4,0.13208630189009768,1055317.321638504
10,ppo,ppo_e4290e54,"{""candidate_id"": ""ppo_e4290e54"", ""kwargs"": {""batch_size"": 64, ""ent_coef"": 0.005, ""gamma"": 0.99, ""n_steps"": 512}, ""timesteps"": 100000, ""validation_days"": 126}",2392,126,5,0.2279514477422171,1100462.6094631066
10,ppo,ppo_e4290e54,"{""candidate_id"": ""ppo_e4290e54"", ""kwargs"": {""batch_size"": 64, ""ent_coef"": 0.005, ""gamma"": 0.99, ""n_steps"": 512}, ""timesteps"": 100000, ""validation_days"": 126}",2455,126,1,0.14722530564656264,1076685.301221557
10,ppo,ppo_e4290e54,"{""candidate_id"": ""ppo_e4290e54"", ""kwargs"": {""batch_size"": 64, ""ent_coef"": 0.005, ""gamma"": 0.99, ""n_steps"": 512}, ""timesteps"": 100000, ""validation_days"": 126}",2455,126,2,0.22130069318733578,1154081.2523843986
10,ppo,ppo_e4290e54,"{""candidate_id"": ""ppo_e4290e54"", ""kwargs"": {""batch_size"": 64, ""ent_coef"": 0.005, ""gamma"": 0.99, ""n_steps"": 512}, ""timesteps"": 100000, ""validation_days"": 126}",2455,126,3,0.17355645393442248,1095365.067101455
10,ppo,ppo_e4290e54,"{""candidate_id"": ""ppo_e4290e54"", ""kwargs"": {""batch_size"": 64, ""ent_coef"": 0.005, ""gamma"": 0.99, ""n_steps"": 512}, ""timesteps"": 100000, ""validation_days"": 126}",2455,126,4,0.14310106926829977,1081937.0148920605
10,ppo,ppo_e4290e54,"{""candidate_id"": ""ppo_e4290e54"", ""kwargs"": {""batch_size"": 64, ""ent_coef"": 0.005, ""gamma"": 0.99, ""n_steps"": 512}, ""timesteps"": 100000, ""validation_days"": 126}",2455,126,5,0.08426742502713634,1049889.982003737
10,ppo,ppo_e4290e54,"{""candidate_id"": ""ppo_e4290e54"", ""kwargs"": {""batch_size"": 64, ""ent_coef"": 0.005, ""gamma"": 0.99, ""n_steps"": 512}, ""timesteps"": 100000, ""validation_days"": 126}",2518,126,1,0.15968000271479046,1101798.7156592594
10,ppo,ppo_e4290e54,"{""candidate_id"": ""ppo_e4290e54"", ""kwargs"": {""batch_size"": 64, ""ent_coef"": 0.005, ""gamma"": 0.99, ""n_steps"": 512}, ""timesteps"": 100000, ""validation_days"": 126}",2518,126,2,0.11824335096578086,1069748.082162978
10,ppo,ppo_e4290e54,"{""candidate_id"": ""ppo_e4290e54"", ""kwargs"": {""batch_size"": 64, ""ent_coef"": 0.005, ""gamma"": 0.99, ""n_steps"": 512}, ""timesteps"": 100000, ""validation_days"": 126}",2518,126,3,0.11225797391646652,1065268.3329638497
10,ppo,ppo_e4290e54,"{""candidate_id"": ""ppo_e4290e54"", ""kwargs"": {""batch_size"": 64, ""ent_coef"": 0.005, ""gamma"": 0.99, ""n_steps"": 512}, ""timesteps"": 100000, ""validation_days"": 126}",2518,126,4,0.07073577904767797,1043808.7069934052
10,ppo,ppo_e4290e54,"{""candidate_id"": ""ppo_e4290e54"", ""kwargs"": {""batch_size"": 64, ""ent_coef"": 0.005, ""gamma"": 0.99, ""n_steps"": 512}, ""timesteps"": 100000, ""validation_days"": 126}",2518,126,5,0.10123284297296438,1047406.8407984758
10,ddpg,ddpg_db4c7149,"{""candidate_id"": ""ddpg_db4c7149"", ""kwargs"": {""batch_size"": 64, ""buffer_size"": 10000, ""gamma"": 0.99, ""noise_sigma"": 0.5}, ""timesteps"": 10000, ""validation_days"": 126}",2392,126,1,0.17965347411327368,1070397.5578485513
10,ddpg,ddpg_db4c7149,"{""candidate_id"": ""ddpg_db4c7149"", ""kwargs"": {""batch_size"": 64, ""buffer_size"": 10000, ""gamma"": 0.99, ""noise_sigma"": 0.5}, ""timesteps"": 10000, ""validation_days"": 126}",2392,126,2,0.2379280454251043,1094615.6255506016
10,ddpg,ddpg_db4c7149,"{""candidate_id"": ""ddpg_db4c7149"", ""kwargs"": {""batch_size"": 64, ""buffer_size"": 10000, ""gamma"": 0.99, ""noise_sigma"": 0.5}, ""timesteps"": 10000, ""validation_days"": 126}",2392,126,3,0.2755638390571309,1112450.4156862656
10,ddpg,ddpg_db4c7149,"{""candidate_id"": ""ddpg_db4c7149"", ""kwargs"": {""batch_size"": 64, ""buffer_size"": 10000, ""gamma"": 0.99, ""noise_sigma"": 0.5}, ""timesteps"": 10000, ""validation_days"": 126}",2392,126,4,0.16137510928234586,1060378.8587012743
10,ddpg,ddpg_db4c7149,"{""candidate_id"": ""ddpg_db4c7149"", ""kwargs"": {""batch_size"": 64, ""buffer_size"": 10000, ""gamma"": 0.99, ""noise_sigma"": 0.5}, ""timesteps"": 10000, ""validation_days"": 126}",2392,126,5,0.25122477318154735,1095675.7724413588
10,ddpg,ddpg_db4c7149,"{""candidate_id"": ""ddpg_db4c7149"", ""kwargs"": {""batch_size"": 64, ""buffer_size"": 10000, ""gamma"": 0.99, ""noise_sigma"": 0.5}, ""timesteps"": 10000, ""validation_days"": 126}",2455,126,1,0.1655878110779434,1075038.1866535137
10,ddpg,ddpg_db4c7149,"{""candidate_id"": ""ddpg_db4c7149"", ""kwargs"": {""batch_size"": 64, ""buffer_size"": 10000, ""gamma"": 0.99, ""noise_sigma"": 0.5}, ""timesteps"": 10000, ""validation_days"": 126}",2455,126,2,0.2799331186885957,1129146.192591248
10,ddpg,ddpg_db4c7149,"{""candidate_id"": ""ddpg_db4c7149"", ""kwargs"": {""batch_size"": 64, ""buffer_size"": 10000, ""gamma"": 0.99, ""noise_sigma"": 0.5}, ""timesteps"": 10000, ""validation_days"": 126}",2455,126,3,0.2090846759970872,1101650.9479589446
10,ddpg,ddpg_db4c7149,"{""candidate_id"": ""ddpg_db4c7149"", ""kwargs"": {""batch_size"": 64, ""buffer_size"": 10000, ""gamma"": 0.99, ""noise_sigma"": 0.5}, ""timesteps"": 10000, ""validation_days"": 126}",2455,126,4,0.2108136532986359,1094090.5642379052
10,ddpg,ddpg_db4c7149,"{""candidate_id"": ""ddpg_db4c7149"", ""kwargs"": {""batch_size"": 64, ""buffer_size"": 10000, ""gamma"": 0.99, ""noise_sigma"": 0.5}, ""timesteps"": 10000, ""validation_days"": 126}",2455,126,5,0.20341236704689217,1108102.9964540387
10,ddpg,ddpg_db4c7149,"{""candidate_id"": ""ddpg_db4c7149"", ""kwargs"": {""batch_size"": 64, ""buffer_size"": 10000, ""gamma"": 0.99, ""noise_sigma"": 0.5}, ""timesteps"": 10000, ""validation_days"": 126}",2518,126,1,0.13831184436405428,1069548.1515010057
10,ddpg,ddpg_db4c7149,"{""candidate_id"": ""ddpg_db4c7149"", ""kwargs"": {""batch_size"": 64, ""buffer_size"": 10000, ""gamma"": 0.99, ""noise_sigma"": 0.5}, ""timesteps"": 10000, ""validation_days"": 126}",2518,126,2,0.23884469767341548,1137832.2685980464
10,ddpg,ddpg_db4c7149,"{""candidate_id"": ""ddpg_db4c7149"", ""kwargs"": {""batch_size"": 64, ""buffer_size"": 10000, ""gamma"": 0.99, ""noise_sigma"": 0.5}, ""timesteps"": 10000, ""validation_days"": 126}",2518,126,3,0.17964258239777303,1089879.2228314178
10,ddpg,ddpg_db4c7149,"{""candidate_id"": ""ddpg_db4c7149"", ""kwargs"": {""batch_size"": 64, ""buffer_size"": 10000, ""gamma"": 0.99, ""noise_sigma"": 0.5}, ""timesteps"": 10000, ""validation_days"": 126}",2518,126,4,0.1683156963286635,1081547.1304550872
10,ddpg,ddpg_db4c7149,"{""candidate_id"": ""ddpg_db4c7149"", ""kwargs"": {""batch_size"": 64, ""buffer_size"": 10000, ""gamma"": 0.99, ""noise_sigma"": 0.5}, ""timesteps"": 10000, ""validation_days"": 126}",2518,126,5,0.22611049413066736,1135314.7543309247
10,ddpg,ddpg_cfec8cb3,"{""candidate_id"": ""ddpg_cfec8cb3"", ""kwargs"": {""batch_size"": 128, ""buffer_size"": 10000, ""gamma"": 0.99, ""noise_sigma"": 0.3}, ""timesteps"": 10000, ""validation_days"": 126}",2392,126,1,0.19582578256602667,1083418.2068288114
10,ddpg,ddpg_cfec8cb3,"{""candidate_id"": ""ddpg_cfec8cb3"", ""kwargs"": {""batch_size"": 128, ""buffer_size"": 10000, ""gamma"": 0.99, ""noise_sigma"": 0.3}, ""timesteps"": 10000, ""validation_days"": 126}",2392,126,2,0.20160635025081253,1076520.346997127
10,ddpg,ddpg_cfec8cb3,"{""candidate_id"": ""ddpg_cfec8cb3"", ""kwargs"": {""batch_size"": 128, ""buffer_size"": 10000, ""gamma"": 0.99, ""noise_sigma"": 0.3}, ""timesteps"": 10000, ""validation_days"": 126}",2392,126,3,0.1256545718732313,1050239.8312835884
10,ddpg,ddpg_cfec8cb3,"{""candidate_id"": ""ddpg_cfec8cb3"", ""kwargs"": {""batch_size"": 128, ""buffer_size"": 10000, ""gamma"": 0.99, ""noise_sigma"": 0.3}, ""timesteps"": 10000, ""validation_days"": 126}",2392,126,4,0.00432277017194951,998926.1323738985
10,ddpg,ddpg_cfec8cb3,"{""candidate_id"": ""ddpg_cfec8cb3"", ""kwargs"": {""batch_size"": 128, ""buffer_size"": 10000, ""gamma"": 0.99, ""noise_sigma"": 0.3}, ""timesteps"": 10000, ""validation_days"": 126}",2392,126,5,0.1379415107403713,1052959.4297127877
10,ddpg,ddpg_cfec8cb3,"{""candidate_id"": ""ddpg_cfec8cb3"", ""kwargs"": {""batch_size"": 128, ""buffer_size"": 10000, ""gamma"": 0.99, ""noise_sigma"": 0.3}, ""timesteps"": 10000, ""validation_days"": 126}",2455,126,1,0.106911824122352,1050164.1897353248
10,ddpg,ddpg_cfec8cb3,"{""candidate_id"": ""ddpg_cfec8cb3"", ""kwargs"": {""batch_size"": 128, ""buffer_size"": 10000, ""gamma"": 0.99, ""noise_sigma"": 0.3}, ""timesteps"": 10000, ""validation_days"": 126}",2455,126,2,0.2524869814201223,1110361.129469607
10,ddpg,ddpg_cfec8cb3,"{""candidate_id"": ""ddpg_cfec8cb3"", ""kwargs"": {""batch_size"": 128, ""buffer_size"": 10000, ""gamma"": 0.99, ""noise_sigma"": 0.3}, ""timesteps"": 10000, ""validation_days"": 126}",2455,126,3,0.18935181484411223,1087438.1751895656
10,ddpg,ddpg_cfec8cb3,"{""candidate_id"": ""ddpg_cfec8cb3"", ""kwargs"": {""batch_size"": 128, ""buffer_size"": 10000, ""gamma"": 0.99, ""noise_sigma"": 0.3}, ""timesteps"": 10000, ""validation_days"": 126}",2455,126,4,0.1694835917172563,1078531.5330535145
10,ddpg,ddpg_cfec8cb3,"{""candidate_id"": ""ddpg_cfec8cb3"", ""kwargs"": {""batch_size"": 128, ""buffer_size"": 10000, ""gamma"": 0.99, ""noise_sigma"": 0.3}, ""timesteps"": 10000, ""validation_days"": 126}",2455,126,5,0.2509713306592906,1120390.6548951468
10,ddpg,ddpg_cfec8cb3,"{""candidate_id"": ""ddpg_cfec8cb3"", ""kwargs"": {""batch_size"": 128, ""buffer_size"": 10000, ""gamma"": 0.99, ""noise_sigma"": 0.3}, ""timesteps"": 10000, ""validation_days"": 126}",2518,126,1,0.16955647761489087,1085869.5008909472
10,ddpg,ddpg_cfec8cb3,"{""candidate_id"": ""ddpg_cfec8cb3"", ""kwargs"": {""batch_size"": 128, ""buffer_size"": 10000, ""gamma"": 0.99, ""noise_sigma"": 0.3}, ""timesteps"": 10000, ""validation_days"": 126}",2518,126,2,0.18406652285378752,1087694.4313962003
10,ddpg,ddpg_cfec8cb3,"{""candidate_id"": ""ddpg_cfec8cb3"", ""kwargs"": {""batch_size"": 128, ""buffer_size"": 10000, ""gamma"": 0.99, ""noise_sigma"": 0.3}, ""timesteps"": 10000, ""validation_days"": 126}",2518,126,3,0.23446122624797475,1123949.0159530113
10,ddpg,ddpg_cfec8cb3,"{""candidate_id"": ""ddpg_cfec8cb3"", ""kwargs"": {""batch_size"": 128, ""buffer_size"": 10000, ""gamma"": 0.99, ""noise_sigma"": 0.3}, ""timesteps"": 10000, ""validation_days"": 126}",2518,126,4,0.225965503217467,1107679.9700582074
10,ddpg,ddpg_cfec8cb3,"{""candidate_id"": ""ddpg_cfec8cb3"", ""kwargs"": {""batch_size"": 128, ""buffer_size"": 10000, ""gamma"": 0.99, ""noise_sigma"": 0.3}, ""timesteps"": 10000, ""validation_days"": 126}",2518,126,5,0.16977445535185512,1093799.9299666504
11,a2c,a2c_aee7d73f,"{""candidate_id"": ""a2c_aee7d73f"", ""kwargs"": {""gamma"": 0.99}, ""timesteps"": 10000, ""validation_days"": 126}",2455,126,1,0.2617432286277548,1152243.3057477747
11,a2c,a2c_aee7d73f,"{""candidate_id"": ""a2c_aee7d73f"", ""kwargs"": {""gamma"": 0.99}, ""timesteps"": 10000, ""validation_days"": 126}",2455,126,2,0.2221292415458136,1145669.4124537408
11,a2c,a2c_aee7d73f,"{""candidate_id"": ""a2c_aee7d73f"", ""kwargs"": {""gamma"": 0.99}, ""timesteps"": 10000, ""validation_days"": 126}",2455,126,3,0.2028478420806341,1102205.935377301
11,a2c,a2c_aee7d73f,"{""candidate_id"": ""a2c_aee7d73f"", ""kwargs"": {""gamma"": 0.99}, ""timesteps"": 10000, ""validation_days"": 126}",2455,126,4,0.2240013250860798,1112087.8903582164
11,a2c,a2c_aee7d73f,"{""candidate_id"": ""a2c_aee7d73f"", ""kwargs"": {""gamma"": 0.99}, ""timesteps"": 10000, ""validation_days"": 126}",2455,126,5,0.16062807032650103,1089188.5095040665
11,a2c,a2c_aee7d73f,"{""candidate_id"": ""a2c_aee7d73f"", ""kwargs"": {""gamma"": 0.99}, ""timesteps"": 10000, ""validation_days"": 126}",2518,126,1,0.18526227476393287,1109998.1868880216
11,a2c,a2c_aee7d73f,"{""candidate_id"": ""a2c_aee7d73f"", ""kwargs"": {""gamma"": 0.99}, ""timesteps"": 10000, ""validation_days"": 126}",2518,126,2,0.1581035789477896,1099365.3698037644
11,a2c,a2c_aee7d73f,"{""candidate_id"": ""a2c_aee7d73f"", ""kwargs"": {""gamma"": 0.99}, ""timesteps"": 10000, ""validation_days"": 126}",2518,126,3,0.26621679254595015,1186281.029664915
11,a2c,a2c_aee7d73f,"{""candidate_id"": ""a2c_aee7d73f"", ""kwargs"": {""gamma"": 0.99}, ""timesteps"": 10000, ""validation_days"": 126}",2518,126,4,0.2673250199576148,1146095.1158308135
11,a2c,a2c_aee7d73f,"{""candidate_id"": ""a2c_aee7d73f"", ""kwargs"": {""gamma"": 0.99}, ""timesteps"": 10000, ""validation_days"": 126}",2518,126,5,0.14738997034852533,1069888.6967120992
11,a2c,a2c_aee7d73f,"{""candidate_id"": ""a2c_aee7d73f"", ""kwargs"": {""gamma"": 0.99}, ""timesteps"": 10000, ""validation_days"": 126}",2581,126,1,-0.11619925837967891,910760.8950298509
11,a2c,a2c_aee7d73f,"{""candidate_id"": ""a2c_aee7d73f"", ""kwargs"": {""gamma"": 0.99}, ""timesteps"": 10000, ""validation_days"": 126}",2581,126,2,-0.136987352188304,889407.328251668
11,a2c,a2c_aee7d73f,"{""candidate_id"": ""a2c_aee7d73f"", ""kwargs"": {""gamma"": 0.99}, ""timesteps"": 10000, ""validation_days"": 126}",2581,126,3,-0.02515029983267856,965465.5371463869
11,a2c,a2c_aee7d73f,"{""candidate_id"": ""a2c_aee7d73f"", ""kwargs"": {""gamma"": 0.99}, ""timesteps"": 10000, ""validation_days"": 126}",2581,126,4,-0.09059344050756996,921368.5507918975
11,a2c,a2c_aee7d73f,"{""candidate_id"": ""a2c_aee7d73f"", ""kwargs"": {""gamma"": 0.99}, ""timesteps"": 10000, ""validation_days"": 126}",2581,126,5,-0.1288760933756701,914491.9617655661
11,a2c,a2c_09f4a573,"{""candidate_id"": ""a2c_09f4a573"", ""kwargs"": {""gamma"": 0.99}, ""timesteps"": 30000, ""validation_days"": 126}",2455,126,1,0.3550022534110882,1249664.6652930377
11,a2c,a2c_09f4a573,"{""candidate_id"": ""a2c_09f4a573"", ""kwargs"": {""gamma"": 0.99}, ""timesteps"": 30000, ""validation_days"": 126}",2455,126,2,0.1969854494642414,1092240.4405943821
11,a2c,a2c_09f4a573,"{""candidate_id"": ""a2c_09f4a573"", ""kwargs"": {""gamma"": 0.99}, ""timesteps"": 30000, ""validation_days"": 126}",2455,126,3,0.12975546008486313,1063781.1288669612
11,a2c,a2c_09f4a573,"{""candidate_id"": ""a2c_09f4a573"", ""kwargs"": {""gamma"": 0.99}, ""timesteps"": 30000, ""validation_days"": 126}",2455,126,4,0.14504961464675997,1077650.5066635655
11,a2c,a2c_09f4a573,"{""candidate_id"": ""a2c_09f4a573"", ""kwargs"": {""gamma"": 0.99}, ""timesteps"": 30000, ""validation_days"": 126}",2455,126,5,0.13936040730754778,1073313.9638080671
11,a2c,a2c_09f4a573,"{""candidate_id"": ""a2c_09f4a573"", ""kwargs"": {""gamma"": 0.99}, ""timesteps"": 30000, ""validation_days"": 126}",2518,126,1,0.1286243065430515,1059797.6349363592
11,a2c,a2c_09f4a573,"{""candidate_id"": ""a2c_09f4a573"", ""kwargs"": {""gamma"": 0.99}, ""timesteps"": 30000, ""validation_days"": 126}",2518,126,2,0.16425746042093575,1084864.955014447
11,a2c,a2c_09f4a573,"{""candidate_id"": ""a2c_09f4a573"", ""kwargs"": {""gamma"": 0.99}, ""timesteps"": 30000, ""validation_days"": 126}",2518,126,3,0.2844313567072535,1167736.5513043143
11,a2c,a2c_09f4a573,"{""candidate_id"": ""a2c_09f4a573"", ""kwargs"": {""gamma"": 0.99}, ""timesteps"": 30000, ""validation_days"": 126}",2518,126,4,0.242466545175414,1129063.4198051929
11,a2c,a2c_09f4a573,"{""candidate_id"": ""a2c_09f4a573"", ""kwargs"": {""gamma"": 0.99}, ""timesteps"": 30000, ""validation_days"": 126}",2518,126,5,0.22397017418252213,1157658.4613355985
11,a2c,a2c_09f4a573,"{""candidate_id"": ""a2c_09f4a573"", ""kwargs"": {""gamma"": 0.99}, ""timesteps"": 30000, ""validation_days"": 126}",2581,126,1,-0.20498711635418385,894828.061011907
11,a2c,a2c_09f4a573,"{""candidate_id"": ""a2c_09f4a573"", ""kwargs"": {""gamma"": 0.99}, ""timesteps"": 30000, ""validation_days"": 126}",2581,126,2,-0.11384185204926361,899383.1421652264
11,a2c,a2c_09f4a573,"{""candidate_id"": ""a2c_09f4a573"", ""kwargs"": {""gamma"": 0.99}, ""timesteps"": 30000, ""validation_days"": 126}",2581,126,3,-0.14732150287248,902647.7677305517
11,a2c,a2c_09f4a573,"{""candidate_id"": ""a2c_09f4a573"", ""kwargs"": {""gamma"": 0.99}, ""timesteps"": 30000, ""validation_days"": 126}",2581,126,4,-0.1646956578444935,877512.270211187
11,a2c,a2c_09f4a573,"{""candidate_id"": ""a2c_09f4a573"", ""kwargs"": {""gamma"": 0.99}, ""timesteps"": 30000, ""validation_days"": 126}",2581,126,5,-0.11164750806986398,917934.5618369695
11,ppo,ppo_020fdc27,"{""candidate_id"": ""ppo_020fdc27"", ""kwargs"": {""batch_size"": 64, ""ent_coef"": 0.005, ""gamma"": 0.99, ""n_steps"": 512}, ""timesteps"": 50000, ""validation_days"": 126}",2455,126,1,0.14860620236592245,1071732.289485807
11,ppo,ppo_020fdc27,"{""candidate_id"": ""ppo_020fdc27"", ""kwargs"": {""batch_size"": 64, ""ent_coef"": 0.005, ""gamma"": 0.99, ""n_steps"": 512}, ""timesteps"": 50000, ""validation_days"": 126}",2455,126,2,0.18729813780336543,1108740.500365905
11,ppo,ppo_020fdc27,"{""candidate_id"": ""ppo_020fdc27"", ""kwargs"": {""batch_size"": 64, ""ent_coef"": 0.005, ""gamma"": 0.99, ""n_steps"": 512}, ""timesteps"": 50000, ""validation_days"": 126}",2455,126,3,0.09394215958457516,1050225.1456619794
11,ppo,ppo_020fdc27,"{""candidate_id"": ""ppo_020fdc27"", ""kwargs"": {""batch_size"": 64, ""ent_coef"": 0.005, ""gamma"": 0.99, ""n_steps"": 512}, ""timesteps"": 50000, ""validation_days"": 126}",2455,126,4,0.12525306880896636,1061847.1590369667
11,ppo,ppo_020fdc27,"{""candidate_id"": ""ppo_020fdc27"", ""kwargs"": {""batch_size"": 64, ""ent_coef"": 0.005, ""gamma"": 0.99, ""n_steps"": 512}, ""timesteps"": 50000, ""validation_days"": 126}",2455,126,5,0.09044278885904104,1059150.9335784682
11,ppo,ppo_020fdc27,"{""candidate_id"": ""ppo_020fdc27"", ""kwargs"": {""batch_size"": 64, ""ent_coef"": 0.005, ""gamma"": 0.99, ""n_steps"": 512}, ""timesteps"": 50000, ""validation_days"": 126}",2518,126,1,0.24838914653201735,1151593.1218970923
11,ppo,ppo_020fdc27,"{""candidate_id"": ""ppo_020fdc27"", ""kwargs"": {""batch_size"": 64, ""ent_coef"": 0.005, ""gamma"": 0.99, ""n_steps"": 512}, ""timesteps"": 50000, ""validation_days"": 126}",2518,126,2,0.16956115881794542,1111470.2493119044
11,ppo,ppo_020fdc27,"{""candidate_id"": ""ppo_020fdc27"", ""kwargs"": {""batch_size"": 64, ""ent_coef"": 0.005, ""gamma"": 0.99, ""n_steps"": 512}, ""timesteps"": 50000, ""validation_days"": 126}",2518,126,3,0.15607521423325837,1104165.9917300227
11,ppo,ppo_020fdc27,"{""candidate_id"": ""ppo_020fdc27"", ""kwargs"": {""batch_size"": 64, ""ent_coef"": 0.005, ""gamma"": 0.99, ""n_steps"": 512}, ""timesteps"": 50000, ""validation_days"": 126}",2518,126,4,0.30583625888115307,1195048.494517146
11,ppo,ppo_020fdc27,"{""candidate_id"": ""ppo_020fdc27"", ""kwargs"": {""batch_size"": 64, ""ent_coef"": 0.005, ""gamma"": 0.99, ""n_steps"": 512}, ""timesteps"": 50000, ""validation_days"": 126}",2518,126,5,0.10906716478650537,1048507.0695923474
11,ppo,ppo_020fdc27,"{""candidate_id"": ""ppo_020fdc27"", ""kwargs"": {""batch_size"": 64, ""ent_coef"": 0.005, ""gamma"": 0.99, ""n_steps"": 512}, ""timesteps"": 50000, ""validation_days"": 126}",2581,126,1,0.018456107282007684,1003281.057679603
11,ppo,ppo_020fdc27,"{""candidate_id"": ""ppo_020fdc27"", ""kwargs"": {""batch_size"": 64, ""ent_coef"": 0.005, ""gamma"": 0.99, ""n_steps"": 512}, ""timesteps"": 50000, ""validation_days"": 126}",2581,126,2,-0.15836190306923015,897636.5432778174
11,ppo,ppo_020fdc27,"{""candidate_id"": ""ppo_020fdc27"", ""kwargs"": {""batch_size"": 64, ""ent_coef"": 0.005, ""gamma"": 0.99, ""n_steps"": 512}, ""timesteps"": 50000, ""validation_days"": 126}",2581,126,3,-0.18739959513511725,867613.5268367709
11,ppo,ppo_020fdc27,"{""candidate_id"": ""ppo_020fdc27"", ""kwargs"": {""batch_size"": 64, ""ent_coef"": 0.005, ""gamma"": 0.99, ""n_steps"": 512}, ""timesteps"": 50000, ""validation_days"": 126}",2581,126,4,-0.15329689219976295,889901.895103785
11,ppo,ppo_020fdc27,"{""candidate_id"": ""ppo_020fdc27"", ""kwargs"": {""batch_size"": 64, ""ent_coef"": 0.005, ""gamma"": 0.99, ""n_steps"": 512}, ""timesteps"": 50000, ""validation_days"": 126}",2581,126,5,-0.12201551382451331,894112.7679767512
11,ppo,ppo_e4290e54,"{""candidate_id"": ""ppo_e4290e54"", ""kwargs"": {""batch_size"": 64, ""ent_coef"": 0.005, ""gamma"": 0.99, ""n_steps"": 512}, ""timesteps"": 100000, ""validation_days"": 126}",2455,126,1,0.14722530564656264,1076685.301221557
11,ppo,ppo_e4290e54,"{""candidate_id"": ""ppo_e4290e54"", ""kwargs"": {""batch_size"": 64, ""ent_coef"": 0.005, ""gamma"": 0.99, ""n_steps"": 512}, ""timesteps"": 100000, ""validation_days"": 126}",2455,126,2,0.22130069318733578,1154081.2523843986
11,ppo,ppo_e4290e54,"{""candidate_id"": ""ppo_e4290e54"", ""kwargs"": {""batch_size"": 64, ""ent_coef"": 0.005, ""gamma"": 0.99, ""n_steps"": 512}, ""timesteps"": 100000, ""validation_days"": 126}",2455,126,3,0.17355645393442248,1095365.067101455
11,ppo,ppo_e4290e54,"{""candidate_id"": ""ppo_e4290e54"", ""kwargs"": {""batch_size"": 64, ""ent_coef"": 0.005, ""gamma"": 0.99, ""n_steps"": 512}, ""timesteps"": 100000, ""validation_days"": 126}",2455,126,4,0.14310106926829977,1081937.0148920605
11,ppo,ppo_e4290e54,"{""candidate_id"": ""ppo_e4290e54"", ""kwargs"": {""batch_size"": 64, ""ent_coef"": 0.005, ""gamma"": 0.99, ""n_steps"": 512}, ""timesteps"": 100000, ""validation_days"": 126}",2455,126,5,0.08426742502713634,1049889.982003737
11,ppo,ppo_e4290e54,"{""candidate_id"": ""ppo_e4290e54"", ""kwargs"": {""batch_size"": 64, ""ent_coef"": 0.005, ""gamma"": 0.99, ""n_steps"": 512}, ""timesteps"": 100000, ""validation_days"": 126}",2518,126,1,0.15968000271479046,1101798.7156592594
11,ppo,ppo_e4290e54,"{""candidate_id"": ""ppo_e4290e54"", ""kwargs"": {""batch_size"": 64, ""ent_coef"": 0.005, ""gamma"": 0.99, ""n_steps"": 512}, ""timesteps"": 100000, ""validation_days"": 126}",2518,126,2,0.11824335096578086,1069748.082162978
11,ppo,ppo_e4290e54,"{""candidate_id"": ""ppo_e4290e54"", ""kwargs"": {""batch_size"": 64, ""ent_coef"": 0.005, ""gamma"": 0.99, ""n_steps"": 512}, ""timesteps"": 100000, ""validation_days"": 126}",2518,126,3,0.11225797391646652,1065268.3329638497
11,ppo,ppo_e4290e54,"{""candidate_id"": ""ppo_e4290e54"", ""kwargs"": {""batch_size"": 64, ""ent_coef"": 0.005, ""gamma"": 0.99, ""n_steps"": 512}, ""timesteps"": 100000, ""validation_days"": 126}",2518,126,4,0.07073577904767797,1043808.7069934052
11,ppo,ppo_e4290e54,"{""candidate_id"": ""ppo_e4290e54"", ""kwargs"": {""batch_size"": 64, ""ent_coef"": 0.005, ""gamma"": 0.99, ""n_steps"": 512}, ""timesteps"": 100000, ""validation_days"": 126}",2518,126,5,0.10123284297296438,1047406.8407984758
11,ppo,ppo_e4290e54,"{""candidate_id"": ""ppo_e4290e54"", ""kwargs"": {""batch_size"": 64, ""ent_coef"": 0.005, ""gamma"": 0.99, ""n_steps"": 512}, ""timesteps"": 100000, ""validation_days"": 126}",2581,126,1,-0.09792009865976369,906544.1596383428
11,ppo,ppo_e4290e54,"{""candidate_id"": ""ppo_e4290e54"", ""kwargs"": {""batch_size"": 64, ""ent_coef"": 0.005, ""gamma"": 0.99, ""n_steps"": 512}, ""timesteps"": 100000, ""validation_days"": 126}",2581,126,2,-0.18493287166599143,868006.5950900053
11,ppo,ppo_e4290e54,"{""candidate_id"": ""ppo_e4290e54"", ""kwargs"": {""batch_size"": 64, ""ent_coef"": 0.005, ""gamma"": 0.99, ""n_steps"": 512}, ""timesteps"": 100000, ""validation_days"": 126}",2581,126,3,-0.20585005260680866,838068.1542336511
11,ppo,ppo_e4290e54,"{""candidate_id"": ""ppo_e4290e54"", ""kwargs"": {""batch_size"": 64, ""ent_coef"": 0.005, ""gamma"": 0.99, ""n_steps"": 512}, ""timesteps"": 100000, ""validation_days"": 126}",2581,126,4,-0.10900806191349029,918442.1586091651
11,ppo,ppo_e4290e54,"{""candidate_id"": ""ppo_e4290e54"", ""kwargs"": {""batch_size"": 64, ""ent_coef"": 0.005, ""gamma"": 0.99, ""n_steps"": 512}, ""timesteps"": 100000, ""validation_days"": 126}",2581,126,5,-0.12860198251033014,911661.5562838536
11,ddpg,ddpg_db4c7149,"{""candidate_id"": ""ddpg_db4c7149"", ""kwargs"": {""batch_size"": 64, ""buffer_size"": 10000, ""gamma"": 0.99, ""noise_sigma"": 0.5}, ""timesteps"": 10000, ""validation_days"": 126}",2455,126,1,0.1655878110779434,1075038.1866535137
11,ddpg,ddpg_db4c7149,"{""candidate_id"": ""ddpg_db4c7149"", ""kwargs"": {""batch_size"": 64, ""buffer_size"": 10000, ""gamma"": 0.99, ""noise_sigma"": 0.5}, ""timesteps"": 10000, ""validation_days"": 126}",2455,126,2,0.2799331186885957,1129146.192591248
11,ddpg,ddpg_db4c7149,"{""candidate_id"": ""ddpg_db4c7149"", ""kwargs"": {""batch_size"": 64, ""buffer_size"": 10000, ""gamma"": 0.99, ""noise_sigma"": 0.5}, ""timesteps"": 10000, ""validation_days"": 126}",2455,126,3,0.2090846759970872,1101650.9479589446
11,ddpg,ddpg_db4c7149,"{""candidate_id"": ""ddpg_db4c7149"", ""kwargs"": {""batch_size"": 64, ""buffer_size"": 10000, ""gamma"": 0.99, ""noise_sigma"": 0.5}, ""timesteps"": 10000, ""validation_days"": 126}",2455,126,4,0.2108136532986359,1094090.5642379052
11,ddpg,ddpg_db4c7149,"{""candidate_id"": ""ddpg_db4c7149"", ""kwargs"": {""batch_size"": 64, ""buffer_size"": 10000, ""gamma"": 0.99, ""noise_sigma"": 0.5}, ""timesteps"": 10000, ""validation_days"": 126}",2455,126,5,0.20341236704689217,1108102.9964540387
11,ddpg,ddpg_db4c7149,"{""candidate_id"": ""ddpg_db4c7149"", ""kwargs"": {""batch_size"": 64, ""buffer_size"": 10000, ""gamma"": 0.99, ""noise_sigma"": 0.5}, ""timesteps"": 10000, ""validation_days"": 126}",2518,126,1,0.13831184436405428,1069548.1515010057
11,ddpg,ddpg_db4c7149,"{""candidate_id"": ""ddpg_db4c7149"", ""kwargs"": {""batch_size"": 64, ""buffer_size"": 10000, ""gamma"": 0.99, ""noise_sigma"": 0.5}, ""timesteps"": 10000, ""validation_days"": 126}",2518,126,2,0.23884469767341548,1137832.2685980464
11,ddpg,ddpg_db4c7149,"{""candidate_id"": ""ddpg_db4c7149"", ""kwargs"": {""batch_size"": 64, ""buffer_size"": 10000, ""gamma"": 0.99, ""noise_sigma"": 0.5}, ""timesteps"": 10000, ""validation_days"": 126}",2518,126,3,0.17964258239777303,1089879.2228314178
11,ddpg,ddpg_db4c7149,"{""candidate_id"": ""ddpg_db4c7149"", ""kwargs"": {""batch_size"": 64, ""buffer_size"": 10000, ""gamma"": 0.99, ""noise_sigma"": 0.5}, ""timesteps"": 10000, ""validation_days"": 126}",2518,126,4,0.1683156963286635,1081547.1304550872
11,ddpg,ddpg_db4c7149,"{""candidate_id"": ""ddpg_db4c7149"", ""kwargs"": {""batch_size"": 64, ""buffer_size"": 10000, ""gamma"": 0.99, ""noise_sigma"": 0.5}, ""timesteps"": 10000, ""validation_days"": 126}",2518,126,5,0.22611049413066736,1135314.7543309247
11,ddpg,ddpg_db4c7149,"{""candidate_id"": ""ddpg_db4c7149"", ""kwargs"": {""batch_size"": 64, ""buffer_size"": 10000, ""gamma"": 0.99, ""noise_sigma"": 0.5}, ""timesteps"": 10000, ""validation_days"": 126}",2581,126,1,-0.10037979743638187,926134.4424858247
11,ddpg,ddpg_db4c7149,"{""candidate_id"": ""ddpg_db4c7149"", ""kwargs"": {""batch_size"": 64, ""buffer_size"": 10000, ""gamma"": 0.99, ""noise_sigma"": 0.5}, ""timesteps"": 10000, ""validation_days"": 126}",2581,126,2,-0.09193726539431522,934163.2970537979
11,ddpg,ddpg_db4c7149,"{""candidate_id"": ""ddpg_db4c7149"", ""kwargs"": {""batch_size"": 64, ""buffer_size"": 10000, ""gamma"": 0.99, ""noise_sigma"": 0.5}, ""timesteps"": 10000, ""validation_days"": 126}",2581,126,3,-0.09369999081706779,935080.1588762573
11,ddpg,ddpg_db4c7149,"{""candidate_id"": ""ddpg_db4c7149"", ""kwargs"": {""batch_size"": 64, ""buffer_size"": 10000, ""gamma"": 0.99, ""noise_sigma"": 0.5}, ""timesteps"": 10000, ""validation_days"": 126}",2581,126,4,-0.15536886276997527,897092.7960661737
11,ddpg,ddpg_db4c7149,"{""candidate_id"": ""ddpg_db4c7149"", ""kwargs"": {""batch_size"": 64, ""buffer_size"": 10000, ""gamma"": 0.99, ""noise_sigma"": 0.5}, ""timesteps"": 10000, ""validation_days"": 126}",2581,126,5,-0.1383025842210302,894246.0026544728
11,ddpg,ddpg_cfec8cb3,"{""candidate_id"": ""ddpg_cfec8cb3"", ""kwargs"": {""batch_size"": 128, ""buffer_size"": 10000, ""gamma"": 0.99, ""noise_sigma"": 0.3}, ""timesteps"": 10000, ""validation_days"": 126}",2455,126,1,0.106911824122352,1050164.1897353248
11,ddpg,ddpg_cfec8cb3,"{""candidate_id"": ""ddpg_cfec8cb3"", ""kwargs"": {""batch_size"": 128, ""buffer_size"": 10000, ""gamma"": 0.99, ""noise_sigma"": 0.3}, ""timesteps"": 10000, ""validation_days"": 126}",2455,126,2,0.2524869814201223,1110361.129469607
11,ddpg,ddpg_cfec8cb3,"{""candidate_id"": ""ddpg_cfec8cb3"", ""kwargs"": {""batch_size"": 128, ""buffer_size"": 10000, ""gamma"": 0.99, ""noise_sigma"": 0.3}, ""timesteps"": 10000, ""validation_days"": 126}",2455,126,3,0.18935181484411223,1087438.1751895656
11,ddpg,ddpg_cfec8cb3,"{""candidate_id"": ""ddpg_cfec8cb3"", ""kwargs"": {""batch_size"": 128, ""buffer_size"": 10000, ""gamma"": 0.99, ""noise_sigma"": 0.3}, ""timesteps"": 10000, ""validation_days"": 126}",2455,126,4,0.1694835917172563,1078531.5330535145
11,ddpg,ddpg_cfec8cb3,"{""candidate_id"": ""ddpg_cfec8cb3"", ""kwargs"": {""batch_size"": 128, ""buffer_size"": 10000, ""gamma"": 0.99, ""noise_sigma"": 0.3}, ""timesteps"": 10000, ""validation_days"": 126}",2455,126,5,0.2509713306592906,1120390.6548951468
11,ddpg,ddpg_cfec8cb3,"{""candidate_id"": ""ddpg_cfec8cb3"", ""kwargs"": {""batch_size"": 128, ""buffer_size"": 10000, ""gamma"": 0.99, ""noise_sigma"": 0.3}, ""timesteps"": 10000, ""validation_days"": 126}",2518,126,1,0.16955647761489087,1085869.5008909472
11,ddpg,ddpg_cfec8cb3,"{""candidate_id"": ""ddpg_cfec8cb3"", ""kwargs"": {""batch_size"": 128, ""buffer_size"": 10000, ""gamma"": 0.99, ""noise_sigma"": 0.3}, ""timesteps"": 10000, ""validation_days"": 126}",2518,126,2,0.18406652285378752,1087694.4313962003
11,ddpg,ddpg_cfec8cb3,"{""candidate_id"": ""ddpg_cfec8cb3"", ""kwargs"": {""batch_size"": 128, ""buffer_size"": 10000, ""gamma"": 0.99, ""noise_sigma"": 0.3}, ""timesteps"": 10000, ""validation_days"": 126}",2518,126,3,0.23446122624797475,1123949.0159530113
11,ddpg,ddpg_cfec8cb3,"{""candidate_id"": ""ddpg_cfec8cb3"", ""kwargs"": {""batch_size"": 128, ""buffer_size"": 10000, ""gamma"": 0.99, ""noise_sigma"": 0.3}, ""timesteps"": 10000, ""validation_days"": 126}",2518,126,4,0.225965503217467,1107679.9700582074
11,ddpg,ddpg_cfec8cb3,"{""candidate_id"": ""ddpg_cfec8cb3"", ""kwargs"": {""batch_size"": 128, ""buffer_size"": 10000, ""gamma"": 0.99, ""noise_sigma"": 0.3}, ""timesteps"": 10000, ""validation_days"": 126}",2518,126,5,0.16977445535185512,1093799.9299666504
11,ddpg,ddpg_cfec8cb3,"{""candidate_id"": ""ddpg_cfec8cb3"", ""kwargs"": {""batch_size"": 128, ""buffer_size"": 10000, ""gamma"": 0.99, ""noise_sigma"": 0.3}, ""timesteps"": 10000, ""validation_days"": 126}",2581,126,1,-0.15606409700204704,893980.0018359326
11,ddpg,ddpg_cfec8cb3,"{""candidate_id"": ""ddpg_cfec8cb3"", ""kwargs"": {""batch_size"": 128, ""buffer_size"": 10000, ""gamma"": 0.99, ""noise_sigma"": 0.3}, ""timesteps"": 10000, ""validation_days"": 126}",2581,126,2,-0.11496685105739032,922655.5212537496
11,ddpg,ddpg_cfec8cb3,"{""candidate_id"": ""ddpg_cfec8cb3"", ""kwargs"": {""batch_size"": 128, ""buffer_size"": 10000, ""gamma"": 0.99, ""noise_sigma"": 0.3}, ""timesteps"": 10000, ""validation_days"": 126}",2581,126,3,-0.1316427867831327,911191.795906
11,ddpg,ddpg_cfec8cb3,"{""candidate_id"": ""ddpg_cfec8cb3"", ""kwargs"": {""batch_size"": 128, ""buffer_size"": 10000, ""gamma"": 0.99, ""noise_sigma"": 0.3}, ""timesteps"": 10000, ""validation_days"": 126}",2581,126,4,-0.15938079631509255,899078.0168984749
11,ddpg,ddpg_cfec8cb3,"{""candidate_id"": ""ddpg_cfec8cb3"", ""kwargs"": {""batch_size"": 128, ""buffer_size"": 10000, ""gamma"": 0.99, ""noise_sigma"": 0.3}, ""timesteps"": 10000, ""validation_days"": 126}",2581,126,5,-0.14251675917155082,895933.2650489879
12,a2c,a2c_aee7d73f,"{""candidate_id"": ""a2c_aee7d73f"", ""kwargs"": {""gamma"": 0.99}, ""timesteps"": 10000, ""validation_days"": 126}",2518,126,1,0.18526227476393287,1109998.1868880216
12,a2c,a2c_aee7d73f,"{""candidate_id"": ""a2c_aee7d73f"", ""kwargs"": {""gamma"": 0.99}, ""timesteps"": 10000, ""validation_days"": 126}",2518,126,2,0.1581035789477896,1099365.3698037644
12,a2c,a2c_aee7d73f,"{""candidate_id"": ""a2c_aee7d73f"", ""kwargs"": {""gamma"": 0.99}, ""timesteps"": 10000, ""validation_days"": 126}",2518,126,3,0.26621679254595015,1186281.029664915
12,a2c,a2c_aee7d73f,"{""candidate_id"": ""a2c_aee7d73f"", ""kwargs"": {""gamma"": 0.99}, ""timesteps"": 10000, ""validation_days"": 126}",2518,126,4,0.2673250199576148,1146095.1158308135
12,a2c,a2c_aee7d73f,"{""candidate_id"": ""a2c_aee7d73f"", ""kwargs"": {""gamma"": 0.99}, ""timesteps"": 10000, ""validation_days"": 126}",2518,126,5,0.14738997034852533,1069888.6967120992
12,a2c,a2c_aee7d73f,"{""candidate_id"": ""a2c_aee7d73f"", ""kwargs"": {""gamma"": 0.99}, ""timesteps"": 10000, ""validation_days"": 126}",2581,126,1,-0.11619925837967891,910760.8950298509
12,a2c,a2c_aee7d73f,"{""candidate_id"": ""a2c_aee7d73f"", ""kwargs"": {""gamma"": 0.99}, ""timesteps"": 10000, ""validation_days"": 126}",2581,126,2,-0.136987352188304,889407.328251668
12,a2c,a2c_aee7d73f,"{""candidate_id"": ""a2c_aee7d73f"", ""kwargs"": {""gamma"": 0.99}, ""timesteps"": 10000, ""validation_days"": 126}",2581,126,3,-0.02515029983267856,965465.5371463869
12,a2c,a2c_aee7d73f,"{""candidate_id"": ""a2c_aee7d73f"", ""kwargs"": {""gamma"": 0.99}, ""timesteps"": 10000, ""validation_days"": 126}",2581,126,4,-0.09059344050756996,921368.5507918975
12,a2c,a2c_aee7d73f,"{""candidate_id"": ""a2c_aee7d73f"", ""kwargs"": {""gamma"": 0.99}, ""timesteps"": 10000, ""validation_days"": 126}",2581,126,5,-0.1288760933756701,914491.9617655661
12,a2c,a2c_aee7d73f,"{""candidate_id"": ""a2c_aee7d73f"", ""kwargs"": {""gamma"": 0.99}, ""timesteps"": 10000, ""validation_days"": 126}",2644,126,1,0.12078913023092568,1110461.4777228558
12,a2c,a2c_aee7d73f,"{""candidate_id"": ""a2c_aee7d73f"", ""kwargs"": {""gamma"": 0.99}, ""timesteps"": 10000, ""validation_days"": 126}",2644,126,2,0.06934383999160824,1063277.7166145423
12,a2c,a2c_aee7d73f,"{""candidate_id"": ""a2c_aee7d73f"", ""kwargs"": {""gamma"": 0.99}, ""timesteps"": 10000, ""validation_days"": 126}",2644,126,3,0.15355201724401737,1177432.7280021934
12,a2c,a2c_aee7d73f,"{""candidate_id"": ""a2c_aee7d73f"", ""kwargs"": {""gamma"": 0.99}, ""timesteps"": 10000, ""validation_days"": 126}",2644,126,4,0.09113198979432945,1077934.020276235
12,a2c,a2c_aee7d73f,"{""candidate_id"": ""a2c_aee7d73f"", ""kwargs"": {""gamma"": 0.99}, ""timesteps"": 10000, ""validation_days"": 126}",2644,126,5,0.09919038593111036,1075612.9626080308
12,a2c,a2c_09f4a573,"{""candidate_id"": ""a2c_09f4a573"", ""kwargs"": {""gamma"": 0.99}, ""timesteps"": 30000, ""validation_days"": 126}",2518,126,1,0.1286243065430515,1059797.6349363592
12,a2c,a2c_09f4a573,"{""candidate_id"": ""a2c_09f4a573"", ""kwargs"": {""gamma"": 0.99}, ""timesteps"": 30000, ""validation_days"": 126}",2518,126,2,0.16425746042093575,1084864.955014447
12,a2c,a2c_09f4a573,"{""candidate_id"": ""a2c_09f4a573"", ""kwargs"": {""gamma"": 0.99}, ""timesteps"": 30000, ""validation_days"": 126}",2518,126,3,0.2844313567072535,1167736.5513043143
12,a2c,a2c_09f4a573,"{""candidate_id"": ""a2c_09f4a573"", ""kwargs"": {""gamma"": 0.99}, ""timesteps"": 30000, ""validation_days"": 126}",2518,126,4,0.242466545175414,1129063.4198051929
12,a2c,a2c_09f4a573,"{""candidate_id"": ""a2c_09f4a573"", ""kwargs"": {""gamma"": 0.99}, ""timesteps"": 30000, ""validation_days"": 126}",2518,126,5,0.22397017418252213,1157658.4613355985
12,a2c,a2c_09f4a573,"{""candidate_id"": ""a2c_09f4a573"", ""kwargs"": {""gamma"": 0.99}, ""timesteps"": 30000, ""validation_days"": 126}",2581,126,1,-0.20498711635418385,894828.061011907
12,a2c,a2c_09f4a573,"{""candidate_id"": ""a2c_09f4a573"", ""kwargs"": {""gamma"": 0.99}, ""timesteps"": 30000, ""validation_days"": 126}",2581,126,2,-0.11384185204926361,899383.1421652264
12,a2c,a2c_09f4a573,"{""candidate_id"": ""a2c_09f4a573"", ""kwargs"": {""gamma"": 0.99}, ""timesteps"": 30000, ""validation_days"": 126}",2581,126,3,-0.14732150287248,902647.7677305517
12,a2c,a2c_09f4a573,"{""candidate_id"": ""a2c_09f4a573"", ""kwargs"": {""gamma"": 0.99}, ""timesteps"": 30000, ""validation_days"": 126}",2581,126,4,-0.1646956578444935,877512.270211187
12,a2c,a2c_09f4a573,"{""candidate_id"": ""a2c_09f4a573"", ""kwargs"": {""gamma"": 0.99}, ""timesteps"": 30000, ""validation_days"": 126}",2581,126,5,-0.11164750806986398,917934.5618369695
12,a2c,a2c_09f4a573,"{""candidate_id"": ""a2c_09f4a573"", ""kwargs"": {""gamma"": 0.99}, ""timesteps"": 30000, ""validation_days"": 126}",2644,126,1,0.1278054138903812,1091111.9175105903
12,a2c,a2c_09f4a573,"{""candidate_id"": ""a2c_09f4a573"", ""kwargs"": {""gamma"": 0.99}, ""timesteps"": 30000, ""validation_days"": 126}",2644,126,2,0.10640382986002192,1090060.103733747
12,a2c,a2c_09f4a573,"{""candidate_id"": ""a2c_09f4a573"", ""kwargs"": {""gamma"": 0.99}, ""timesteps"": 30000, ""validation_days"": 126}",2644,126,3,-0.08721233177089947,902144.0285081073
12,a2c,a2c_09f4a573,"{""candidate_id"": ""a2c_09f4a573"", ""kwargs"": {""gamma"": 0.99}, ""timesteps"": 30000, ""validation_days"": 126}",2644,126,4,0.12201461866324795,1097351.0217074447
12,a2c,a2c_09f4a573,"{""candidate_id"": ""a2c_09f4a573"", ""kwargs"": {""gamma"": 0.99}, ""timesteps"": 30000, ""validation_days"": 126}",2644,126,5,-0.018186019422283463,979517.684556217
12,ppo,ppo_020fdc27,"{""candidate_id"": ""ppo_020fdc27"", ""kwargs"": {""batch_size"": 64, ""ent_coef"": 0.005, ""gamma"": 0.99, ""n_steps"": 512}, ""timesteps"": 50000, ""validation_days"": 126}",2518,126,1,0.24838914653201735,1151593.1218970923
12,ppo,ppo_020fdc27,"{""candidate_id"": ""ppo_020fdc27"", ""kwargs"": {""batch_size"": 64, ""ent_coef"": 0.005, ""gamma"": 0.99, ""n_steps"": 512}, ""timesteps"": 50000, ""validation_days"": 126}",2518,126,2,0.16956115881794542,1111470.2493119044
12,ppo,ppo_020fdc27,"{""candidate_id"": ""ppo_020fdc27"", ""kwargs"": {""batch_size"": 64, ""ent_coef"": 0.005, ""gamma"": 0.99, ""n_steps"": 512}, ""timesteps"": 50000, ""validation_days"": 126}",2518,126,3,0.15607521423325837,1104165.9917300227
12,ppo,ppo_020fdc27,"{""candidate_id"": ""ppo_020fdc27"", ""kwargs"": {""batch_size"": 64, ""ent_coef"": 0.005, ""gamma"": 0.99, ""n_steps"": 512}, ""timesteps"": 50000, ""validation_days"": 126}",2518,126,4,0.30583625888115307,1195048.494517146
12,ppo,ppo_020fdc27,"{""candidate_id"": ""ppo_020fdc27"", ""kwargs"": {""batch_size"": 64, ""ent_coef"": 0.005, ""gamma"": 0.99, ""n_steps"": 512}, ""timesteps"": 50000, ""validation_days"": 126}",2518,126,5,0.10906716478650537,1048507.0695923474
12,ppo,ppo_020fdc27,"{""candidate_id"": ""ppo_020fdc27"", ""kwargs"": {""batch_size"": 64, ""ent_coef"": 0.005, ""gamma"": 0.99, ""n_steps"": 512}, ""timesteps"": 50000, ""validation_days"": 126}",2581,126,1,0.018456107282007684,1003281.057679603
12,ppo,ppo_020fdc27,"{""candidate_id"": ""ppo_020fdc27"", ""kwargs"": {""batch_size"": 64, ""ent_coef"": 0.005, ""gamma"": 0.99, ""n_steps"": 512}, ""timesteps"": 50000, ""validation_days"": 126}",2581,126,2,-0.15836190306923015,897636.5432778174
12,ppo,ppo_020fdc27,"{""candidate_id"": ""ppo_020fdc27"", ""kwargs"": {""batch_size"": 64, ""ent_coef"": 0.005, ""gamma"": 0.99, ""n_steps"": 512}, ""timesteps"": 50000, ""validation_days"": 126}",2581,126,3,-0.18739959513511725,867613.5268367709
12,ppo,ppo_020fdc27,"{""candidate_id"": ""ppo_020fdc27"", ""kwargs"": {""batch_size"": 64, ""ent_coef"": 0.005, ""gamma"": 0.99, ""n_steps"": 512}, ""timesteps"": 50000, ""validation_days"": 126}",2581,126,4,-0.15329689219976295,889901.895103785
12,ppo,ppo_020fdc27,"{""candidate_id"": ""ppo_020fdc27"", ""kwargs"": {""batch_size"": 64, ""ent_coef"": 0.005, ""gamma"": 0.99, ""n_steps"": 512}, ""timesteps"": 50000, ""validation_days"": 126}",2581,126,5,-0.12201551382451331,894112.7679767512
12,ppo,ppo_020fdc27,"{""candidate_id"": ""ppo_020fdc27"", ""kwargs"": {""batch_size"": 64, ""ent_coef"": 0.005, ""gamma"": 0.99, ""n_steps"": 512}, ""timesteps"": 50000, ""validation_days"": 126}",2644,126,1,0.12062906160532927,1127523.0835974575
12,ppo,ppo_020fdc27,"{""candidate_id"": ""ppo_020fdc27"", ""kwargs"": {""batch_size"": 64, ""ent_coef"": 0.005, ""gamma"": 0.99, ""n_steps"": 512}, ""timesteps"": 50000, ""validation_days"": 126}",2644,126,2,0.10376518021949847,1087864.7754067816
12,ppo,ppo_020fdc27,"{""candidate_id"": ""ppo_020fdc27"", ""kwargs"": {""batch_size"": 64, ""ent_coef"": 0.005, ""gamma"": 0.99, ""n_steps"": 512}, ""timesteps"": 50000, ""validation_days"": 126}",2644,126,3,-0.013520267087488056,984318.1761026778
12,ppo,ppo_020fdc27,"{""candidate_id"": ""ppo_020fdc27"", ""kwargs"": {""batch_size"": 64, ""ent_coef"": 0.005, ""gamma"": 0.99, ""n_steps"": 512}, ""timesteps"": 50000, ""validation_days"": 126}",2644,126,4,0.1194451105974871,1085903.0089468888
12,ppo,ppo_020fdc27,"{""candidate_id"": ""ppo_020fdc27"", ""kwargs"": {""batch_size"": 64, ""ent_coef"": 0.005, ""gamma"": 0.99, ""n_steps"": 512}, ""timesteps"": 50000, ""validation_days"": 126}",2644,126,5,0.007486247425856379,996796.4602111848
12,ppo,ppo_e4290e54,"{""candidate_id"": ""ppo_e4290e54"", ""kwargs"": {""batch_size"": 64, ""ent_coef"": 0.005, ""gamma"": 0.99, ""n_steps"": 512}, ""timesteps"": 100000, ""validation_days"": 126}",2518,126,1,0.15968000271479046,1101798.7156592594
12,ppo,ppo_e4290e54,"{""candidate_id"": ""ppo_e4290e54"", ""kwargs"": {""batch_size"": 64, ""ent_coef"": 0.005, ""gamma"": 0.99, ""n_steps"": 512}, ""timesteps"": 100000, ""validation_days"": 126}",2518,126,2,0.11824335096578086,1069748.082162978
12,ppo,ppo_e4290e54,"{""candidate_id"": ""ppo_e4290e54"", ""kwargs"": {""batch_size"": 64, ""ent_coef"": 0.005, ""gamma"": 0.99, ""n_steps"": 512}, ""timesteps"": 100000, ""validation_days"": 126}",2518,126,3,0.11225797391646652,1065268.3329638497
12,ppo,ppo_e4290e54,"{""candidate_id"": ""ppo_e4290e54"", ""kwargs"": {""batch_size"": 64, ""ent_coef"": 0.005, ""gamma"": 0.99, ""n_steps"": 512}, ""timesteps"": 100000, ""validation_days"": 126}",2518,126,4,0.07073577904767797,1043808.7069934052
12,ppo,ppo_e4290e54,"{""candidate_id"": ""ppo_e4290e54"", ""kwargs"": {""batch_size"": 64, ""ent_coef"": 0.005, ""gamma"": 0.99, ""n_steps"": 512}, ""timesteps"": 100000, ""validation_days"": 126}",2518,126,5,0.10123284297296438,1047406.8407984758
12,ppo,ppo_e4290e54,"{""candidate_id"": ""ppo_e4290e54"", ""kwargs"": {""batch_size"": 64, ""ent_coef"": 0.005, ""gamma"": 0.99, ""n_steps"": 512}, ""timesteps"": 100000, ""validation_days"": 126}",2581,126,1,-0.09792009865976369,906544.1596383428
12,ppo,ppo_e4290e54,"{""candidate_id"": ""ppo_e4290e54"", ""kwargs"": {""batch_size"": 64, ""ent_coef"": 0.005, ""gamma"": 0.99, ""n_steps"": 512}, ""timesteps"": 100000, ""validation_days"": 126}",2581,126,2,-0.18493287166599143,868006.5950900053
12,ppo,ppo_e4290e54,"{""candidate_id"": ""ppo_e4290e54"", ""kwargs"": {""batch_size"": 64, ""ent_coef"": 0.005, ""gamma"": 0.99, ""n_steps"": 512}, ""timesteps"": 100000, ""validation_days"": 126}",2581,126,3,-0.20585005260680866,838068.1542336511
12,ppo,ppo_e4290e54,"{""candidate_id"": ""ppo_e4290e54"", ""kwargs"": {""batch_size"": 64, ""ent_coef"": 0.005, ""gamma"": 0.99, ""n_steps"": 512}, ""timesteps"": 100000, ""validation_days"": 126}",2581,126,4,-0.10900806191349029,918442.1586091651
12,ppo,ppo_e4290e54,"{""candidate_id"": ""ppo_e4290e54"", ""kwargs"": {""batch_size"": 64, ""ent_coef"": 0.005, ""gamma"": 0.99, ""n_steps"": 512}, ""timesteps"": 100000, ""validation_days"": 126}",2581,126,5,-0.12860198251033014,911661.5562838536
12,ppo,ppo_e4290e54,"{""candidate_id"": ""ppo_e4290e54"", ""kwargs"": {""batch_size"": 64, ""ent_coef"": 0.005, ""gamma"": 0.99, ""n_steps"": 512}, ""timesteps"": 100000, ""validation_days"": 126}",2644,126,1,0.056184171478039155,1030472.0614424546
12,ppo,ppo_e4290e54,"{""candidate_id"": ""ppo_e4290e54"", ""kwargs"": {""batch_size"": 64, ""ent_coef"": 0.005, ""gamma"": 0.99, ""n_steps"": 512}, ""timesteps"": 100000, ""validation_days"": 126}",2644,126,2,0.09517681017704861,1081472.5995835841
12,ppo,ppo_e4290e54,"{""candidate_id"": ""ppo_e4290e54"", ""kwargs"": {""batch_size"": 64, ""ent_coef"": 0.005, ""gamma"": 0.99, ""n_steps"": 512}, ""timesteps"": 100000, ""validation_days"": 126}",2644,126,3,0.03144576003391974,1015375.1516103104
12,ppo,ppo_e4290e54,"{""candidate_id"": ""ppo_e4290e54"", ""kwargs"": {""batch_size"": 64, ""ent_coef"": 0.005, ""gamma"": 0.99, ""n_steps"": 512}, ""timesteps"": 100000, ""validation_days"": 126}",2644,126,4,0.07969027514402226,1052836.930762638
12,ppo,ppo_e4290e54,"{""candidate_id"": ""ppo_e4290e54"", ""kwargs"": {""batch_size"": 64, ""ent_coef"": 0.005, ""gamma"": 0.99, ""n_steps"": 512}, ""timesteps"": 100000, ""validation_days"": 126}",2644,126,5,0.058033920726856744,1038656.4729962577
12,ddpg,ddpg_db4c7149,"{""candidate_id"": ""ddpg_db4c7149"", ""kwargs"": {""batch_size"": 64, ""buffer_size"": 10000, ""gamma"": 0.99, ""noise_sigma"": 0.5}, ""timesteps"": 10000, ""validation_days"": 126}",2518,126,1,0.13831184436405428,1069548.1515010057
12,ddpg,ddpg_db4c7149,"{""candidate_id"": ""ddpg_db4c7149"", ""kwargs"": {""batch_size"": 64, ""buffer_size"": 10000, ""gamma"": 0.99, ""noise_sigma"": 0.5}, ""timesteps"": 10000, ""validation_days"": 126}",2518,126,2,0.23884469767341548,1137832.2685980464
12,ddpg,ddpg_db4c7149,"{""candidate_id"": ""ddpg_db4c7149"", ""kwargs"": {""batch_size"": 64, ""buffer_size"": 10000, ""gamma"": 0.99, ""noise_sigma"": 0.5}, ""timesteps"": 10000, ""validation_days"": 126}",2518,126,3,0.17964258239777303,1089879.2228314178
12,ddpg,ddpg_db4c7149,"{""candidate_id"": ""ddpg_db4c7149"", ""kwargs"": {""batch_size"": 64, ""buffer_size"": 10000, ""gamma"": 0.99, ""noise_sigma"": 0.5}, ""timesteps"": 10000, ""validation_days"": 126}",2518,126,4,0.1683156963286635,1081547.1304550872
12,ddpg,ddpg_db4c7149,"{""candidate_id"": ""ddpg_db4c7149"", ""kwargs"": {""batch_size"": 64, ""buffer_size"": 10000, ""gamma"": 0.99, ""noise_sigma"": 0.5}, ""timesteps"": 10000, ""validation_days"": 126}",2518,126,5,0.22611049413066736,1135314.7543309247
12,ddpg,ddpg_db4c7149,"{""candidate_id"": ""ddpg_db4c7149"", ""kwargs"": {""batch_size"": 64, ""buffer_size"": 10000, ""gamma"": 0.99, ""noise_sigma"": 0.5}, ""timesteps"": 10000, ""validation_days"": 126}",2581,126,1,-0.10037979743638187,926134.4424858247
12,ddpg,ddpg_db4c7149,"{""candidate_id"": ""ddpg_db4c7149"", ""kwargs"": {""batch_size"": 64, ""buffer_size"": 10000, ""gamma"": 0.99, ""noise_sigma"": 0.5}, ""timesteps"": 10000, ""validation_days"": 126}",2581,126,2,-0.09193726539431522,934163.2970537979
12,ddpg,ddpg_db4c7149,"{""candidate_id"": ""ddpg_db4c7149"", ""kwargs"": {""batch_size"": 64, ""buffer_size"": 10000, ""gamma"": 0.99, ""noise_sigma"": 0.5}, ""timesteps"": 10000, ""validation_days"": 126}",2581,126,3,-0.09369999081706779,935080.1588762573
12,ddpg,ddpg_db4c7149,"{""candidate_id"": ""ddpg_db4c7149"", ""kwargs"": {""batch_size"": 64, ""buffer_size"": 10000, ""gamma"": 0.99, ""noise_sigma"": 0.5}, ""timesteps"": 10000, ""validation_days"": 126}",2581,126,4,-0.15536886276997527,897092.7960661737
12,ddpg,ddpg_db4c7149,"{""candidate_id"": ""ddpg_db4c7149"", ""kwargs"": {""batch_size"": 64, ""buffer_size"": 10000, ""gamma"": 0.99, ""noise_sigma"": 0.5}, ""timesteps"": 10000, ""validation_days"": 126}",2581,126,5,-0.1383025842210302,894246.0026544728
12,ddpg,ddpg_db4c7149,"{""candidate_id"": ""ddpg_db4c7149"", ""kwargs"": {""batch_size"": 64, ""buffer_size"": 10000, ""gamma"": 0.99, ""noise_sigma"": 0.5}, ""timesteps"": 10000, ""validation_days"": 126}",2644,126,1,0.020467733513946585,1004226.458408116
12,ddpg,ddpg_db4c7149,"{""candidate_id"": ""ddpg_db4c7149"", ""kwargs"": {""batch_size"": 64, ""buffer_size"": 10000, ""gamma"": 0.99, ""noise_sigma"": 0.5}, ""timesteps"": 10000, ""validation_days"": 126}",2644,126,2,0.02188182776059932,1005741.421552377
12,ddpg,ddpg_db4c7149,"{""candidate_id"": ""ddpg_db4c7149"", ""kwargs"": {""batch_size"": 64, ""buffer_size"": 10000, ""gamma"": 0.99, ""noise_sigma"": 0.5}, ""timesteps"": 10000, ""validation_days"": 126}",2644,126,3,0.12185871533327788,1087910.9193436927
12,ddpg,ddpg_db4c7149,"{""candidate_id"": ""ddpg_db4c7149"", ""kwargs"": {""batch_size"": 64, ""buffer_size"": 10000, ""gamma"": 0.99, ""noise_sigma"": 0.5}, ""timesteps"": 10000, ""validation_days"": 126}",2644,126,4,0.07073515972620131,1051913.914936251
12,ddpg,ddpg_db4c7149,"{""candidate_id"": ""ddpg_db4c7149"", ""kwargs"": {""batch_size"": 64, ""buffer_size"": 10000, ""gamma"": 0.99, ""noise_sigma"": 0.5}, ""timesteps"": 10000, ""validation_days"": 126}",2644,126,5,0.02146561003603176,1003182.8784259517
12,ddpg,ddpg_cfec8cb3,"{""candidate_id"": ""ddpg_cfec8cb3"", ""kwargs"": {""batch_size"": 128, ""buffer_size"": 10000, ""gamma"": 0.99, ""noise_sigma"": 0.3}, ""timesteps"": 10000, ""validation_days"": 126}",2518,126,1,0.16955647761489087,1085869.5008909472
12,ddpg,ddpg_cfec8cb3,"{""candidate_id"": ""ddpg_cfec8cb3"", ""kwargs"": {""batch_size"": 128, ""buffer_size"": 10000, ""gamma"": 0.99, ""noise_sigma"": 0.3}, ""timesteps"": 10000, ""validation_days"": 126}",2518,126,2,0.18406652285378752,1087694.4313962003
12,ddpg,ddpg_cfec8cb3,"{""candidate_id"": ""ddpg_cfec8cb3"", ""kwargs"": {""batch_size"": 128, ""buffer_size"": 10000, ""gamma"": 0.99, ""noise_sigma"": 0.3}, ""timesteps"": 10000, ""validation_days"": 126}",2518,126,3,0.23446122624797475,1123949.0159530113
12,ddpg,ddpg_cfec8cb3,"{""candidate_id"": ""ddpg_cfec8cb3"", ""kwargs"": {""batch_size"": 128, ""buffer_size"": 10000, ""gamma"": 0.99, ""noise_sigma"": 0.3}, ""timesteps"": 10000, ""validation_days"": 126}",2518,126,4,0.225965503217467,1107679.9700582074
12,ddpg,ddpg_cfec8cb3,"{""candidate_id"": ""ddpg_cfec8cb3"", ""kwargs"": {""batch_size"": 128, ""buffer_size"": 10000, ""gamma"": 0.99, ""noise_sigma"": 0.3}, ""timesteps"": 10000, ""validation_days"": 126}",2518,126,5,0.16977445535185512,1093799.9299666504
12,ddpg,ddpg_cfec8cb3,"{""candidate_id"": ""ddpg_cfec8cb3"", ""kwargs"": {""batch_size"": 128, ""buffer_size"": 10000, ""gamma"": 0.99, ""noise_sigma"": 0.3}, ""timesteps"": 10000, ""validation_days"": 126}",2581,126,1,-0.15606409700204704,893980.0018359326
12,ddpg,ddpg_cfec8cb3,"{""candidate_id"": ""ddpg_cfec8cb3"", ""kwargs"": {""batch_size"": 128, ""buffer_size"": 10000, ""gamma"": 0.99, ""noise_sigma"": 0.3}, ""timesteps"": 10000, ""validation_days"": 126}",2581,126,2,-0.11496685105739032,922655.5212537496
12,ddpg,ddpg_cfec8cb3,"{""candidate_id"": ""ddpg_cfec8cb3"", ""kwargs"": {""batch_size"": 128, ""buffer_size"": 10000, ""gamma"": 0.99, ""noise_sigma"": 0.3}, ""timesteps"": 10000, ""validation_days"": 126}",2581,126,3,-0.1316427867831327,911191.795906
12,ddpg,ddpg_cfec8cb3,"{""candidate_id"": ""ddpg_cfec8cb3"", ""kwargs"": {""batch_size"": 128, ""buffer_size"": 10000, ""gamma"": 0.99, ""noise_sigma"": 0.3}, ""timesteps"": 10000, ""validation_days"": 126}",2581,126,4,-0.15938079631509255,899078.0168984749
12,ddpg,ddpg_cfec8cb3,"{""candidate_id"": ""ddpg_cfec8cb3"", ""kwargs"": {""batch_size"": 128, ""buffer_size"": 10000, ""gamma"": 0.99, ""noise_sigma"": 0.3}, ""timesteps"": 10000, ""validation_days"": 126}",2581,126,5,-0.14251675917155082,895933.2650489879
12,ddpg,ddpg_cfec8cb3,"{""candidate_id"": ""ddpg_cfec8cb3"", ""kwargs"": {""batch_size"": 128, ""buffer_size"": 10000, ""gamma"": 0.99, ""noise_sigma"": 0.3}, ""timesteps"": 10000, ""validation_days"": 126}",2644,126,1,0.08710522626844713,1065250.9989403076
12,ddpg,ddpg_cfec8cb3,"{""candidate_id"": ""ddpg_cfec8cb3"", ""kwargs"": {""batch_size"": 128, ""buffer_size"": 10000, ""gamma"": 0.99, ""noise_sigma"": 0.3}, ""timesteps"": 10000, ""validation_days"": 126}",2644,126,2,0.09889124298897939,1074256.2159870756
12,ddpg,ddpg_cfec8cb3,"{""candidate_id"": ""ddpg_cfec8cb3"", ""kwargs"": {""batch_size"": 128, ""buffer_size"": 10000, ""gamma"": 0.99, ""noise_sigma"": 0.3}, ""timesteps"": 10000, ""validation_days"": 126}",2644,126,3,0.0681247671696157,1043524.1962400345
12,ddpg,ddpg_cfec8cb3,"{""candidate_id"": ""ddpg_cfec8cb3"", ""kwargs"": {""batch_size"": 128, ""buffer_size"": 10000, ""gamma"": 0.99, ""noise_sigma"": 0.3}, ""timesteps"": 10000, ""validation_days"": 126}",2644,126,4,0.004808849206735754,992237.9400148968
12,ddpg,ddpg_cfec8cb3,"{""candidate_id"": ""ddpg_cfec8cb3"", ""kwargs"": {""batch_size"": 128, ""buffer_size"": 10000, ""gamma"": 0.99, ""noise_sigma"": 0.3}, ""timesteps"": 10000, ""validation_days"": 126}",2644,126,5,0.006529362732402559,991914.9750239899
13,a2c,a2c_aee7d73f,"{""candidate_id"": ""a2c_aee7d73f"", ""kwargs"": {""gamma"": 0.99}, ""timesteps"": 10000, ""validation_days"": 126}",2581,126,1,-0.11619925837967891,910760.8950298509
13,a2c,a2c_aee7d73f,"{""candidate_id"": ""a2c_aee7d73f"", ""kwargs"": {""gamma"": 0.99}, ""timesteps"": 10000, ""validation_days"": 126}",2581,126,2,-0.136987352188304,889407.328251668
13,a2c,a2c_aee7d73f,"{""candidate_id"": ""a2c_aee7d73f"", ""kwargs"": {""gamma"": 0.99}, ""timesteps"": 10000, ""validation_days"": 126}",2581,126,3,-0.02515029983267856,965465.5371463869
13,a2c,a2c_aee7d73f,"{""candidate_id"": ""a2c_aee7d73f"", ""kwargs"": {""gamma"": 0.99}, ""timesteps"": 10000, ""validation_days"": 126}",2581,126,4,-0.09059344050756996,921368.5507918975
13,a2c,a2c_aee7d73f,"{""candidate_id"": ""a2c_aee7d73f"", ""kwargs"": {""gamma"": 0.99}, ""timesteps"": 10000, ""validation_days"": 126}",2581,126,5,-0.1288760933756701,914491.9617655661
13,a2c,a2c_aee7d73f,"{""candidate_id"": ""a2c_aee7d73f"", ""kwargs"": {""gamma"": 0.99}, ""timesteps"": 10000, ""validation_days"": 126}",2644,126,1,0.12078913023092568,1110461.4777228558
13,a2c,a2c_aee7d73f,"{""candidate_id"": ""a2c_aee7d73f"", ""kwargs"": {""gamma"": 0.99}, ""timesteps"": 10000, ""validation_days"": 126}",2644,126,2,0.06934383999160824,1063277.7166145423
13,a2c,a2c_aee7d73f,"{""candidate_id"": ""a2c_aee7d73f"", ""kwargs"": {""gamma"": 0.99}, ""timesteps"": 10000, ""validation_days"": 126}",2644,126,3,0.15355201724401737,1177432.7280021934
13,a2c,a2c_aee7d73f,"{""candidate_id"": ""a2c_aee7d73f"", ""kwargs"": {""gamma"": 0.99}, ""timesteps"": 10000, ""validation_days"": 126}",2644,126,4,0.09113198979432945,1077934.020276235
13,a2c,a2c_aee7d73f,"{""candidate_id"": ""a2c_aee7d73f"", ""kwargs"": {""gamma"": 0.99}, ""timesteps"": 10000, ""validation_days"": 126}",2644,126,5,0.09919038593111036,1075612.9626080308
13,a2c,a2c_aee7d73f,"{""candidate_id"": ""a2c_aee7d73f"", ""kwargs"": {""gamma"": 0.99}, ""timesteps"": 10000, ""validation_days"": 126}",2707,126,1,0.15371150349235604,1105280.5393900382
13,a2c,a2c_aee7d73f,"{""candidate_id"": ""a2c_aee7d73f"", ""kwargs"": {""gamma"": 0.99}, ""timesteps"": 10000, ""validation_days"": 126}",2707,126,2,0.45214114434023983,1318685.2950332009
13,a2c,a2c_aee7d73f,"{""candidate_id"": ""a2c_aee7d73f"", ""kwargs"": {""gamma"": 0.99}, ""timesteps"": 10000, ""validation_days"": 126}",2707,126,3,0.11177112415992667,1082900.2552939442
13,a2c,a2c_aee7d73f,"{""candidate_id"": ""a2c_aee7d73f"", ""kwargs"": {""gamma"": 0.99}, ""timesteps"": 10000, ""validation_days"": 126}",2707,126,4,0.3904586337840199,1285736.471769974
13,a2c,a2c_aee7d73f,"{""candidate_id"": ""a2c_aee7d73f"", ""kwargs"": {""gamma"": 0.99}, ""timesteps"": 10000, ""validation_days"": 126}",2707,126,5,0.4554409610249525,1227645.5430700989
13,a2c,a2c_09f4a573,"{""candidate_id"": ""a2c_09f4a573"", ""kwargs"": {""gamma"": 0.99}, ""timesteps"": 30000, ""validation_days"": 126}",2581,126,1,-0.20498711635418385,894828.061011907
13,a2c,a2c_09f4a573,"{""candidate_id"": ""a2c_09f4a573"", ""kwargs"": {""gamma"": 0.99}, ""timesteps"": 30000, ""validation_days"": 126}",2581,126,2,-0.11384185204926361,899383.1421652264
13,a2c,a2c_09f4a573,"{""candidate_id"": ""a2c_09f4a573"", ""kwargs"": {""gamma"": 0.99}, ""timesteps"": 30000, ""validation_days"": 126}",2581,126,3,-0.14732150287248,902647.7677305517
13,a2c,a2c_09f4a573,"{""candidate_id"": ""a2c_09f4a573"", ""kwargs"": {""gamma"": 0.99}, ""timesteps"": 30000, ""validation_days"": 126}",2581,126,4,-0.1646956578444935,877512.270211187
13,a2c,a2c_09f4a573,"{""candidate_id"": ""a2c_09f4a573"", ""kwargs"": {""gamma"": 0.99}, ""timesteps"": 30000, ""validation_days"": 126}",2581,126,5,-0.11164750806986398,917934.5618369695
13,a2c,a2c_09f4a573,"{""candidate_id"": ""a2c_09f4a573"", ""kwargs"": {""gamma"": 0.99}, ""timesteps"": 30000, ""validation_days"": 126}",2644,126,1,0.1278054138903812,1091111.9175105903
13,a2c,a2c_09f4a573,"{""candidate_id"": ""a2c_09f4a573"", ""kwargs"": {""gamma"": 0.99}, ""timesteps"": 30000, ""validation_days"": 126}",2644,126,2,0.10640382986002192,1090060.103733747
13,a2c,a2c_09f4a573,"{""candidate_id"": ""a2c_09f4a573"", ""kwargs"": {""gamma"": 0.99}, ""timesteps"": 30000, ""validation_days"": 126}",2644,126,3,-0.08721233177089947,902144.0285081073
13,a2c,a2c_09f4a573,"{""candidate_id"": ""a2c_09f4a573"", ""kwargs"": {""gamma"": 0.99}, ""timesteps"": 30000, ""validation_days"": 126}",2644,126,4,0.12201461866324795,1097351.0217074447
13,a2c,a2c_09f4a573,"{""candidate_id"": ""a2c_09f4a573"", ""kwargs"": {""gamma"": 0.99}, ""timesteps"": 30000, ""validation_days"": 126}",2644,126,5,-0.018186019422283463,979517.684556217
13,a2c,a2c_09f4a573,"{""candidate_id"": ""a2c_09f4a573"", ""kwargs"": {""gamma"": 0.99}, ""timesteps"": 30000, ""validation_days"": 126}",2707,126,1,0.17394742476568914,1124312.4680051273
13,a2c,a2c_09f4a573,"{""candidate_id"": ""a2c_09f4a573"", ""kwargs"": {""gamma"": 0.99}, ""timesteps"": 30000, ""validation_days"": 126}",2707,126,2,0.32468673073863796,1192900.7066188622
13,a2c,a2c_09f4a573,"{""candidate_id"": ""a2c_09f4a573"", ""kwargs"": {""gamma"": 0.99}, ""timesteps"": 30000, ""validation_days"": 126}",2707,126,3,0.14448368354914917,1096361.5131255183
13,a2c,a2c_09f4a573,"{""candidate_id"": ""a2c_09f4a573"", ""kwargs"": {""gamma"": 0.99}, ""timesteps"": 30000, ""validation_days"": 126}",2707,126,4,0.3825973249947714,1292392.5712374216
13,a2c,a2c_09f4a573,"{""candidate_id"": ""a2c_09f4a573"", ""kwargs"": {""gamma"": 0.99}, ""timesteps"": 30000, ""validation_days"": 126}",2707,126,5,0.10979462903710872,1076065.5155735905
13,ppo,ppo_020fdc27,"{""candidate_id"": ""ppo_020fdc27"", ""kwargs"": {""batch_size"": 64, ""ent_coef"": 0.005, ""gamma"": 0.99, ""n_steps"": 512}, ""timesteps"": 50000, ""validation_days"": 126}",2581,126,1,0.018456107282007684,1003281.057679603
13,ppo,ppo_020fdc27,"{""candidate_id"": ""ppo_020fdc27"", ""kwargs"": {""batch_size"": 64, ""ent_coef"": 0.005, ""gamma"": 0.99, ""n_steps"": 512}, ""timesteps"": 50000, ""validation_days"": 126}",2581,126,2,-0.15836190306923015,897636.5432778174
13,ppo,ppo_020fdc27,"{""candidate_id"": ""ppo_020fdc27"", ""kwargs"": {""batch_size"": 64, ""ent_coef"": 0.005, ""gamma"": 0.99, ""n_steps"": 512}, ""timesteps"": 50000, ""validation_days"": 126}",2581,126,3,-0.18739959513511725,867613.5268367709
13,ppo,ppo_020fdc27,"{""candidate_id"": ""ppo_020fdc27"", ""kwargs"": {""batch_size"": 64, ""ent_coef"": 0.005, ""gamma"": 0.99, ""n_steps"": 512}, ""timesteps"": 50000, ""validation_days"": 126}",2581,126,4,-0.15329689219976295,889901.895103785
13,ppo,ppo_020fdc27,"{""candidate_id"": ""ppo_020fdc27"", ""kwargs"": {""batch_size"": 64, ""ent_coef"": 0.005, ""gamma"": 0.99, ""n_steps"": 512}, ""timesteps"": 50000, ""validation_days"": 126}",2581,126,5,-0.12201551382451331,894112.7679767512
13,ppo,ppo_020fdc27,"{""candidate_id"": ""ppo_020fdc27"", ""kwargs"": {""batch_size"": 64, ""ent_coef"": 0.005, ""gamma"": 0.99, ""n_steps"": 512}, ""timesteps"": 50000, ""validation_days"": 126}",2644,126,1,0.12062906160532927,1127523.0835974575
13,ppo,ppo_020fdc27,"{""candidate_id"": ""ppo_020fdc27"", ""kwargs"": {""batch_size"": 64, ""ent_coef"": 0.005, ""gamma"": 0.99, ""n_steps"": 512}, ""timesteps"": 50000, ""validation_days"": 126}",2644,126,2,0.10376518021949847,1087864.7754067816
13,ppo,ppo_020fdc27,"{""candidate_id"": ""ppo_020fdc27"", ""kwargs"": {""batch_size"": 64, ""ent_coef"": 0.005, ""gamma"": 0.99, ""n_steps"": 512}, ""timesteps"": 50000, ""validation_days"": 126}",2644,126,3,-0.013520267087488056,984318.1761026778
13,ppo,ppo_020fdc27,"{""candidate_id"": ""ppo_020fdc27"", ""kwargs"": {""batch_size"": 64, ""ent_coef"": 0.005, ""gamma"": 0.99, ""n_steps"": 512}, ""timesteps"": 50000, ""validation_days"": 126}",2644,126,4,0.1194451105974871,1085903.0089468888
13,ppo,ppo_020fdc27,"{""candidate_id"": ""ppo_020fdc27"", ""kwargs"": {""batch_size"": 64, ""ent_coef"": 0.005, ""gamma"": 0.99, ""n_steps"": 512}, ""timesteps"": 50000, ""validation_days"": 126}",2644,126,5,0.007486247425856379,996796.4602111848
13,ppo,ppo_020fdc27,"{""candidate_id"": ""ppo_020fdc27"", ""kwargs"": {""batch_size"": 64, ""ent_coef"": 0.005, ""gamma"": 0.99, ""n_steps"": 512}, ""timesteps"": 50000, ""validation_days"": 126}",2707,126,1,0.19745227246329372,1127182.9754388635
13,ppo,ppo_020fdc27,"{""candidate_id"": ""ppo_020fdc27"", ""kwargs"": {""batch_size"": 64, ""ent_coef"": 0.005, ""gamma"": 0.99, ""n_steps"": 512}, ""timesteps"": 50000, ""validation_days"": 126}",2707,126,2,0.33724865162489387,1207572.132148462
13,ppo,ppo_020fdc27,"{""candidate_id"": ""ppo_020fdc27"", ""kwargs"": {""batch_size"": 64, ""ent_coef"": 0.005, ""gamma"": 0.99, ""n_steps"": 512}, ""timesteps"": 50000, ""validation_days"": 126}",2707,126,3,0.2447481677681811,1132300.5767652278
13,ppo,ppo_020fdc27,"{""candidate_id"": ""ppo_020fdc27"", ""kwargs"": {""batch_size"": 64, ""ent_coef"": 0.005, ""gamma"": 0.99, ""n_steps"": 512}, ""timesteps"": 50000, ""validation_days"": 126}",2707,126,4,0.0041957238034133594,1000927.4611090268
13,ppo,ppo_020fdc27,"{""candidate_id"": ""ppo_020fdc27"", ""kwargs"": {""batch_size"": 64, ""ent_coef"": 0.005, ""gamma"": 0.99, ""n_steps"": 512}, ""timesteps"": 50000, ""validation_days"": 126}",2707,126,5,0.23222233637664896,1178281.6013620393
13,ppo,ppo_e4290e54,"{""candidate_id"": ""ppo_e4290e54"", ""kwargs"": {""batch_size"": 64, ""ent_coef"": 0.005, ""gamma"": 0.99, ""n_steps"": 512}, ""timesteps"": 100000, ""validation_days"": 126}",2581,126,1,-0.09792009865976369,906544.1596383428
13,ppo,ppo_e4290e54,"{""candidate_id"": ""ppo_e4290e54"", ""kwargs"": {""batch_size"": 64, ""ent_coef"": 0.005, ""gamma"": 0.99, ""n_steps"": 512}, ""timesteps"": 100000, ""validation_days"": 126}",2581,126,2,-0.18493287166599143,868006.5950900053
13,ppo,ppo_e4290e54,"{""candidate_id"": ""ppo_e4290e54"", ""kwargs"": {""batch_size"": 64, ""ent_coef"": 0.005, ""gamma"": 0.99, ""n_steps"": 512}, ""timesteps"": 100000, ""validation_days"": 126}",2581,126,3,-0.20585005260680866,838068.1542336511
13,ppo,ppo_e4290e54,"{""candidate_id"": ""ppo_e4290e54"", ""kwargs"": {""batch_size"": 64, ""ent_coef"": 0.005, ""gamma"": 0.99, ""n_steps"": 512}, ""timesteps"": 100000, ""validation_days"": 126}",2581,126,4,-0.10900806191349029,918442.1586091651
13,ppo,ppo_e4290e54,"{""candidate_id"": ""ppo_e4290e54"", ""kwargs"": {""batch_size"": 64, ""ent_coef"": 0.005, ""gamma"": 0.99, ""n_steps"": 512}, ""timesteps"": 100000, ""validation_days"": 126}",2581,126,5,-0.12860198251033014,911661.5562838536
13,ppo,ppo_e4290e54,"{""candidate_id"": ""ppo_e4290e54"", ""kwargs"": {""batch_size"": 64, ""ent_coef"": 0.005, ""gamma"": 0.99, ""n_steps"": 512}, ""timesteps"": 100000, ""validation_days"": 126}",2644,126,1,0.056184171478039155,1030472.0614424546
13,ppo,ppo_e4290e54,"{""candidate_id"": ""ppo_e4290e54"", ""kwargs"": {""batch_size"": 64, ""ent_coef"": 0.005, ""gamma"": 0.99, ""n_steps"": 512}, ""timesteps"": 100000, ""validation_days"": 126}",2644,126,2,0.09517681017704861,1081472.5995835841
13,ppo,ppo_e4290e54,"{""candidate_id"": ""ppo_e4290e54"", ""kwargs"": {""batch_size"": 64, ""ent_coef"": 0.005, ""gamma"": 0.99, ""n_steps"": 512}, ""timesteps"": 100000, ""validation_days"": 126}",2644,126,3,0.03144576003391974,1015375.1516103104
13,ppo,ppo_e4290e54,"{""candidate_id"": ""ppo_e4290e54"", ""kwargs"": {""batch_size"": 64, ""ent_coef"": 0.005, ""gamma"": 0.99, ""n_steps"": 512}, ""timesteps"": 100000, ""validation_days"": 126}",2644,126,4,0.07969027514402226,1052836.930762638
13,ppo,ppo_e4290e54,"{""candidate_id"": ""ppo_e4290e54"", ""kwargs"": {""batch_size"": 64, ""ent_coef"": 0.005, ""gamma"": 0.99, ""n_steps"": 512}, ""timesteps"": 100000, ""validation_days"": 126}",2644,126,5,0.058033920726856744,1038656.4729962577
13,ppo,ppo_e4290e54,"{""candidate_id"": ""ppo_e4290e54"", ""kwargs"": {""batch_size"": 64, ""ent_coef"": 0.005, ""gamma"": 0.99, ""n_steps"": 512}, ""timesteps"": 100000, ""validation_days"": 126}",2707,126,1,0.25426536963802016,1162639.6604032665
13,ppo,ppo_e4290e54,"{""candidate_id"": ""ppo_e4290e54"", ""kwargs"": {""batch_size"": 64, ""ent_coef"": 0.005, ""gamma"": 0.99, ""n_steps"": 512}, ""timesteps"": 100000, ""validation_days"": 126}",2707,126,2,0.29851883006787977,1187078.9043040338
13,ppo,ppo_e4290e54,"{""candidate_id"": ""ppo_e4290e54"", ""kwargs"": {""batch_size"": 64, ""ent_coef"": 0.005, ""gamma"": 0.99, ""n_steps"": 512}, ""timesteps"": 100000, ""validation_days"": 126}",2707,126,3,0.05885637182947935,1047958.7843688591
13,ppo,ppo_e4290e54,"{""candidate_id"": ""ppo_e4290e54"", ""kwargs"": {""batch_size"": 64, ""ent_coef"": 0.005, ""gamma"": 0.99, ""n_steps"": 512}, ""timesteps"": 100000, ""validation_days"": 126}",2707,126,4,-0.02871189289776434,978646.6127417979
13,ppo,ppo_e4290e54,"{""candidate_id"": ""ppo_e4290e54"", ""kwargs"": {""batch_size"": 64, ""ent_coef"": 0.005, ""gamma"": 0.99, ""n_steps"": 512}, ""timesteps"": 100000, ""validation_days"": 126}",2707,126,5,0.3920429201411245,1301122.9013612696
13,ddpg,ddpg_db4c7149,"{""candidate_id"": ""ddpg_db4c7149"", ""kwargs"": {""batch_size"": 64, ""buffer_size"": 10000, ""gamma"": 0.99, ""noise_sigma"": 0.5}, ""timesteps"": 10000, ""validation_days"": 126}",2581,126,1,-0.10037979743638187,926134.4424858247
13,ddpg,ddpg_db4c7149,"{""candidate_id"": ""ddpg_db4c7149"", ""kwargs"": {""batch_size"": 64, ""buffer_size"": 10000, ""gamma"": 0.99, ""noise_sigma"": 0.5}, ""timesteps"": 10000, ""validation_days"": 126}",2581,126,2,-0.09193726539431522,934163.2970537979
13,ddpg,ddpg_db4c7149,"{""candidate_id"": ""ddpg_db4c7149"", ""kwargs"": {""batch_size"": 64, ""buffer_size"": 10000, ""gamma"": 0.99, ""noise_sigma"": 0.5}, ""timesteps"": 10000, ""validation_days"": 126}",2581,126,3,-0.09369999081706779,935080.1588762573
13,ddpg,ddpg_db4c7149,"{""candidate_id"": ""ddpg_db4c7149"", ""kwargs"": {""batch_size"": 64, ""buffer_size"": 10000, ""gamma"": 0.99, ""noise_sigma"": 0.5}, ""timesteps"": 10000, ""validation_days"": 126}",2581,126,4,-0.15536886276997527,897092.7960661737
13,ddpg,ddpg_db4c7149,"{""candidate_id"": ""ddpg_db4c7149"", ""kwargs"": {""batch_size"": 64, ""buffer_size"": 10000, ""gamma"": 0.99, ""noise_sigma"": 0.5}, ""timesteps"": 10000, ""validation_days"": 126}",2581,126,5,-0.1383025842210302,894246.0026544728
13,ddpg,ddpg_db4c7149,"{""candidate_id"": ""ddpg_db4c7149"", ""kwargs"": {""batch_size"": 64, ""buffer_size"": 10000, ""gamma"": 0.99, ""noise_sigma"": 0.5}, ""timesteps"": 10000, ""validation_days"": 126}",2644,126,1,0.020467733513946585,1004226.458408116
13,ddpg,ddpg_db4c7149,"{""candidate_id"": ""ddpg_db4c7149"", ""kwargs"": {""batch_size"": 64, ""buffer_size"": 10000, ""gamma"": 0.99, ""noise_sigma"": 0.5}, ""timesteps"": 10000, ""validation_days"": 126}",2644,126,2,0.02188182776059932,1005741.421552377
13,ddpg,ddpg_db4c7149,"{""candidate_id"": ""ddpg_db4c7149"", ""kwargs"": {""batch_size"": 64, ""buffer_size"": 10000, ""gamma"": 0.99, ""noise_sigma"": 0.5}, ""timesteps"": 10000, ""validation_days"": 126}",2644,126,3,0.12185871533327788,1087910.9193436927
13,ddpg,ddpg_db4c7149,"{""candidate_id"": ""ddpg_db4c7149"", ""kwargs"": {""batch_size"": 64, ""buffer_size"": 10000, ""gamma"": 0.99, ""noise_sigma"": 0.5}, ""timesteps"": 10000, ""validation_days"": 126}",2644,126,4,0.07073515972620131,1051913.914936251
13,ddpg,ddpg_db4c7149,"{""candidate_id"": ""ddpg_db4c7149"", ""kwargs"": {""batch_size"": 64, ""buffer_size"": 10000, ""gamma"": 0.99, ""noise_sigma"": 0.5}, ""timesteps"": 10000, ""validation_days"": 126}",2644,126,5,0.02146561003603176,1003182.8784259517
13,ddpg,ddpg_db4c7149,"{""candidate_id"": ""ddpg_db4c7149"", ""kwargs"": {""batch_size"": 64, ""buffer_size"": 10000, ""gamma"": 0.99, ""noise_sigma"": 0.5}, ""timesteps"": 10000, ""validation_days"": 126}",2707,126,1,0.15150943371721018,1114266.5077299664
13,ddpg,ddpg_db4c7149,"{""candidate_id"": ""ddpg_db4c7149"", ""kwargs"": {""batch_size"": 64, ""buffer_size"": 10000, ""gamma"": 0.99, ""noise_sigma"": 0.5}, ""timesteps"": 10000, ""validation_days"": 126}",2707,126,2,0.23098814434399279,1169507.8073271676
13,ddpg,ddpg_db4c7149,"{""candidate_id"": ""ddpg_db4c7149"", ""kwargs"": {""batch_size"": 64, ""buffer_size"": 10000, ""gamma"": 0.99, ""noise_sigma"": 0.5}, ""timesteps"": 10000, ""validation_days"": 126}",2707,126,3,0.35291189088207103,1215100.5140407034
13,ddpg,ddpg_db4c7149,"{""candidate_id"": ""ddpg_db4c7149"", ""kwargs"": {""batch_size"": 64, ""buffer_size"": 10000, ""gamma"": 0.99, ""noise_sigma"": 0.5}, ""timesteps"": 10000, ""validation_days"": 126}",2707,126,4,0.40918322554512326,1267538.6490797072
13,ddpg,ddpg_db4c7149,"{""candidate_id"": ""ddpg_db4c7149"", ""kwargs"": {""batch_size"": 64, ""buffer_size"": 10000, ""gamma"": 0.99, ""noise_sigma"": 0.5}, ""timesteps"": 10000, ""validation_days"": 126}",2707,126,5,0.26958084716215713,1198118.6257690783
13,ddpg,ddpg_cfec8cb3,"{""candidate_id"": ""ddpg_cfec8cb3"", ""kwargs"": {""batch_size"": 128, ""buffer_size"": 10000, ""gamma"": 0.99, ""noise_sigma"": 0.3}, ""timesteps"": 10000, ""validation_days"": 126}",2581,126,1,-0.15606409700204704,893980.0018359326
13,ddpg,ddpg_cfec8cb3,"{""candidate_id"": ""ddpg_cfec8cb3"", ""kwargs"": {""batch_size"": 128, ""buffer_size"": 10000, ""gamma"": 0.99, ""noise_sigma"": 0.3}, ""timesteps"": 10000, ""validation_days"": 126}",2581,126,2,-0.11496685105739032,922655.5212537496
13,ddpg,ddpg_cfec8cb3,"{""candidate_id"": ""ddpg_cfec8cb3"", ""kwargs"": {""batch_size"": 128, ""buffer_size"": 10000, ""gamma"": 0.99, ""noise_sigma"": 0.3}, ""timesteps"": 10000, ""validation_days"": 126}",2581,126,3,-0.1316427867831327,911191.795906
13,ddpg,ddpg_cfec8cb3,"{""candidate_id"": ""ddpg_cfec8cb3"", ""kwargs"": {""batch_size"": 128, ""buffer_size"": 10000, ""gamma"": 0.99, ""noise_sigma"": 0.3}, ""timesteps"": 10000, ""validation_days"": 126}",2581,126,4,-0.15938079631509255,899078.0168984749
13,ddpg,ddpg_cfec8cb3,"{""candidate_id"": ""ddpg_cfec8cb3"", ""kwargs"": {""batch_size"": 128, ""buffer_size"": 10000, ""gamma"": 0.99, ""noise_sigma"": 0.3}, ""timesteps"": 10000, ""validation_days"": 126}",2581,126,5,-0.14251675917155082,895933.2650489879
13,ddpg,ddpg_cfec8cb3,"{""candidate_id"": ""ddpg_cfec8cb3"", ""kwargs"": {""batch_size"": 128, ""buffer_size"": 10000, ""gamma"": 0.99, ""noise_sigma"": 0.3}, ""timesteps"": 10000, ""validation_days"": 126}",2644,126,1,0.08710522626844713,1065250.9989403076
13,ddpg,ddpg_cfec8cb3,"{""candidate_id"": ""ddpg_cfec8cb3"", ""kwargs"": {""batch_size"": 128, ""buffer_size"": 10000, ""gamma"": 0.99, ""noise_sigma"": 0.3}, ""timesteps"": 10000, ""validation_days"": 126}",2644,126,2,0.09889124298897939,1074256.2159870756
13,ddpg,ddpg_cfec8cb3,"{""candidate_id"": ""ddpg_cfec8cb3"", ""kwargs"": {""batch_size"": 128, ""buffer_size"": 10000, ""gamma"": 0.99, ""noise_sigma"": 0.3}, ""timesteps"": 10000, ""validation_days"": 126}",2644,126,3,0.0681247671696157,1043524.1962400345
13,ddpg,ddpg_cfec8cb3,"{""candidate_id"": ""ddpg_cfec8cb3"", ""kwargs"": {""batch_size"": 128, ""buffer_size"": 10000, ""gamma"": 0.99, ""noise_sigma"": 0.3}, ""timesteps"": 10000, ""validation_days"": 126}",2644,126,4,0.004808849206735754,992237.9400148968
13,ddpg,ddpg_cfec8cb3,"{""candidate_id"": ""ddpg_cfec8cb3"", ""kwargs"": {""batch_size"": 128, ""buffer_size"": 10000, ""gamma"": 0.99, ""noise_sigma"": 0.3}, ""timesteps"": 10000, ""validation_days"": 126}",2644,126,5,0.006529362732402559,991914.9750239899
13,ddpg,ddpg_cfec8cb3,"{""candidate_id"": ""ddpg_cfec8cb3"", ""kwargs"": {""batch_size"": 128, ""buffer_size"": 10000, ""gamma"": 0.99, ""noise_sigma"": 0.3}, ""timesteps"": 10000, ""validation_days"": 126}",2707,126,1,0.34777577193711606,1230027.2643667455
13,ddpg,ddpg_cfec8cb3,"{""candidate_id"": ""ddpg_cfec8cb3"", ""kwargs"": {""batch_size"": 128, ""buffer_size"": 10000, ""gamma"": 0.99, ""noise_sigma"": 0.3}, ""timesteps"": 10000, ""validation_days"": 126}",2707,126,2,0.3140572744906654,1214319.8513880223
13,ddpg,ddpg_cfec8cb3,"{""candidate_id"": ""ddpg_cfec8cb3"", ""kwargs"": {""batch_size"": 128, ""buffer_size"": 10000, ""gamma"": 0.99, ""noise_sigma"": 0.3}, ""timesteps"": 10000, ""validation_days"": 126}",2707,126,3,0.2650470696398231,1176971.9085454536
13,ddpg,ddpg_cfec8cb3,"{""candidate_id"": ""ddpg_cfec8cb3"", ""kwargs"": {""batch_size"": 128, ""buffer_size"": 10000, ""gamma"": 0.99, ""noise_sigma"": 0.3}, ""timesteps"": 10000, ""validation_days"": 126}",2707,126,4,0.2028365300508347,1127373.5748204587
13,ddpg,ddpg_cfec8cb3,"{""candidate_id"": ""ddpg_cfec8cb3"", ""kwargs"": {""batch_size"": 128, ""buffer_size"": 10000, ""gamma"": 0.99, ""noise_sigma"": 0.3}, ""timesteps"": 10000, ""validation_days"": 126}",2707,126,5,0.3206424729859038,1215931.4878755608
14,a2c,a2c_aee7d73f,"{""candidate_id"": ""a2c_aee7d73f"", ""kwargs"": {""gamma"": 0.99}, ""timesteps"": 10000, ""validation_days"": 126}",2644,126,1,0.12078913023092568,1110461.4777228558
14,a2c,a2c_aee7d73f,"{""candidate_id"": ""a2c_aee7d73f"", ""kwargs"": {""gamma"": 0.99}, ""timesteps"": 10000, ""validation_days"": 126}",2644,126,2,0.06934383999160824,1063277.7166145423
14,a2c,a2c_aee7d73f,"{""candidate_id"": ""a2c_aee7d73f"", ""kwargs"": {""gamma"": 0.99}, ""timesteps"": 10000, ""validation_days"": 126}",2644,126,3,0.15355201724401737,1177432.7280021934
14,a2c,a2c_aee7d73f,"{""candidate_id"": ""a2c_aee7d73f"", ""kwargs"": {""gamma"": 0.99}, ""timesteps"": 10000, ""validation_days"": 126}",2644,126,4,0.09113198979432945,1077934.020276235
14,a2c,a2c_aee7d73f,"{""candidate_id"": ""a2c_aee7d73f"", ""kwargs"": {""gamma"": 0.99}, ""timesteps"": 10000, ""validation_days"": 126}",2644,126,5,0.09919038593111036,1075612.9626080308
14,a2c,a2c_aee7d73f,"{""candidate_id"": ""a2c_aee7d73f"", ""kwargs"": {""gamma"": 0.99}, ""timesteps"": 10000, ""validation_days"": 126}",2707,126,1,0.15371150349235604,1105280.5393900382
14,a2c,a2c_aee7d73f,"{""candidate_id"": ""a2c_aee7d73f"", ""kwargs"": {""gamma"": 0.99}, ""timesteps"": 10000, ""validation_days"": 126}",2707,126,2,0.45214114434023983,1318685.2950332009
14,a2c,a2c_aee7d73f,"{""candidate_id"": ""a2c_aee7d73f"", ""kwargs"": {""gamma"": 0.99}, ""timesteps"": 10000, ""validation_days"": 126}",2707,126,3,0.11177112415992667,1082900.2552939442
14,a2c,a2c_aee7d73f,"{""candidate_id"": ""a2c_aee7d73f"", ""kwargs"": {""gamma"": 0.99}, ""timesteps"": 10000, ""validation_days"": 126}",2707,126,4,0.3904586337840199,1285736.471769974
14,a2c,a2c_aee7d73f,"{""candidate_id"": ""a2c_aee7d73f"", ""kwargs"": {""gamma"": 0.99}, ""timesteps"": 10000, ""validation_days"": 126}",2707,126,5,0.4554409610249525,1227645.5430700989
14,a2c,a2c_aee7d73f,"{""candidate_id"": ""a2c_aee7d73f"", ""kwargs"": {""gamma"": 0.99}, ""timesteps"": 10000, ""validation_days"": 126}",2770,126,1,0.37346416370000096,1174446.4672257947
14,a2c,a2c_aee7d73f,"{""candidate_id"": ""a2c_aee7d73f"", ""kwargs"": {""gamma"": 0.99}, ""timesteps"": 10000, ""validation_days"": 126}",2770,126,2,0.2754194830983024,1153018.3337831502
14,a2c,a2c_aee7d73f,"{""candidate_id"": ""a2c_aee7d73f"", ""kwargs"": {""gamma"": 0.99}, ""timesteps"": 10000, ""validation_days"": 126}",2770,126,3,0.14929798419522866,1079522.4803606006
14,a2c,a2c_aee7d73f,"{""candidate_id"": ""a2c_aee7d73f"", ""kwargs"": {""gamma"": 0.99}, ""timesteps"": 10000, ""validation_days"": 126}",2770,126,4,0.15152191315930738,1058343.81502695
14,a2c,a2c_aee7d73f,"{""candidate_id"": ""a2c_aee7d73f"", ""kwargs"": {""gamma"": 0.99}, ""timesteps"": 10000, ""validation_days"": 126}",2770,126,5,0.050765562065054594,1023857.242186757
14,a2c,a2c_09f4a573,"{""candidate_id"": ""a2c_09f4a573"", ""kwargs"": {""gamma"": 0.99}, ""timesteps"": 30000, ""validation_days"": 126}",2644,126,1,0.1278054138903812,1091111.9175105903
14,a2c,a2c_09f4a573,"{""candidate_id"": ""a2c_09f4a573"", ""kwargs"": {""gamma"": 0.99}, ""timesteps"": 30000, ""validation_days"": 126}",2644,126,2,0.10640382986002192,1090060.103733747
14,a2c,a2c_09f4a573,"{""candidate_id"": ""a2c_09f4a573"", ""kwargs"": {""gamma"": 0.99}, ""timesteps"": 30000, ""validation_days"": 126}",2644,126,3,-0.08721233177089947,902144.0285081073
14,a2c,a2c_09f4a573,"{""candidate_id"": ""a2c_09f4a573"", ""kwargs"": {""gamma"": 0.99}, ""timesteps"": 30000, ""validation_days"": 126}",2644,126,4,0.12201461866324795,1097351.0217074447
14,a2c,a2c_09f4a573,"{""candidate_id"": ""a2c_09f4a573"", ""kwargs"": {""gamma"": 0.99}, ""timesteps"": 30000, ""validation_days"": 126}",2644,126,5,-0.018186019422283463,979517.684556217
14,a2c,a2c_09f4a573,"{""candidate_id"": ""a2c_09f4a573"", ""kwargs"": {""gamma"": 0.99}, ""timesteps"": 30000, ""validation_days"": 126}",2707,126,1,0.17394742476568914,1124312.4680051273
14,a2c,a2c_09f4a573,"{""candidate_id"": ""a2c_09f4a573"", ""kwargs"": {""gamma"": 0.99}, ""timesteps"": 30000, ""validation_days"": 126}",2707,126,2,0.32468673073863796,1192900.7066188622
14,a2c,a2c_09f4a573,"{""candidate_id"": ""a2c_09f4a573"", ""kwargs"": {""gamma"": 0.99}, ""timesteps"": 30000, ""validation_days"": 126}",2707,126,3,0.14448368354914917,1096361.5131255183
14,a2c,a2c_09f4a573,"{""candidate_id"": ""a2c_09f4a573"", ""kwargs"": {""gamma"": 0.99}, ""timesteps"": 30000, ""validation_days"": 126}",2707,126,4,0.3825973249947714,1292392.5712374216
14,a2c,a2c_09f4a573,"{""candidate_id"": ""a2c_09f4a573"", ""kwargs"": {""gamma"": 0.99}, ""timesteps"": 30000, ""validation_days"": 126}",2707,126,5,0.10979462903710872,1076065.5155735905
14,a2c,a2c_09f4a573,"{""candidate_id"": ""a2c_09f4a573"", ""kwargs"": {""gamma"": 0.99}, ""timesteps"": 30000, ""validation_days"": 126}",2770,126,1,0.30068708946088785,1166117.4382895175
14,a2c,a2c_09f4a573,"{""candidate_id"": ""a2c_09f4a573"", ""kwargs"": {""gamma"": 0.99}, ""timesteps"": 30000, ""validation_days"": 126}",2770,126,2,0.2475078922874926,1123772.8868830597
14,a2c,a2c_09f4a573,"{""candidate_id"": ""a2c_09f4a573"", ""kwargs"": {""gamma"": 0.99}, ""timesteps"": 30000, ""validation_days"": 126}",2770,126,3,0.13977173888705194,1066944.9168853005
14,a2c,a2c_09f4a573,"{""candidate_id"": ""a2c_09f4a573"", ""kwargs"": {""gamma"": 0.99}, ""timesteps"": 30000, ""validation_days"": 126}",2770,126,4,0.2655995651363074,1200751.1557517159
14,a2c,a2c_09f4a573,"{""candidate_id"": ""a2c_09f4a573"", ""kwargs"": {""gamma"": 0.99}, ""timesteps"": 30000, ""validation_days"": 126}",2770,126,5,0.17568829781848286,1091125.221420138
14,ppo,ppo_020fdc27,"{""candidate_id"": ""ppo_020fdc27"", ""kwargs"": {""batch_size"": 64, ""ent_coef"": 0.005, ""gamma"": 0.99, ""n_steps"": 512}, ""timesteps"": 50000, ""validation_days"": 126}",2644,126,1,0.12062906160532927,1127523.0835974575
14,ppo,ppo_020fdc27,"{""candidate_id"": ""ppo_020fdc27"", ""kwargs"": {""batch_size"": 64, ""ent_coef"": 0.005, ""gamma"": 0.99, ""n_steps"": 512}, ""timesteps"": 50000, ""validation_days"": 126}",2644,126,2,0.10376518021949847,1087864.7754067816
14,ppo,ppo_020fdc27,"{""candidate_id"": ""ppo_020fdc27"", ""kwargs"": {""batch_size"": 64, ""ent_coef"": 0.005, ""gamma"": 0.99, ""n_steps"": 512}, ""timesteps"": 50000, ""validation_days"": 126}",2644,126,3,-0.013520267087488056,984318.1761026778
14,ppo,ppo_020fdc27,"{""candidate_id"": ""ppo_020fdc27"", ""kwargs"": {""batch_size"": 64, ""ent_coef"": 0.005, ""gamma"": 0.99, ""n_steps"": 512}, ""timesteps"": 50000, ""validation_days"": 126}",2644,126,4,0.1194451105974871,1085903.0089468888
14,ppo,ppo_020fdc27,"{""candidate_id"": ""ppo_020fdc27"", ""kwargs"": {""batch_size"": 64, ""ent_coef"": 0.005, ""gamma"": 0.99, ""n_steps"": 512}, ""timesteps"": 50000, ""validation_days"": 126}",2644,126,5,0.007486247425856379,996796.4602111848
14,ppo,ppo_020fdc27,"{""candidate_id"": ""ppo_020fdc27"", ""kwargs"": {""batch_size"": 64, ""ent_coef"": 0.005, ""gamma"": 0.99, ""n_steps"": 512}, ""timesteps"": 50000, ""validation_days"": 126}",2707,126,1,0.19745227246329372,1127182.9754388635
14,ppo,ppo_020fdc27,"{""candidate_id"": ""ppo_020fdc27"", ""kwargs"": {""batch_size"": 64, ""ent_coef"": 0.005, ""gamma"": 0.99, ""n_steps"": 512}, ""timesteps"": 50000, ""validation_days"": 126}",2707,126,2,0.33724865162489387,1207572.132148462
14,ppo,ppo_020fdc27,"{""candidate_id"": ""ppo_020fdc27"", ""kwargs"": {""batch_size"": 64, ""ent_coef"": 0.005, ""gamma"": 0.99, ""n_steps"": 512}, ""timesteps"": 50000, ""validation_days"": 126}",2707,126,3,0.2447481677681811,1132300.5767652278
14,ppo,ppo_020fdc27,"{""candidate_id"": ""ppo_020fdc27"", ""kwargs"": {""batch_size"": 64, ""ent_coef"": 0.005, ""gamma"": 0.99, ""n_steps"": 512}, ""timesteps"": 50000, ""validation_days"": 126}",2707,126,4,0.0041957238034133594,1000927.4611090268
14,ppo,ppo_020fdc27,"{""candidate_id"": ""ppo_020fdc27"", ""kwargs"": {""batch_size"": 64, ""ent_coef"": 0.005, ""gamma"": 0.99, ""n_steps"": 512}, ""timesteps"": 50000, ""validation_days"": 126}",2707,126,5,0.23222233637664896,1178281.6013620393
14,ppo,ppo_020fdc27,"{""candidate_id"": ""ppo_020fdc27"", ""kwargs"": {""batch_size"": 64, ""ent_coef"": 0.005, ""gamma"": 0.99, ""n_steps"": 512}, ""timesteps"": 50000, ""validation_days"": 126}",2770,126,1,0.11704938286137433,1057932.316861622
14,ppo,ppo_020fdc27,"{""candidate_id"": ""ppo_020fdc27"", ""kwargs"": {""batch_size"": 64, ""ent_coef"": 0.005, ""gamma"": 0.99, ""n_steps"": 512}, ""timesteps"": 50000, ""validation_days"": 126}",2770,126,2,0.21444892428857504,1101574.6800338242
14,ppo,ppo_020fdc27,"{""candidate_id"": ""ppo_020fdc27"", ""kwargs"": {""batch_size"": 64, ""ent_coef"": 0.005, ""gamma"": 0.99, ""n_steps"": 512}, ""timesteps"": 50000, ""validation_days"": 126}",2770,126,3,0.1441279571843871,1060093.6665198926
14,ppo,ppo_020fdc27,"{""candidate_id"": ""ppo_020fdc27"", ""kwargs"": {""batch_size"": 64, ""ent_coef"": 0.005, ""gamma"": 0.99, ""n_steps"": 512}, ""timesteps"": 50000, ""validation_days"": 126}",2770,126,4,0.29544100839826865,1173490.1736778393
14,ppo,ppo_020fdc27,"{""candidate_id"": ""ppo_020fdc27"", ""kwargs"": {""batch_size"": 64, ""ent_coef"": 0.005, ""gamma"": 0.99, ""n_steps"": 512}, ""timesteps"": 50000, ""validation_days"": 126}",2770,126,5,0.13988733780711962,1075826.8496099198
14,ppo,ppo_e4290e54,"{""candidate_id"": ""ppo_e4290e54"", ""kwargs"": {""batch_size"": 64, ""ent_coef"": 0.005, ""gamma"": 0.99, ""n_steps"": 512}, ""timesteps"": 100000, ""validation_days"": 126}",2644,126,1,0.056184171478039155,1030472.0614424546
14,ppo,ppo_e4290e54,"{""candidate_id"": ""ppo_e4290e54"", ""kwargs"": {""batch_size"": 64, ""ent_coef"": 0.005, ""gamma"": 0.99, ""n_steps"": 512}, ""timesteps"": 100000, ""validation_days"": 126}",2644,126,2,0.09517681017704861,1081472.5995835841
14,ppo,ppo_e4290e54,"{""candidate_id"": ""ppo_e4290e54"", ""kwargs"": {""batch_size"": 64, ""ent_coef"": 0.005, ""gamma"": 0.99, ""n_steps"": 512}, ""timesteps"": 100000, ""validation_days"": 126}",2644,126,3,0.03144576003391974,1015375.1516103104
14,ppo,ppo_e4290e54,"{""candidate_id"": ""ppo_e4290e54"", ""kwargs"": {""batch_size"": 64, ""ent_coef"": 0.005, ""gamma"": 0.99, ""n_steps"": 512}, ""timesteps"": 100000, ""validation_days"": 126}",2644,126,4,0.07969027514402226,1052836.930762638
14,ppo,ppo_e4290e54,"{""candidate_id"": ""ppo_e4290e54"", ""kwargs"": {""batch_size"": 64, ""ent_coef"": 0.005, ""gamma"": 0.99, ""n_steps"": 512}, ""timesteps"": 100000, ""validation_days"": 126}",2644,126,5,0.058033920726856744,1038656.4729962577
14,ppo,ppo_e4290e54,"{""candidate_id"": ""ppo_e4290e54"", ""kwargs"": {""batch_size"": 64, ""ent_coef"": 0.005, ""gamma"": 0.99, ""n_steps"": 512}, ""timesteps"": 100000, ""validation_days"": 126}",2707,126,1,0.25426536963802016,1162639.6604032665
14,ppo,ppo_e4290e54,"{""candidate_id"": ""ppo_e4290e54"", ""kwargs"": {""batch_size"": 64, ""ent_coef"": 0.005, ""gamma"": 0.99, ""n_steps"": 512}, ""timesteps"": 100000, ""validation_days"": 126}",2707,126,2,0.29851883006787977,1187078.9043040338
14,ppo,ppo_e4290e54,"{""candidate_id"": ""ppo_e4290e54"", ""kwargs"": {""batch_size"": 64, ""ent_coef"": 0.005, ""gamma"": 0.99, ""n_steps"": 512}, ""timesteps"": 100000, ""validation_days"": 126}",2707,126,3,0.05885637182947935,1047958.7843688591
14,ppo,ppo_e4290e54,"{""candidate_id"": ""ppo_e4290e54"", ""kwargs"": {""batch_size"": 64, ""ent_coef"": 0.005, ""gamma"": 0.99, ""n_steps"": 512}, ""timesteps"": 100000, ""validation_days"": 126}",2707,126,4,-0.02871189289776434,978646.6127417979
14,ppo,ppo_e4290e54,"{""candidate_id"": ""ppo_e4290e54"", ""kwargs"": {""batch_size"": 64, ""ent_coef"": 0.005, ""gamma"": 0.99, ""n_steps"": 512}, ""timesteps"": 100000, ""validation_days"": 126}",2707,126,5,0.3920429201411245,1301122.9013612696
14,ppo,ppo_e4290e54,"{""candidate_id"": ""ppo_e4290e54"", ""kwargs"": {""batch_size"": 64, ""ent_coef"": 0.005, ""gamma"": 0.99, ""n_steps"": 512}, ""timesteps"": 100000, ""validation_days"": 126}",2770,126,1,0.24854957910431502,1143639.3828934971
14,ppo,ppo_e4290e54,"{""candidate_id"": ""ppo_e4290e54"", ""kwargs"": {""batch_size"": 64, ""ent_coef"": 0.005, ""gamma"": 0.99, ""n_steps"": 512}, ""timesteps"": 100000, ""validation_days"": 126}",2770,126,2,0.2796941132336433,1144991.397183226
14,ppo,ppo_e4290e54,"{""candidate_id"": ""ppo_e4290e54"", ""kwargs"": {""batch_size"": 64, ""ent_coef"": 0.005, ""gamma"": 0.99, ""n_steps"": 512}, ""timesteps"": 100000, ""validation_days"": 126}",2770,126,3,0.1783781113977093,1082480.5153269004
14,ppo,ppo_e4290e54,"{""candidate_id"": ""ppo_e4290e54"", ""kwargs"": {""batch_size"": 64, ""ent_coef"": 0.005, ""gamma"": 0.99, ""n_steps"": 512}, ""timesteps"": 100000, ""validation_days"": 126}",2770,126,4,0.20458892716826246,1117827.7380051273
14,ppo,ppo_e4290e54,"{""candidate_id"": ""ppo_e4290e54"", ""kwargs"": {""batch_size"": 64, ""ent_coef"": 0.005, ""gamma"": 0.99, ""n_steps"": 512}, ""timesteps"": 100000, ""validation_days"": 126}",2770,126,5,0.18257256164576105,1074413.0114298516
14,ddpg,ddpg_db4c7149,"{""candidate_id"": ""ddpg_db4c7149"", ""kwargs"": {""batch_size"": 64, ""buffer_size"": 10000, ""gamma"": 0.99, ""noise_sigma"": 0.5}, ""timesteps"": 10000, ""validation_days"": 126}",2644,126,1,0.020467733513946585,1004226.458408116
14,ddpg,ddpg_db4c7149,"{""candidate_id"": ""ddpg_db4c7149"", ""kwargs"": {""batch_size"": 64, ""buffer_size"": 10000, ""gamma"": 0.99, ""noise_sigma"": 0.5}, ""timesteps"": 10000, ""validation_days"": 126}",2644,126,2,0.02188182776059932,1005741.421552377
14,ddpg,ddpg_db4c7149,"{""candidate_id"": ""ddpg_db4c7149"", ""kwargs"": {""batch_size"": 64, ""buffer_size"": 10000, ""gamma"": 0.99, ""noise_sigma"": 0.5}, ""timesteps"": 10000, ""validation_days"": 126}",2644,126,3,0.12185871533327788,1087910.9193436927
14,ddpg,ddpg_db4c7149,"{""candidate_id"": ""ddpg_db4c7149"", ""kwargs"": {""batch_size"": 64, ""buffer_size"": 10000, ""gamma"": 0.99, ""noise_sigma"": 0.5}, ""timesteps"": 10000, ""validation_days"": 126}",2644,126,4,0.07073515972620131,1051913.914936251
14,ddpg,ddpg_db4c7149,"{""candidate_id"": ""ddpg_db4c7149"", ""kwargs"": {""batch_size"": 64, ""buffer_size"": 10000, ""gamma"": 0.99, ""noise_sigma"": 0.5}, ""timesteps"": 10000, ""validation_days"": 126}",2644,126,5,0.02146561003603176,1003182.8784259517
14,ddpg,ddpg_db4c7149,"{""candidate_id"": ""ddpg_db4c7149"", ""kwargs"": {""batch_size"": 64, ""buffer_size"": 10000, ""gamma"": 0.99, ""noise_sigma"": 0.5}, ""timesteps"": 10000, ""validation_days"": 126}",2707,126,1,0.15150943371721018,1114266.5077299664
14,ddpg,ddpg_db4c7149,"{""candidate_id"": ""ddpg_db4c7149"", ""kwargs"": {""batch_size"": 64, ""buffer_size"": 10000, ""gamma"": 0.99, ""noise_sigma"": 0.5}, ""timesteps"": 10000, ""validation_days"": 126}",2707,126,2,0.23098814434399279,1169507.8073271676
14,ddpg,ddpg_db4c7149,"{""candidate_id"": ""ddpg_db4c7149"", ""kwargs"": {""batch_size"": 64, ""buffer_size"": 10000, ""gamma"": 0.99, ""noise_sigma"": 0.5}, ""timesteps"": 10000, ""validation_days"": 126}",2707,126,3,0.35291189088207103,1215100.5140407034
14,ddpg,ddpg_db4c7149,"{""candidate_id"": ""ddpg_db4c7149"", ""kwargs"": {""batch_size"": 64, ""buffer_size"": 10000, ""gamma"": 0.99, ""noise_sigma"": 0.5}, ""timesteps"": 10000, ""validation_days"": 126}",2707,126,4,0.40918322554512326,1267538.6490797072
14,ddpg,ddpg_db4c7149,"{""candidate_id"": ""ddpg_db4c7149"", ""kwargs"": {""batch_size"": 64, ""buffer_size"": 10000, ""gamma"": 0.99, ""noise_sigma"": 0.5}, ""timesteps"": 10000, ""validation_days"": 126}",2707,126,5,0.26958084716215713,1198118.6257690783
14,ddpg,ddpg_db4c7149,"{""candidate_id"": ""ddpg_db4c7149"", ""kwargs"": {""batch_size"": 64, ""buffer_size"": 10000, ""gamma"": 0.99, ""noise_sigma"": 0.5}, ""timesteps"": 10000, ""validation_days"": 126}",2770,126,1,0.256102471959325,1129322.5946068722
14,ddpg,ddpg_db4c7149,"{""candidate_id"": ""ddpg_db4c7149"", ""kwargs"": {""batch_size"": 64, ""buffer_size"": 10000, ""gamma"": 0.99, ""noise_sigma"": 0.5}, ""timesteps"": 10000, ""validation_days"": 126}",2770,126,2,0.20730239721686167,1087873.6328044175
14,ddpg,ddpg_db4c7149,"{""candidate_id"": ""ddpg_db4c7149"", ""kwargs"": {""batch_size"": 64, ""buffer_size"": 10000, ""gamma"": 0.99, ""noise_sigma"": 0.5}, ""timesteps"": 10000, ""validation_days"": 126}",2770,126,3,0.20397388112699552,1081885.2945496447
14,ddpg,ddpg_db4c7149,"{""candidate_id"": ""ddpg_db4c7149"", ""kwargs"": {""batch_size"": 64, ""buffer_size"": 10000, ""gamma"": 0.99, ""noise_sigma"": 0.5}, ""timesteps"": 10000, ""validation_days"": 126}",2770,126,4,0.2881338949079421,1136724.9980050498
14,ddpg,ddpg_db4c7149,"{""candidate_id"": ""ddpg_db4c7149"", ""kwargs"": {""batch_size"": 64, ""buffer_size"": 10000, ""gamma"": 0.99, ""noise_sigma"": 0.5}, ""timesteps"": 10000, ""validation_days"": 126}",2770,126,5,0.3035170758594522,1143698.773280843
14,ddpg,ddpg_cfec8cb3,"{""candidate_id"": ""ddpg_cfec8cb3"", ""kwargs"": {""batch_size"": 128, ""buffer_size"": 10000, ""gamma"": 0.99, ""noise_sigma"": 0.3}, ""timesteps"": 10000, ""validation_days"": 126}",2644,126,1,0.08710522626844713,1065250.9989403076
14,ddpg,ddpg_cfec8cb3,"{""candidate_id"": ""ddpg_cfec8cb3"", ""kwargs"": {""batch_size"": 128, ""buffer_size"": 10000, ""gamma"": 0.99, ""noise_sigma"": 0.3}, ""timesteps"": 10000, ""validation_days"": 126}",2644,126,2,0.09889124298897939,1074256.2159870756
14,ddpg,ddpg_cfec8cb3,"{""candidate_id"": ""ddpg_cfec8cb3"", ""kwargs"": {""batch_size"": 128, ""buffer_size"": 10000, ""gamma"": 0.99, ""noise_sigma"": 0.3}, ""timesteps"": 10000, ""validation_days"": 126}",2644,126,3,0.0681247671696157,1043524.1962400345
14,ddpg,ddpg_cfec8cb3,"{""candidate_id"": ""ddpg_cfec8cb3"", ""kwargs"": {""batch_size"": 128, ""buffer_size"": 10000, ""gamma"": 0.99, ""noise_sigma"": 0.3}, ""timesteps"": 10000, ""validation_days"": 126}",2644,126,4,0.004808849206735754,992237.9400148968
14,ddpg,ddpg_cfec8cb3,"{""candidate_id"": ""ddpg_cfec8cb3"", ""kwargs"": {""batch_size"": 128, ""buffer_size"": 10000, ""gamma"": 0.99, ""noise_sigma"": 0.3}, ""timesteps"": 10000, ""validation_days"": 126}",2644,126,5,0.006529362732402559,991914.9750239899
14,ddpg,ddpg_cfec8cb3,"{""candidate_id"": ""ddpg_cfec8cb3"", ""kwargs"": {""batch_size"": 128, ""buffer_size"": 10000, ""gamma"": 0.99, ""noise_sigma"": 0.3}, ""timesteps"": 10000, ""validation_days"": 126}",2707,126,1,0.34777577193711606,1230027.2643667455
14,ddpg,ddpg_cfec8cb3,"{""candidate_id"": ""ddpg_cfec8cb3"", ""kwargs"": {""batch_size"": 128, ""buffer_size"": 10000, ""gamma"": 0.99, ""noise_sigma"": 0.3}, ""timesteps"": 10000, ""validation_days"": 126}",2707,126,2,0.3140572744906654,1214319.8513880223
14,ddpg,ddpg_cfec8cb3,"{""candidate_id"": ""ddpg_cfec8cb3"", ""kwargs"": {""batch_size"": 128, ""buffer_size"": 10000, ""gamma"": 0.99, ""noise_sigma"": 0.3}, ""timesteps"": 10000, ""validation_days"": 126}",2707,126,3,0.2650470696398231,1176971.9085454536
14,ddpg,ddpg_cfec8cb3,"{""candidate_id"": ""ddpg_cfec8cb3"", ""kwargs"": {""batch_size"": 128, ""buffer_size"": 10000, ""gamma"": 0.99, ""noise_sigma"": 0.3}, ""timesteps"": 10000, ""validation_days"": 126}",2707,126,4,0.2028365300508347,1127373.5748204587
14,ddpg,ddpg_cfec8cb3,"{""candidate_id"": ""ddpg_cfec8cb3"", ""kwargs"": {""batch_size"": 128, ""buffer_size"": 10000, ""gamma"": 0.99, ""noise_sigma"": 0.3}, ""timesteps"": 10000, ""validation_days"": 126}",2707,126,5,0.3206424729859038,1215931.4878755608
14,ddpg,ddpg_cfec8cb3,"{""candidate_id"": ""ddpg_cfec8cb3"", ""kwargs"": {""batch_size"": 128, ""buffer_size"": 10000, ""gamma"": 0.99, ""noise_sigma"": 0.3}, ""timesteps"": 10000, ""validation_days"": 126}",2770,126,1,0.2590107898243912,1111686.2279880228
14,ddpg,ddpg_cfec8cb3,"{""candidate_id"": ""ddpg_cfec8cb3"", ""kwargs"": {""batch_size"": 128, ""buffer_size"": 10000, ""gamma"": 0.99, ""noise_sigma"": 0.3}, ""timesteps"": 10000, ""validation_days"": 126}",2770,126,2,0.2105838776076411,1102029.3666244005
14,ddpg,ddpg_cfec8cb3,"{""candidate_id"": ""ddpg_cfec8cb3"", ""kwargs"": {""batch_size"": 128, ""buffer_size"": 10000, ""gamma"": 0.99, ""noise_sigma"": 0.3}, ""timesteps"": 10000, ""validation_days"": 126}",2770,126,3,0.2381288839066208,1100649.073999333
14,ddpg,ddpg_cfec8cb3,"{""candidate_id"": ""ddpg_cfec8cb3"", ""kwargs"": {""batch_size"": 128, ""buffer_size"": 10000, ""gamma"": 0.99, ""noise_sigma"": 0.3}, ""timesteps"": 10000, ""validation_days"": 126}",2770,126,4,0.19706418530013184,1083450.9839680428
14,ddpg,ddpg_cfec8cb3,"{""candidate_id"": ""ddpg_cfec8cb3"", ""kwargs"": {""batch_size"": 128, ""buffer_size"": 10000, ""gamma"": 0.99, ""noise_sigma"": 0.3}, ""timesteps"": 10000, ""validation_days"": 126}",2770,126,5,0.314452292194432,1168428.7685102974
