date,AAPL,AMGN,AMZN,AXP,BA,CAT,CRM,CSCO,CVX,DIS,GS,HD,HON,IBM,JNJ,JPM,KO,MCD,MMM,MRK,MSFT,NKE,NVDA,PG,SHW,TRV,UNH,V,VZ,WMT,selected_model
2023-01-04,0.0,0.0,0.0,100.0,100.0,0.0,0.0,100.0,0.0,100.0,0.0,0.0,100.0,100.0,0.0,100.0,100.0,0.0,0.0,100.0,100.0,100.0,100.0,0.0,100.0,0.0,100.0,0.0,0.0,0.0,ddpg
2023-01-05,0.0,0.0,0.0,100.0,100.0,0.0,0.0,100.0,0.0,100.0,0.0,0.0,100.0,100.0,0.0,100.0,100.0,0.0,0.0,100.0,100.0,100.0,100.0,0.0,100.0,0.0,100.0,0.0,0.0,0.0,ddpg
2023-01-06,0.0,0.0,0.0,100.0,100.0,0.0,0.0,100.0,0.0,100.0,0.0,0.0,100.0,100.0,0.0,100.0,100.0,0.0,0.0,100.0,100.0,100.0,100.0,0.0,100.0,0.0,100.0,0.0,0.0,0.0,ddpg
2023-01-09,0.0,0.0,0.0,100.0,100.0,0.0,0.0,100.0,0.0,100.0,0.0,0.0,100.0,100.0,0.0,100.0,100.0,0.0,0.0,100.0,100.0,100.0,100.0,0.0,100.0,0.0,100.0,0.0,0.0,0.0,ddpg
2023-01-10,0.0,0.0,0.0,0.0,0.0,0.0,0.0,0.0,0.0,4.906525241285353e-15,0.0,0.0,15.591093083212229,100.0,0.0,100.0,100.0,0.0,0.0,100.0,100.0,100.0,100.0,0.0,100.0,0.0,100.0,0.0,0.0,0.0,ddpg
2023-01-11,0.0,0.0,0.0,0.0,0.0,0.0,0.0,0.0,0.0,0.0,0.0,0.0,0.0,0.0,0.0,0.0,0.0,0.0,0.0,0.0,0.0,0.0,0.0,0.0,0.0,0.0,0.0,0.0,0.0,0.0,ddpg
2023-01-12,0.0,0.0,0.0,0.0,0.0,0.0,0.0,0.0,0.0,0.0,0.0,0.0,0.0,0.0,0.0,0.0,0.0,0.0,0.0,0.0,0.0,0.0,0.0,0.0,0.0,0.0,0.0,0.0,0.0,0.0,ddpg
2023-01-13,0.0,0.0,0.0,0.0,0.0,0.0,0.0,0.0,0.0,0.0,0.0,0.0,0.0,0.0,0.0,0.0,0.0,0.0,0.0,0.0,0.0,0.0,0.0,0.0,0.0,0.0,0.0,0.0,0.0,0.0,ddpg
2023-01-17,0.0,0.0,0.0,0.0,0.0,0.0,0.0,0.0,0.0,0.0,0.0,0.0,0.0,0.0,0.0,0.0,0.0,0.0,0.0,0.0,0.0,0.0,0.0,0.0,0.0,0.0,0.0,0.0,0.0,0.0,ddpg
2023-01-18,0.0,0.0,0.0,0.0,0.0,0.0,0.0,0.0,0.0,0.0,0.0,0.0,0.0,0.0,0.0,0.0,0.0,0.0,0.0,0.0,0.0,0.0,0.0,0.0,0.0,0.0,0.0,0.0,0.0,0.0,ddpg
2023-01-19,0.0,0.0,0.0,0.0,0.0,0.0,0.0,0.0,0.0,0.0,0.0,0.0,0.0,0.0,0.0,0.0,0.0,0.0,0.0,0.0,0.0,0.0,0.0,0.0,0.0,0.0,0.0,0.0,0.0,0.0,ddpg
2023-01-20,0.0,0.0,0.0,0.0,0.0,0.0,0.0,0.0,0.0,0.0,0.0,0.0,0.0,0.0,0.0,0.0,0.0,0.0,0.0,0.0,0.0,0.0,0.0,0.0,0.0,0.0,0.0,0.0,0.0,0.0,ddpg
2023-01-23,0.0,0.0,0.0,0.0,0.0,0.0,0.0,0.0,0.0,0.0,0.0,0.0,0.0,0.0,0.0,0.0,0.0,0.0,0.0,0.0,0.0,0.0,0.0,0.0,0.0,0.0,0.0,0.0,0.0,0.0,ddpg
2023-01-24,0.0,0.0,0.0,0.0,0.0,0.0,0.0,0.0,0.0,0.0,0.0,0.0,0.0,0.0,0.0,0.0,0.0,0.0,0.0,0.0,0.0,0.0,0.0,0.0,0.0,0.0,0.0,0.0,0.0,0.0,ddpg
2023-01-25,0.0,0.0,0.0,0.0,0.0,0.0,0.0,0.0,0.0,0.0,0.0,0.0,0.0,0.0,0.0,0.0,0.0,0.0,0.0,0.0,0.0,0.0,0.0,0.0,0.0,0.0,0.0,0.0,0.0,0.0,ddpg
2023-01-26,0.0,0.0,0.0,0.0,0.0,0.0,0.0,0.0,0.0,0.0,0.0,0.0,0.0,0.0,0.0,0.0,0.0,0.0,0.0,0.0,0.0,0.0,0.0,0.0,0.0,0.0,0.0,0.0,0.0,0.0,ddpg
2023-01-27,0.0,0.0,0.0,0.0,0.0,0.0,0.0,0.0,0.0,0.0,0.0,0.0,0.0,0.0,0.0,0.0,0.0,0.0,0.0,0.0,0.0,0.0,0.0,0.0,0.0,0.0,0.0,0.0,0.0,0.0,ddpg
2023-01-30,0.0,0.0,0.0,0.0,0.0,0.0,0.0,0.0,0.0,0.0,0.0,0.0,0.0,0.0,0.0,0.0,0.0,0.0,0.0,0.0,0.0,0.0,0.0,0.0,0.0,0.0,0.0,0.0,0.0,0.0,ddpg
2023-01-31,0.0,0.0,0.0,0.0,0.0,0.0,0.0,0.0,0.0,0.0,0.0,0.0,0.0,0.0,0.0,0.0,0.0,0.0,0.0,0.0,0.0,0.0,0.0,0.0,0.0,0.0,0.0,0.0,0.0,0.0,ddpg
2023-02-01,0.0,0.0,0.0,0.0,0.0,0.0,0.0,0.0,0.0,0.0,0.0,0.0,0.0,0.0,0.0,0.0,0.0,0.0,0.0,0.0,0.0,0.0,0.0,0.0,0.0,0.0,0.0,0.0,0.0,0.0,ddpg
2023-02-02,0.0,0.0,0.0,0.0,0.0,0.0,0.0,0.0,0.0,0.0,0.0,0.0,0.0,0.0,0.0,0.0,0.0,0.0,0.0,0.0,0.0,0.0,0.0,0.0,0.0,0.0,0.0,0.0,0.0,0.0,ddpg
2023-02-03,0.0,0.0,0.0,0.0,0.0,0.0,0.0,0.0,0.0,0.0,0.0,0.0,0.0,0.0,0.0,0.0,0.0,0.0,0.0,0.0,0.0,0.0,0.0,0.0,0.0,0.0,0.0,0.0,0.0,0.0,ddpg
2023-02-06,0.0,0.0,0.0,0.0,0.0,0.0,0.0,0.0,0.0,0.0,0.0,0.0,0.0,0.0,0.0,0.0,0.0,0.0,0.0,0.0,0.0,0.0,0.0,0.0,0.0,0.0,0.0,0.0,0.0,0.0,ddpg
2023-02-07,0.0,0.0,0.0,0.0,0.0,0.0,0.0,0.0,0.0,0.0,0.0,0.0,0.0,0.0,0.0,0.0,0.0,0.0,0.0,0.0,0.0,0.0,0.0,0.0,0.0,0.0,0.0,0.0,0.0,0.0,ddpg
2023-02-08,0.0,0.0,0.0,0.0,0.0,0.0,0.0,0.0,0.0,0.0,0.0,0.0,0.0,0.0,0.0,0.0,0.0,0.0,0.0,0.0,0.0,0.0,0.0,0.0,0.0,0.0,0.0,0.0,0.0,0.0,ddpg
2023-02-09,0.0,0.0,0.0,0.0,0.0,0.0,0.0,0.0,0.0,0.0,0.0,0.0,0.0,0.0,0.0,0.0,0.0,0.0,0.0,0.0,0.0,0.0,0.0,0.0,0.0,0.0,0.0,0.0,0.0,0.0,ddpg
2023-02-10,0.0,0.0,0.0,0.0,0.0,0.0,0.0,0.0,0.0,0.0,0.0,0.0,0.0,0.0,0.0,0.0,0.0,0.0,0.0,0.0,0.0,0.0,0.0,0.0,0.0,0.0,0.0,0.0,0.0,0.0,ddpg
2023-02-13,0.0,0.0,0.0,0.0,0.0,0.0,0.0,0.0,0.0,0.0,0.0,0.0,0.0,0.0,0.0,0.0,0.0,0.0,0.0,0.0,0.0,0.0,0.0,0.0,0.0,0.0,0.0,0.0,0.0,0.0,ddpg
2023-02-14,0.0,0.0,0.0,0.0,0.0,0.0,0.0,0.0,0.0,0.0,0.0,0.0,0.0,0.0,0.0,0.0,0.0,0.0,0.0,0.0,0.0,0.0,0.0,0.0,0.0,0.0,0.0,0.0,0.0,0.0,ddpg
2023-02-15,0.0,0.0,0.0,0.0,0.0,0.0,0.0,0.0,0.0,0.0,0.0,0.0,0.0,0.0,0.0,0.0,0.0,0.0,0.0,0.0,0.0,0.0,0.0,0.0,0.0,0.0,0.0,0.0,0.0,0.0,ddpg
2023-02-16,0.0,0.0,0.0,0.0,0.0,0.0,0.0,0.0,0.0,0.0,0.0,0.0,0.0,0.0,0.0,0.0,0.0,0.0,0.0,0.0,0.0,0.0,0.0,0.0,0.0,0.0,0.0,0.0,0.0,0.0,ddpg
2023-02-17,0.0,0.0,0.0,0.0,0.0,0.0,0.0,0.0,0.0,0.0,0.0,0.0,0.0,0.0,0.0,0.0,0.0,0.0,0.0,0.0,0.0,0.0,0.0,0.0,0.0,0.0,0.0,0.0,0.0,0.0,ddpg
2023-02-21,0.0,0.0,0.0,0.0,0.0,0.0,0.0,0.0,0.0,0.0,0.0,0.0,0.0,0.0,0.0,0.0,0.0,0.0,0.0,0.0,0.0,0.0,0.0,0.0,0.0,0.0,0.0,0.0,0.0,0.0,ddpg
2023-02-22,0.0,0.0,0.0,0.0,0.0,0.0,0.0,0.0,0.0,0.0,0.0,0.0,0.0,0.0,0.0,0.0,0.0,0.0,0.0,0.0,0.0,0.0,0.0,0.0,0.0,0.0,0.0,0.0,0.0,0.0,ddpg
2023-02-23,0.0,0.0,0.0,0.0,0.0,0.0,0.0,0.0,0.0,0.0,0.0,0.0,0.0,0.0,0.0,0.0,0.0,0.0,0.0,0.0,0.0,0.0,0.0,0.0,0.0,0.0,0.0,0.0,0.0,0.0,ddpg
2023-02-24,0.0,0.0,0.0,0.0,0.0,0.0,0.0,0.0,0.0,0.0,0.0,0.0,0.0,0.0,0.0,0.0,0.0,0.0,0.0,0.0,0.0,0.0,0.0,0.0,0.0,0.0,0.0,0.0,0.0,0.0,ddpg
2023-02-27,0.0,0.0,0.0,0.0,0.0,0.0,0.0,0.0,0.0,0.0,0.0,0.0,0.0,0.0,0.0,0.0,0.0,0.0,0.0,0.0,0.0,0.0,0.0,0.0,0.0,0.0,0.0,0.0,0.0,0.0,ddpg
2023-02-28,0.0,0.0,0.0,0.0,0.0,0.0,0.0,0.0,0.0,0.0,0.0,0.0,0.0,0.0,0.0,0.0,0.0,0.0,0.0,0.0,0.0,0.0,0.0,0.0,0.0,0.0,0.0,0.0,0.0,0.0,ddpg
2023-03-01,0.0,0.0,0.0,0.0,0.0,0.0,0.0,0.0,0.0,0.0,0.0,0.0,0.0,0.0,0.0,0.0,0.0,0.0,0.0,0.0,0.0,0.0,0.0,0.0,0.0,0.0,0.0,0.0,0.0,0.0,ddpg
2023-03-02,0.0,0.0,0.0,0.0,0.0,0.0,0.0,0.0,0.0,0.0,0.0,0.0,0.0,0.0,0.0,0.0,0.0,0.0,0.0,0.0,0.0,0.0,0.0,0.0,0.0,0.0,0.0,0.0,0.0,0.0,ddpg
2023-03-03,0.0,0.0,0.0,0.0,0.0,0.0,0.0,0.0,0.0,0.0,0.0,0.0,0.0,0.0,0.0,0.0,0.0,0.0,0.0,0.0,0.0,0.0,0.0,0.0,0.0,0.0,0.0,0.0,0.0,0.0,ddpg
2023-03-06,0.0,0.0,0.0,0.0,0.0,0.0,0.0,0.0,0.0,0.0,0.0,0.0,0.0,0.0,0.0,0.0,0.0,0.0,0.0,0.0,0.0,0.0,0.0,0.0,0.0,0.0,0.0,0.0,0.0,0.0,ddpg
2023-03-07,0.0,0.0,0.0,0.0,0.0,0.0,0.0,0.0,0.0,0.0,0.0,0.0,0.0,0.0,0.0,0.0,0.0,0.0,0.0,0.0,0.0,0.0,0.0,0.0,0.0,0.0,0.0,0.0,0.0,0.0,ddpg
2023-03-08,0.0,0.0,0.0,0.0,0.0,0.0,0.0,0.0,0.0,0.0,0.0,0.0,0.0,0.0,0.0,0.0,0.0,0.0,0.0,0.0,0.0,0.0,0.0,0.0,0.0,0.0,0.0,0.0,0.0,0.0,ddpg
2023-03-09,0.0,0.0,0.0,0.0,0.0,0.0,0.0,0.0,0.0,0.0,0.0,0.0,0.0,0.0,0.0,0.0,0.0,0.0,0.0,0.0,0.0,0.0,0.0,0.0,0.0,0.0,0.0,0.0,0.0,0.0,ddpg
2023-03-10,0.0,0.0,0.0,0.0,0.0,0.0,0.0,0.0,0.0,0.0,0.0,0.0,0.0,0.0,0.0,0.0,0.0,0.0,0.0,0.0,0.0,0.0,0.0,0.0,0.0,0.0,0.0,0.0,0.0,0.0,ddpg
2023-03-13,0.0,0.0,0.0,0.0,0.0,0.0,0.0,0.0,0.0,0.0,0.0,0.0,0.0,0.0,0.0,0.0,0.0,0.0,0.0,0.0,0.0,0.0,0.0,0.0,0.0,0.0,0.0,0.0,0.0,0.0,ddpg
2023-03-14,0.0,0.0,0.0,0.0,0.0,0.0,0.0,0.0,0.0,0.0,0.0,0.0,0.0,0.0,0.0,0.0,0.0,0.0,0.0,0.0,0.0,0.0,0.0,0.0,0.0,0.0,0.0,0.0,0.0,0.0,ddpg
2023-03-15,0.0,0.0,0.0,0.0,0.0,0.0,0.0,0.0,0.0,0.0,0.0,0.0,0.0,0.0,0.0,0.0,0.0,0.0,0.0,0.0,0.0,0.0,0.0,0.0,0.0,0.0,0.0,0.0,0.0,0.0,ddpg
2023-03-16,0.0,0.0,0.0,0.0,0.0,0.0,0.0,0.0,0.0,0.0,0.0,0.0,0.0,0.0,0.0,0.0,0.0,0.0,0.0,0.0,0.0,0.0,0.0,0.0,0.0,0.0,0.0,0.0,0.0,0.0,ddpg
2023-03-17,0.0,0.0,0.0,0.0,0.0,0.0,0.0,0.0,0.0,0.0,0.0,0.0,0.0,0.0,0.0,0.0,0.0,0.0,0.0,0.0,0.0,0.0,0.0,0.0,0.0,0.0,0.0,0.0,0.0,0.0,ddpg
2023-03-20,0.0,0.0,0.0,0.0,0.0,0.0,0.0,0.0,0.0,0.0,0.0,0.0,0.0,0.0,0.0,0.0,0.0,0.0,0.0,0.0,0.0,0.0,0.0,0.0,0.0,0.0,0.0,0.0,0.0,0.0,ddpg
2023-03-21,0.0,0.0,0.0,0.0,0.0,0.0,0.0,0.0,0.0,0.0,0.0,0.0,0.0,0.0,0.0,0.0,0.0,0.0,0.0,0.0,0.0,0.0,0.0,0.0,0.0,0.0,0.0,0.0,0.0,0.0,ddpg
2023-03-22,0.0,0.0,0.0,0.0,0.0,0.0,0.0,0.0,0.0,0.0,0.0,0.0,0.0,0.0,0.0,0.0,0.0,0.0,0.0,0.0,0.0,0.0,0.0,0.0,0.0,0.0,0.0,0.0,0.0,0.0,ddpg
2023-03-23,0.0,0.0,0.0,0.0,0.0,0.0,0.0,0.0,0.0,0.0,0.0,0.0,0.0,0.0,0.0,0.0,0.0,0.0,0.0,0.0,0.0,0.0,0.0,0.0,0.0,0.0,0.0,0.0,0.0,0.0,ddpg
2023-03-24,0.0,0.0,0.0,0.0,0.0,0.0,0.0,0.0,0.0,0.0,0.0,0.0,0.0,0.0,0.0,0.0,0.0,0.0,0.0,0.0,0.0,0.0,0.0,0.0,0.0,0.0,0.0,0.0,0.0,0.0,ddpg
2023-03-27,0.0,0.0,0.0,0.0,0.0,0.0,0.0,0.0,0.0,0.0,0.0,0.0,0.0,0.0,0.0,0.0,0.0,0.0,0.0,0.0,0.0,0.0,0.0,0.0,0.0,0.0,0.0,0.0,0.0,0.0,ddpg
2023-03-28,0.0,0.0,0.0,0.0,0.0,0.0,0.0,0.0,0.0,0.0,0.0,0.0,0.0,0.0,0.0,0.0,0.0,0.0,0.0,0.0,0.0,0.0,0.0,0.0,0.0,0.0,0.0,0.0,0.0,0.0,ddpg
2023-03-29,0.0,0.0,0.0,0.0,0.0,0.0,0.0,0.0,0.0,0.0,0.0,0.0,0.0,0.0,0.0,0.0,0.0,0.0,0.0,0.0,0.0,0.0,0.0,0.0,0.0,0.0,0.0,0.0,0.0,0.0,ddpg
2023-03-30,0.0,0.0,0.0,0.0,0.0,0.0,0.0,0.0,0.0,0.0,0.0,0.0,0.0,0.0,0.0,0.0,0.0,0.0,0.0,0.0,0.0,0.0,0.0,0.0,0.0,0.0,0.0,0.0,0.0,0.0,ddpg
2023-03-31,0.0,0.0,0.0,0.0,0.0,0.0,0.0,0.0,0.0,0.0,0.0,0.0,0.0,0.0,0.0,0.0,0.0,0.0,0.0,0.0,0.0,0.0,0.0,0.0,0.0,0.0,0.0,0.0,0.0,0.0,ddpg
2023-04-03,0.0,0.0,0.0,0.0,0.0,0.0,0.0,0.0,0.0,0.0,0.0,0.0,0.0,0.0,0.0,0.0,0.0,0.0,0.0,0.0,0.0,0.0,0.0,0.0,0.0,0.0,0.0,0.0,0.0,0.0,ddpg
2023-04-05,49.5999276638031,0.0,0.0,-19.254380464553833,0.0,0.0,0.0,0.0,0.0,0.0,0.0,0.0,-43.14178228378296,0.0,0.0,42.795443534851074,-24.40991848707199,0.0,0.0,4.5760524250282115e-15,0.0,-23.11914712190628,-62.85717487335205,0.0,-5.00083863735199,24.658556048542,0.0,0.0,0.0,0.0,ppo
2023-04-06,0.0,0.0,0.0,-12.930844724178314,0.0,0.0,0.0,0.0,0.0,0.0,0.0,0.0,-28.97610068321228,-0.4412982612848282,0.0,0.0,-13.709491491317749,0.0,0.0,0.0,48.210333872080795,-17.128267884254456,-45.19709646701813,0.0,-11.85731366276741,0.0,0.0,0.0,0.0,0.0,ppo
2023-04-10,1.400762295605138e-15,0.0,48.906409740448,-7.066670805215836,1.6326898260648763e-79,0.0,0.0,0.0,0.0,0.0,0.0,0.0,-41.142138838768005,-4.593774676322937,0.0,2.1183193453321667e-31,-22.078122198581696,0.0,0.0,2.7323373418707876e-47,6.217763028891968,-19.231566786766052,-52.65597105026245,0.0,0.0,40.689826011657715,6.42986426031997e-64,0.0,0.0,0.0,ppo
2023-04-11,50.344276428222656,0.0,45.536041259765625,-14.449942111968994,0.0,0.0,0.0,0.0,0.0,0.0,0.0,0.0,-42.061975598335266,-1.0189561173319817,0.0,0.0,-25.426310300827026,0.0,0.0,28.53358263488545,0.0,-20.441026985645294,-60.60640215873718,0.0,-3.260292112827301,0.0,0.0,0.0,0.0,0.0,ppo
2023-04-12,50.344276428222656,0.0,45.536041259765625,-14.449942111968994,0.0,0.0,0.0,0.0,0.0,0.0,0.0,0.0,-42.061975598335266,-1.0189561173319817,0.0,0.0,-25.426310300827026,0.0,0.0,30.48173530245578,0.0,-20.441026985645294,-60.60640215873718,0.0,-3.260292112827301,0.0,0.0,0.0,0.0,0.0,ppo
2023-04-13,50.344276428222656,0.0,45.536041259765625,-14.449942111968994,0.0,0.0,0.0,0.0,0.0,0.0,0.0,0.0,-42.061975598335266,-1.018955372273922,0.0,0.0,-25.426310300827026,0.0,0.0,31.092062677367924,0.0,-20.441025495529175,-60.60640215873718,0.0,-3.2602928578853607,0.0,0.0,0.0,0.0,0.0,ppo
2023-04-14,50.41016340255737,0.0,23.566437638778034,-6.923684477806091,0.0,0.0,0.0,0.0,0.0,0.0,0.0,0.0,-54.36990261077881,-5.4612331092357635,0.0,0.0,-21.741120517253876,0.0,0.0,54.76459860801697,0.0,-21.265903115272522,-59.41632390022278,0.0,0.0,0.0,0.0,0.0,0.0,0.0,ppo
2023-04-17,54.419708251953125,0.0,39.607977867126465,-3.5855859518051147,0.0,0.0,0.0,-4.914146661758423,0.0,0.0,0.0,0.0,-61.97889447212219,-8.972195535898209,0.0,0.0,-23.765504360198975,0.0,0.0,55.68820238113403,4.622904274845923,-12.988348305225372,-57.73990750312805,0.0,0.0,0.0,-6.4535826444625854,0.0,0.0,0.0,ppo
2023-04-18,58.11794996261597,0.0,38.703835010528564,0.0,0.0,4.914904186610665,0.0,-9.669920057058334,0.0,0.0,0.0,0.0,-49.762314558029175,-10.758921504020691,0.0,0.0,-16.58175140619278,0.0,0.0,46.67003154754639,0.0,-6.89702108502388,-40.31431972980499,0.0,0.0,0.0,-13.045325875282288,0.0,0.0,0.0,ppo
2023-04-19,58.11794996261597,0.0,18.136895504240155,0.0,0.0,0.0,0.0,-9.669917821884155,0.0,0.0,0.0,0.0,-10.03403284151301,-10.758921504020691,0.0,0.0,-16.58174991607666,0.0,0.0,0.0,0.0,-6.8970248103141785,0.0,0.0,0.0,0.0,-13.045325875282288,0.0,0.0,0.0,ppo
2023-04-20,0.0,0.0,38.703858852386475,0.0,0.0,2.3129968706278996,0.0,-9.669993072748184,0.0,0.0,0.0,0.0,0.0,-10.758873075246811,0.0,4.305593662584188e-16,-16.581790149211884,0.0,0.0,46.669942140579224,2.2374368663328585e-32,-6.896928697824478,0.0,0.0,0.0,0.0,-13.045383989810944,0.0,0.0,0.0,ppo
2023-04-21,11.05463589103087,0.0,49.34512376785278,-2.663581259548664,0.0,2.1500595594103996e-15,0.0,-16.57431125640869,0.0,0.0,0.0,0.0,0.0,-9.321898967027664,0.0,0.0,-26.01866126060486,0.0,0.0,41.17550253868103,0.0,-1.7936347052454948,0.0,0.0,0.0,0.0,-15.950378775596619,0.0,0.0,0.0,ppo
2023-04-24,0.0,1.7467024882322575,44.01370882987976,-2.8901277109980583,0.0,0.0,0.0,-9.784705191850662,0.0,0.0,0.0,0.0,0.0,-2.5770770385861397,0.0,0.0,-22.3621666431427,0.0,0.0,49.71252679824829,0.0,0.0,0.0,0.0,0.0,0.0,-17.243410646915436,0.0,0.0,0.0,ppo
2023-04-25,15.567808947504195,0.0,0.0,-2.210984192788601,-0.20727608352899551,0.0,0.0,-2.4753816425800323,0.0,0.0,0.0,0.0,0.0,-6.80495947599411,0.0,0.0,-19.049732387065887,0.0,0.0,62.42782473564148,0.0,-5.460222810506821,0.0,0.0,0.0,0.0,-13.295763731002808,0.0,0.0,0.0,ppo
2023-04-26,0.0,0.0,1.2293229361152317e-31,-2.7002407237887383,0.0,0.0,0.0,0.0,0.0,0.0,0.0,0.0,0.0,-9.439460188150406,0.0,0.0,-24.875743687152863,0.0,0.0,65.77739119529724,4.221294428949528e-16,-20.053201913833618,0.0,0.0,-11.178655922412872,4.965652020225028,0.0,0.0,0.0,0.0,ppo
2023-04-27,18.454540681585144,0.0,4.327424683766033e-15,-5.6288715451955795,0.0,-5.560489743947983,0.0,0.0,0.0,0.0,0.0,0.0,0.0,-1.738925464451313,0.0,0.0,-24.78942573070526,0.0,0.0,4.874408078461628e-31,0.0,-23.33466410636902,0.0,0.0,-19.13236379623413,45.64904570579529,0.0,0.0,0.0,0.0,ppo
2023-04-28,35.96743163156237,0.0,0.0,-5.677928775548935,0.0,0.0,0.0,-6.19514137506485,0.0,0.0,0.0,0.0,0.0,-2.6509519666433334,0.0,0.0,-24.784423410892487,0.0,0.0,0.0,0.0,-5.833926051855087,0.0,0.0,-10.618460923433304,0.0,0.0,0.0,0.0,0.0,ppo
2023-05-01,7.0820344552848375,0.0,42.1195387840271,-0.8531447499990463,0.0,0.0,0.0,-15.734167397022247,0.0,0.0,0.0,0.0,0.0,-10.29796302318573,0.0,0.0,-25.1472145318985,0.0,0.0,43.99505853652954,0.0,-8.459337055683136,0.0,0.0,-1.143284048885107,0.0,-11.951655149459839,0.0,0.0,0.0,ppo
2023-05-02,0.0,0.0,0.0,-2.2940704599022865,0.0,0.0,0.0,0.0,0.0,0.0,0.0,0.0,0.0,-13.189885020256042,0.0,0.0,-16.04112684726715,0.0,0.0,48.67806434631348,0.0,-23.455969989299774,0.0,0.0,-10.487175732851028,16.31873324383487,0.0,0.0,0.0,0.0,ppo
2023-05-03,0.0,-0.3425848204642534,44.89896893501282,0.0,0.0,0.0,0.0,0.0,0.0,0.0,0.0,0.0,0.0,-6.091652065515518,0.0,0.0,-21.235133707523346,0.0,0.0,14.926857448804771,0.0,-21.334674954414368,0.0,0.0,-7.559081166982651,0.0,0.0,0.0,7.380317122655958e-15,0.0,ppo
2023-05-04,0.0,0.0,21.276331619817388,0.0,0.0,0.0,0.0,0.0,0.0,0.0,0.0,0.0,0.0,-8.0770842730999,0.0,0.0,-20.85343897342682,0.0,0.0,48.290348052978516,0.0,-24.41296875476837,0.0,0.0,-10.636597126722336,0.0,0.0,0.0,0.0,0.0,ppo
2023-05-05,0.0,0.0,0.0,-3.9348773658275604,0.0,0.0,0.0,-3.122994676232338,0.0,0.0,0.0,0.0,0.0,0.0,0.0,0.0,-21.979151666164398,0.0,0.0,0.0,20.50375431172475,-7.71653950214386,0.0,0.0,-14.684084057807922,0.0,0.0,0.0,0.0,0.0,ppo
2023-05-08,2.6577121404067224e-15,-1.404117667768004,33.7099756690336,0.0,0.0,0.0,0.0,-0.842925813049078,0.0,0.0,0.0,0.0,0.0,-17.15099662542343,0.0,0.0,-20.159824192523956,0.0,0.0,52.05514430999756,0.0,-24.320194125175476,0.0,0.0,-12.653197348117828,0.0,0.0,0.0,1.6318285562867833e-30,0.0,ppo
2023-05-09,0.0,0.0,0.0,-0.6286913063377142,0.0,0.0,0.0,0.0,0.0,0.0,0.0,0.0,0.0,-15.21112471818924,0.0,0.0,-0.9755775332450867,0.0,0.0,48.11457395553589,0.0,-34.54831540584564,0.0,0.0,-10.719075798988342,18.35009322336433,0.0,0.0,0.0,0.0,ppo
2023-05-10,0.0,0.0,0.0,0.0,0.0,-1.6674113132905832,0.0,0.0,0.0,0.0,0.0,0.0,0.0,-11.638230085372925,0.0,0.0,0.0,0.0,0.0,47.65753149986267,0.0,-31.12187683582306,0.0,0.0,-12.432768195867538,16.989477256527504,0.0,0.0,0.0,0.0,ppo
2023-05-11,9.397601326118828,0.0,0.0,0.0,0.0,0.0,0.0,-1.3665053062140942,0.0,0.0,0.0,0.0,0.0,-14.242634177207947,0.0,0.0,0.0,0.0,0.0,51.903849840164185,0.0,-21.778637170791626,0.0,0.0,-13.507993519306183,0.0,0.0,0.0,0.0,0.0,ppo
2023-05-12,0.0,0.0,58.5362434387207,-12.627574801445007,0.0,0.0,0.0,-2.5095943361520767,0.0,0.0,0.0,0.0,0.0,0.0,0.0,0.0,0.0,0.0,0.0,0.0,0.0,-18.59210878610611,0.0,0.0,-12.808646261692047,0.0,0.0,0.0,11.325380404750408,0.0,ppo
2023-05-15,4.736427525235063,0.0,52.060115337371826,-11.69111430644989,0.0,0.0,0.0,0.0,0.0,0.0,0.0,0.0,0.0,0.0,0.0,9.068394644743842e-16,0.0,0.0,0.0,0.0,0.0,-21.906378865242004,0.0,0.0,-10.847609490156174,0.0,0.0,0.0,0.0,0.0,ppo
2023-05-16,6.798708390367671,0.0,51.45048499107361,-9.46069061756134,0.0,0.0,0.0,0.0,0.0,0.0,0.0,0.0,0.0,0.0,0.0,0.0,0.0,0.0,0.0,0.0,0.0,-20.34962624311447,0.0,0.0,-14.572086930274963,0.0,0.0,0.0,0.0,0.0,ppo
2023-05-17,0.0,0.0,41.09945643460265,-10.776782035827637,0.0,0.0,0.0,0.0,0.0,0.0,0.0,0.0,0.0,0.0,0.0,0.0,0.0,0.0,0.0,0.0,0.0,-9.78043545037508,0.0,0.0,-9.474392980337143,0.0,0.0,0.0,0.0,0.0,ppo
2023-05-18,0.0,0.0,40.48908607265386,-10.13578549027443,0.0,0.0,0.0,-0.0964025966823101,0.0,0.0,0.0,0.0,0.0,-4.0033891797065735,0.0,0.0,0.0,0.0,0.0,0.0,0.0,0.0,0.0,0.0,-12.347950786352158,0.0,0.0,0.0,0.0,0.0,ppo
2023-05-19,5.2632034568095785e-15,0.0,0.0,-0.11317594908177853,0.0,0.0,0.0,0.0,0.0,-1.6266804188489914,0.0,0.0,0.0,-16.9451043009758,0.0,0.0,0.0,0.0,0.0,45.421904839289546,0.0,0.0,0.0,0.0,-11.552981287240982,0.0,0.0,0.0,0.0,0.0,ppo
2023-05-22,19.715068884852187,0.0,0.0,0.0,0.0,0.0,0.0,0.0,0.0,-0.5387593060731888,0.0,0.0,0.0,-17.628638446331024,0.0,0.0,0.0,0.0,0.0,0.0,0.0,0.0,0.0,0.0,-5.842316895723343,0.0,0.0,0.0,0.0,0.0,ppo
2023-05-23,23.429332873088132,0.0,0.0,-8.879415690898895,0.0,0.0,0.0,0.0,0.0,0.0,0.0,0.0,0.0,-8.591850847005844,0.0,0.0,0.0,0.0,0.0,0.0,0.0,0.0,0.0,0.0,-7.575639337301254,0.0,0.0,0.0,0.0,0.0,ppo
2023-05-24,32.12675557132815,0.0,0.0,-13.225562870502472,0.0,0.0,0.0,-3.7322621792554855,0.0,0.0,0.0,0.0,0.0,-15.093380212783813,0.0,0.0,0.0,0.0,0.0,0.0,0.0,0.0,0.0,0.0,-7.1039117872715,0.0,0.0,0.0,0.0,0.0,ppo
2023-05-25,17.423160553991448,0.0,0.0,-13.724611699581146,0.0,0.0,0.0,-5.031514540314674,0.0,0.0,0.0,0.0,0.0,-5.011209100484848,0.0,0.0,0.0,0.0,0.0,0.0,0.0,0.0,0.0,0.0,-0.7441258989274502,0.0,0.0,0.0,0.0,0.0,ppo
2023-05-26,0.0,0.0,0.0,-13.464070856571198,0.0,14.096753106625584,0.0,-4.8546891659498215,0.0,0.0,0.0,0.0,0.0,-4.4868528842926025,0.0,0.0,0.0,0.0,0.0,0.0,0.0,0.0,0.0,0.0,-0.616083201020956,0.0,0.0,0.0,0.0,0.0,ppo
2023-05-30,0.0,0.0,0.0,-12.754137814044952,0.0,0.0,0.0,-0.8666696958243847,0.0,0.0,0.0,0.0,0.0,-13.989447057247162,0.0,29.389924467039684,0.0,0.0,0.0,0.0,0.0,0.0,0.0,0.0,-0.6893849931657314,0.0,0.0,0.0,0.0,0.0,ppo
2023-05-31,24.77218222024166,0.0,0.0,-4.89606074988842,0.0,0.0,0.0,0.0,0.0,0.0,0.0,0.0,0.0,-23.834611475467682,0.0,0.0,0.0,0.0,0.0,0.0,0.0,0.0,0.0,0.0,-3.550664335489273,0.0,0.0,0.0,0.0,0.0,ppo
2023-06-01,0.0,0.0,45.82154674909052,-13.225562870502472,0.0,0.0,0.0,-3.732261434197426,0.0,0.0,0.0,0.0,0.0,-15.093383193016052,0.0,0.0,0.0,0.0,0.0,0.0,0.0,0.0,0.0,0.0,-7.103914022445679,0.0,0.0,0.0,0.0,0.0,ppo
2023-06-02,41.29109316741665,0.0,0.0,-19.777503609657288,0.0,0.0,0.0,0.0,0.0,0.0,0.0,0.0,0.0,-6.036268919706345,0.0,0.0,0.0,0.0,0.0,0.0,0.0,0.0,0.0,0.0,-15.39541780948639,0.0,0.0,0.0,0.0,0.0,ppo
2023-06-05,41.95392110757187,0.0,0.0,0.0,0.0,-5.872859805822372,0.0,0.0,0.0,-7.273899018764496,0.0,0.0,0.0,-13.238701224327087,0.0,0.0,0.0,0.0,0.0,0.0,0.0,0.0,0.0,0.0,-16.981831192970276,0.0,0.0,0.0,0.0,0.0,ppo
2023-06-06,33.976633931817716,0.0,0.0,0.0,0.0,-1.832394115626812,0.0,0.0,0.0,-6.22004047036171,0.0,0.0,0.0,-17.164109647274017,0.0,0.0,0.0,0.0,0.0,0.0,0.0,0.0,0.0,0.0,-12.90217638015747,0.0,0.0,0.0,0.0,0.0,ppo
2023-06-07,34.16383559125013,0.0,8.84542174558431e-47,0.0,0.0,-1.8271524459123611,0.0,0.0,0.0,-6.216725707054138,0.0,0.0,0.0,-17.165257036685944,0.0,6.9818984137198985e-15,0.0,0.0,0.0,0.0,7.612255064302618e-63,0.0,0.0,0.0,-12.900654971599579,6.093454673051234e-31,0.0,0.0,0.0,0.0,ppo
2023-06-08,25.42624029424874,0.0,0.0,0.0,0.0,0.0,0.0,0.0,0.0,0.0,0.0,0.0,0.0,-21.827562153339386,0.0,0.0,0.0,0.0,0.0,0.0,0.0,0.0,0.0,0.0,-7.678806781768799,0.0,0.0,0.0,0.0,0.0,ppo
2023-06-09,42.8329973244713,0.0,0.0,0.0,0.0,-4.564346739264039,0.0,0.0,0.0,-5.623212084174156,0.0,0.0,0.0,-15.028487145900726,0.0,0.0,0.0,0.0,0.0,0.0,0.0,0.0,0.0,0.0,-18.01222264766693,0.0,0.0,0.0,0.0,0.0,ppo
2023-06-12,35.069837941403236,0.0,0.0,0.0,0.0,0.0,0.0,0.0,0.0,-7.274278998374939,0.0,0.0,0.0,-13.238181173801422,0.0,0.0,0.0,0.0,0.0,0.0,0.0,0.0,0.0,0.0,-16.981297731399536,0.0,0.0,0.0,0.0,0.0,ppo
2023-06-13,35.0322855095893,0.0,0.0,0.0,0.0,0.0,0.0,0.0,0.0,-7.273346185684204,0.0,0.0,0.0,-13.239452242851257,0.0,0.0,0.0,0.0,0.0,9.066298393270217e-15,0.0,0.0,0.0,0.0,-16.982612013816833,0.0,0.0,0.0,0.0,0.0,ppo
2023-06-14,32.82351704676772,0.0,7.173425622828058e-15,0.0,0.0,0.0,0.0,0.0,0.0,-3.117898479104042,0.0,0.0,0.0,-12.704150378704071,0.0,0.0,0.0,0.0,0.0,1.0053716061937471e-30,0.0,0.0,0.0,0.0,-16.87546968460083,0.0,0.0,0.0,0.0,0.0,ppo
2023-06-15,29.93513564256666,0.0,0.0,0.0,0.0,0.0,0.0,0.0,0.0,0.0,0.0,0.0,0.0,-20.342765748500824,0.0,0.0,0.0,0.0,0.0,0.0,0.0,0.0,0.0,0.0,-12.113482505083084,0.0,0.0,0.0,0.0,0.0,ppo
2023-06-16,29.19041012778748,0.0,0.0,0.0,0.0,0.0,0.0,0.0,0.0,0.0,0.0,0.0,0.0,-19.552399218082428,0.0,0.0,0.0,0.0,0.0,0.0,0.0,0.0,0.0,0.0,-11.942588537931442,0.0,0.0,0.0,0.0,0.0,ppo
2023-06-20,28.45472311088155,0.0,0.0,0.0,0.0,0.0,0.0,0.0,0.0,0.0,0.0,0.0,0.0,-19.19303983449936,0.0,0.0,0.0,0.0,0.0,9.0506121598734e-15,0.0,0.0,0.0,0.0,-11.58614233136177,0.0,0.0,0.0,0.0,0.0,ppo
2023-06-21,22.798240340338687,0.0,0.0,0.0,0.0,0.0,0.0,0.0,0.0,-1.1010777205228806,0.0,0.0,0.0,-3.3568302169442177,0.0,0.0,0.0,0.0,0.0,0.0,0.0,0.0,0.0,0.0,-15.080828964710236,0.0,0.0,0.0,0.0,0.0,ppo
2023-06-22,0.0,0.0,0.0,0.0,0.0,0.0,0.0,0.0,0.0,0.0,0.0,0.0,0.0,0.0,0.0,0.0,0.0,0.0,0.0,29.505140980975153,0.0,0.0,0.0,0.0,-12.499891966581345,0.0,0.0,0.0,0.0,0.0,ppo
2023-06-23,14.964409134518322,0.0,0.0,0.0,0.0,0.0,0.0,0.0,0.0,0.0,0.0,0.0,0.0,0.0,0.0,0.0,0.0,0.0,0.0,0.0,0.0,0.0,0.0,0.0,-11.499693989753723,0.0,0.0,0.0,0.0,0.0,ppo
2023-06-26,14.17308744641835,0.0,0.0,0.0,0.0,0.0,0.0,0.0,0.0,0.0,0.0,0.0,0.0,0.0,0.0,0.0,0.0,0.0,0.0,0.0,0.0,0.0,0.0,0.0,-10.839500278234482,0.0,0.0,0.0,0.0,0.0,ppo
2023-06-27,18.130296013634254,0.0,0.0,0.0,0.0,0.0,0.0,0.0,0.0,0.0,0.0,0.0,0.0,0.0,0.0,0.0,0.0,0.0,0.0,0.0,0.0,0.0,0.0,0.0,-13.505906984210014,0.0,0.0,0.0,0.0,0.0,ppo
2023-06-28,0.0,0.0,0.0,0.0,0.0,0.0,0.0,0.0,0.0,0.0,0.0,0.0,0.0,0.0,0.0,0.0,0.0,0.0,0.0,0.0,0.0,0.0,0.0,0.0,0.0,0.0,0.0,0.0,0.0,0.0,ppo
2023-06-29,0.0,0.0,1.8909367281820486,-1.4921344816684723,0.0,0.0,0.0,0.0,0.0,0.0,0.0,0.0,0.0,0.0,0.0,0.0,0.0,0.0,0.0,0.0,0.0,0.0,0.0,0.0,0.0,0.0,0.0,0.0,0.0,0.0,ppo
2023-06-30,0.0,0.0,0.0,-1.4921344816684723,0.0,0.0,0.0,0.0,0.0,0.0,0.0,0.0,0.0,0.0,0.0,0.0,0.0,0.0,0.0,2.3719619281575737,0.0,0.0,0.0,0.0,0.0,0.0,0.0,0.0,0.0,0.0,ppo
2023-07-03,2.23202483079428,0.0,0.0,0.0,0.0,0.0,0.0,0.0,0.0,-4.904679581522942,0.0,0.0,0.0,0.0,0.0,0.0,0.0,0.0,0.0,0.0,0.0,0.0,0.0,0.0,0.0,0.0,0.0,0.0,0.0,0.0,ppo
2023-07-05,2.2806386212598233,0.0,0.0,0.0,0.0,0.0,0.0,0.0,0.0,-4.90545853972435,0.0,0.0,0.0,0.0,0.0,4.147301690128994e-16,0.0,0.0,0.0,0.0,0.0,0.0,0.0,0.0,0.0,0.0,0.0,0.0,0.0,0.0,ppo
2023-07-07,-15.876591205596924,34.04282629489899,14.284403622150421,-14.8755744099617,-33.972445130348206,0.0,18.842023611068726,15.078668296337128,21.353815495967865,-49.61651563644409,0.0,0.0,29.087525606155396,0.0,0.0,21.93794846534729,0.0,0.0,0.0,-38.78980576992035,-5.156196653842926,0.0,0.0,12.36109510064125,0.0,-59.51545834541321,10.693470388650894,1.6581551313474825,-1.774900034070015,19.966740906238556,ppo
2023-07-10,-12.004014104604721,33.089807629585266,30.68842887878418,-19.584757089614868,-40.54848253726959,0.0,15.117891132831573,3.209276497364044,17.894284427165985,-41.66204333305359,0.0,0.0,16.630584001541138,0.0,0.0,15.884782373905182,0.0,0.0,0.0,-43.850842118263245,-5.3962357342243195,0.0,0.0,14.641392230987549,2.1693045273423195,-59.656769037246704,4.3662019073963165,11.617986857891083,1.2178260833024979,27.245789766311646,ppo
2023-07-11,-23.916596174240112,29.110366106033325,-3.139343112707138,0.0,-33.31672549247742,0.0,5.415192728675164e-16,0.0,21.188262104988098,-38.89394402503967,19.430546462535858,0.0,55.174410343170166,6.510502011483896,0.0,20.44783979654312,0.0,18.603646755218506,0.0,-36.32708787918091,-3.7877898663282394,0.0,0.0,56.65472745895386,-2.1693045273423195,-48.449156127286784,-25.711533427238464,0.0,19.46893036365509,28.27737331390381,ppo
2023-07-12,1.3857589103281498,36.72706484794617,40.798816084861755,-23.386548459529877,-32.88198411464691,0.0,10.419025272130966,15.342168509960175,20.691855251789093,-57.252341508865356,-19.430546462535858,0.0,22.72721379995346,-6.510502011483896,0.0,-12.619185447692871,0.0,-3.6347560584545135,0.0,-47.263309359550476,-6.809517741203308,0.0,0.0,32.67943859100342,3.6612749099731445,0.0,-0.325816310942173,8.7747722864151,-7.436920702457428,41.92858934402466,ppo
2023-07-13,-2.378593198955059,38.663992285728455,46.339571475982666,-20.072148740291595,-36.50826811790466,0.0,6.818737834692001,17.120656371116638,18.794013559818268,-61.80174946784973,0.0,0.0,21.579110622406006,0.0,0.0,-18.404778838157654,0.0,-5.088526010513306,0.0,-46.34043872356415,-5.0076924264431,0.0,0.0,34.416988492012024,4.171089828014374,0.0,-7.595249265432358,0.5926358727778994,-10.418666899204254,40.44391214847565,ppo
2023-07-14,-2.555454336106777,37.803345918655396,50.07690787315369,-20.460045337677002,-32.03189671039581,0.0,2.1329816430807114,20.909494161605835,13.628806173801422,-62.37167716026306,0.0,0.0,19.42480504512787,0.0,0.0,-25.19184648990631,0.0,-6.78161159157753,0.0,-45.60841917991638,-4.246725142002106,0.0,0.0,34.74361002445221,2.378244325518608,0.0,-15.567034482955933,-2.655506320297718,-8.308202028274536,42.23918914794922,ppo
2023-07-17,-23.891785740852356,0.0,-13.841548562049866,0.0,-0.2805398777127266,30.63834309577942,23.59974831342697,32.98328220844269,0.0,-32.32567235827446,0.0,0.0,70.1070487499237,0.0,0.0,0.0,6.165101250769032,21.307162940502167,0.0,-17.65608787536621,-11.814755201339722,0.0,0.0,51.5730619430542,-8.223856985569,0.0,-43.96811127662659,0.0,34.28345024585724,30.460357666015625,ppo
2023-07-18,-0.7837883196771145,38.12832534313202,50.437915325164795,-14.730986952781677,-36.10658049583435,-26.891589164733887,2.1094534546136856,19.03354376554489,18.405117094516754,0.0,0.0,0.0,20.552262663841248,0.0,0.0,-15.976274013519287,-6.165101250769032,-8.622679859399796,0.0,-44.578322768211365,-6.567120552062988,0.0,0.0,39.15436267852783,2.1869532763957977,0.0,-14.891622960567474,-5.913299694657326,-8.905497193336487,38.643062114715576,ppo
2023-07-19,-25.519555807113647,0.0,-21.85579240322113,0.0,-3.8444940000772476,33.45276415348053,24.92862536264294,29.227617383003235,0.0,0.0,0.0,0.0,68.70611906051636,0.0,0.0,0.0,1.6279994013968706e-14,0.0,0.0,-14.212565124034882,-8.876073360443115,0.0,0.0,55.34322261810303,-4.173705354332924,0.0,-36.408525705337524,0.0,40.342554450035095,28.568100929260254,ppo
2023-07-20,-9.30941328406334,39.789462089538574,60.3019118309021,-6.560109835118055,-37.237611413002014,-22.931109368801117,0.4621102474629879,20.867985486984253,14.919185638427734,0.0,0.0,0.0,15.985454618930817,0.0,0.0,-12.217070907354355,-1.6279994013968706e-14,-6.871219724416733,0.0,-49.24732148647308,-3.792920708656311,0.0,0.0,45.449092984199524,1.3448549434542656,0.0,-17.34623610973358,-5.6914277374744415,0.3668118268251419,37.19119131565094,ppo
2023-07-21,-23.702482879161835,24.59639608860016,-0.16527771949768066,0.0,-22.652652859687805,0.0,0.0,25.071367621421814,31.543922424316406,0.0,4.813566810881395,0.0,61.609673500061035,19.929109513759613,0.0,24.400988221168518,0.0,0.0,0.0,-34.70465540885925,-7.66693502664566,0.0,0.0,50.92766880989075,-1.3448549434542656,0.0,-37.88304328918457,0.0,0.0,28.21585237979889,ppo
2023-07-24,13.586454093456268,44.92498338222504,82.53464102745056,0.0,-23.257726430892944,-14.268408715724945,-8.478017151355743,32.493895292282104,-4.342685639858246,0.0,-4.502754658460617,0.0,-5.136501416563988,-19.929109513759613,0.0,-34.98676419258118,0.0,-1.6609258949756622,0.0,-60.169440507888794,-8.271437883377075,0.0,0.0,26.75272226333618,0.0,0.0,-19.644072651863098,12.75346428155899,1.6763713210821152,52.00503468513489,ppo
2023-07-25,-24.101874232292175,26.2148916721344,-1.7026759684085846,0.0,-13.869903981685638,0.0,0.0,27.752724289894104,26.57260298728943,0.0,16.464755711977265,0.0,65.70264101028442,0.0,0.0,0.0,0.0,0.0,0.0,-27.063116431236267,-2.6677891612052917,0.0,0.0,55.04089593887329,0.0,0.0,-43.61130893230438,0.0,3.215152127586165e-14,32.3905885219574,ppo
2023-07-26,14.663216471672058,44.411492347717285,83.52549076080322,0.0,-22.152988612651825,0.0,-10.512548685073853,32.990267872810364,-6.264614313840866,0.0,-3.689078986644745,0.0,-6.68385773897171,0.0,0.0,-35.094571113586426,0.0,-0.8814781904220581,0.0,-61.91513538360596,-9.48166698217392,0.0,0.0,25.96563696861267,0.0,0.0,-20.946434140205383,13.615219295024872,2.1511051803827286,51.449888944625854,ppo
2023-07-27,0.0,51.07361674308777,45.81160247325897,0.0,-25.801527500152588,0.0,-1.0613513179123402,40.1323139667511,-0.3120565786957741,0.0,0.0,0.0,1.2343015159779005e-15,0.0,0.0,-27.389973402023315,0.0,-6.369612365961075,0.0,-43.52448582649231,-2.242705225944519,0.0,0.0,44.7367787361145,0.0,0.0,-23.2846736907959,4.527698934876708,8.830285187379606e-31,57.05013871192932,ppo
2023-07-28,0.0,45.2980637550354,84.0261459350586,0.0,-5.328896641731262,0.0,-17.836757004261017,40.604186058044434,-12.13211789727211,0.0,-5.155320465564728,0.0,-10.783740878105164,0.0,0.0,-41.8582022190094,0.0,4.695398360490799,0.0,-55.72279095649719,8.769450972834225e-17,0.0,0.0,30.31989336013794,0.8306152446234061,0.0,-25.035595893859863,13.340450823307037,-8.126181364059448,53.93003225326538,ppo
2023-07-31,15.079502070678833,45.2980637550354,84.0261459350586,0.0,0.0,0.0,-17.836757004261017,40.604186058044434,-12.13211789727211,0.0,-5.155320465564728,0.0,-10.783740878105164,0.0,0.0,-41.8582022190094,0.0,0.0,0.0,-55.72279095649719,0.0,0.0,0.0,30.31989336013794,0.0,0.0,-25.035595893859863,0.0,-8.126181364059448,53.93003225326538,ppo
2023-08-01,5.668279877839786,56.176912784576416,78.7217378616333,0.0,0.0,0.0,-15.826129913330078,38.88319432735443,-9.48886051774025,0.0,-1.1317896656692028,0.0,-5.113516375422478,0.0,0.0,-37.32289373874664,4.419375699453694e-31,-1.8723413348197937,0.0,-58.55116248130798,-8.26125293970108,0.0,0.0,31.54957890510559,-0.8306152446234061,0.0,-25.065037608146667,9.775439539555965e-16,-0.33054761588573456,53.36042642593384,ppo
2023-08-02,4.992757819866365,56.176912784576416,78.7217378616333,0.0,0.0,0.0,-15.826129913330078,38.88319432735443,-9.48886051774025,0.0,-1.1317896656692028,0.0,-5.113516375422478,0.0,0.0,-37.32289373874664,0.0,-1.8723413348197937,0.0,-58.55116248130798,-8.26125293970108,0.0,0.0,31.54957890510559,0.0,0.0,-25.065037608146667,0.0,-0.33054761588573456,53.36042642593384,ppo
2023-08-03,0.0,47.41092622280121,75.68230628967285,0.0,0.0,0.0,-17.052905882426444,10.448948090686347,-21.590062975883484,0.0,0.0,0.0,-9.344825148582458,0.0,0.0,-32.35316276550293,-4.419375699453694e-31,-0.9507156908512115,0.0,-69.82378363609314,-2.590484172105789,0.0,0.0,0.0,0.0,0.0,-3.6439163610339165,0.0,0.0,48.28830659389496,ppo
2023-08-04,0.0,22.46534739984231,85.26653051376343,0.0,0.0,0.0,0.0,0.0,-19.208720326423645,0.0,0.0,0.0,-13.252279162406921,0.0,0.0,-24.499043822288513,0.0,0.0,0.0,-74.04362559318542,0.0,0.0,0.0,0.0,0.0,0.0,0.0,0.0,0.0,0.0,ppo
2023-08-07,0.0,13.901853613094682,79.83560562133789,0.0,0.0,0.0,0.0,9.30811120156735e-15,-15.872907638549805,0.0,-0.5122686152854357,0.0,0.0,0.0,0.0,-29.667234420776367,0.0,0.0,0.0,-56.317371129989624,-13.754063844680786,0.0,0.0,0.0,0.0,0.0,0.0,0.0,-0.31358152627944946,46.25976085662842,ppo
2023-08-08,0.0,34.85475672860296,66.53853058815002,0.0,0.0,0.0,0.0,0.0,-15.268419682979584,0.0,0.0,0.0,0.0,0.0,0.0,-26.26795768737793,0.0,0.0,0.0,-56.176626682281494,-18.53093057870865,0.0,0.0,0.0,0.0,0.0,0.0,0.0,-1.2306440621614456,0.0,ppo
2023-08-09,0.0,25.920802175931975,56.99228048324585,0.0,0.0,0.0,0.0,0.0,-1.9616642966866493,0.0,0.0,0.0,0.0,0.0,0.0,-13.538314402103424,0.0,0.0,0.0,-54.420316219329834,-20.062273740768433,0.0,0.0,0.0,0.0,0.0,0.0,0.0,-6.800974905490875,0.0,ppo
2023-08-10,0.0,26.38426354053694,68.28951835632324,0.0,0.0,0.0,0.0,0.0,-11.614800989627838,0.0,0.0,0.0,0.0,0.0,0.0,-25.08089244365692,0.0,0.0,0.0,-56.622880697250366,-15.499252080917358,0.0,0.0,0.0,0.0,0.0,0.0,0.0,0.0,0.0,ppo
2023-08-11,0.0,35.91930568218231,63.47942352294922,0.0,0.0,0.0,0.0,4.281914867954349,-15.503476560115814,0.0,0.0,0.0,0.0,0.0,0.0,-27.89762020111084,0.0,0.0,0.0,-61.991214752197266,-16.990606486797333,0.0,0.0,2.1690197133825452e-32,0.0,0.0,0.0,0.0,0.0,5.47208162100044e-16,ppo
2023-08-14,0.0,35.74390411376953,63.206714391708374,0.0,0.0,0.0,0.0,10.31453054565797,-15.663968026638031,0.0,0.0,0.0,0.0,0.0,0.0,-27.960970997810364,0.0,0.0,0.0,-62.19358444213867,-17.093326151371002,0.0,0.0,0.0,0.0,0.0,0.0,0.0,0.0,0.0,ppo
2023-08-15,0.0,40.66906273365021,64.3162727355957,0.0,0.0,0.0,0.0,30.714499950408936,-19.09116506576538,0.0,0.0,0.0,0.0,0.0,0.0,-35.06137430667877,0.0,0.0,0.0,-63.07547688484192,-20.338790118694305,0.0,0.0,2.4292080842720125,0.0,0.0,0.0,0.0,0.0,0.0,ppo
2023-08-16,0.0,32.27677922992166,59.25002098083496,0.0,0.0,0.0,0.0,0.0,-15.055366232991219,0.0,0.0,0.0,0.0,0.0,0.0,-25.821426510810852,0.0,0.0,0.0,-51.450015542980964,-16.156084835529327,0.0,0.0,0.0,0.0,0.0,0.0,0.0,0.0,1.7629464820502525e-14,ppo
2023-08-17,0.0,0.0,25.789291775346125,0.0,0.0,0.0,0.0,0.0,0.0,0.0,0.0,0.0,0.0,0.0,0.0,-13.177870213985443,0.0,0.0,0.0,0.0,-5.183012783527374,0.0,0.0,0.0,0.0,0.0,0.0,0.0,0.0,0.0,ppo
2023-08-18,0.0,0.0,0.0,0.0,0.0,0.0,0.0,0.0,0.0,0.0,0.0,0.0,0.0,0.0,0.0,-16.03393852710724,0.0,0.0,0.0,0.0,-7.7659159898757935,0.0,0.0,0.0,0.0,0.0,0.0,19.98700960283344,0.0,0.0,ppo
2023-08-21,0.0,0.0,18.70962732900202,0.0,0.0,0.0,0.0,0.0,0.0,0.0,0.0,0.0,0.0,0.0,0.0,-17.015032470226288,0.0,0.0,0.0,0.0,-0.36701569333672523,0.0,0.0,0.0,0.0,0.0,0.0,0.0,0.0,0.0,ppo
2023-08-22,0.0,0.0,0.24939193364990578,0.0,0.0,0.0,0.0,0.0,0.0,0.0,0.0,0.0,0.0,0.0,0.0,-0.23943176908551322,0.0,0.0,0.0,0.0,0.0,0.0,0.0,0.0,0.0,0.0,0.0,0.0,0.0,0.0,ppo
2023-08-23,0.0,0.0,0.0,0.0,0.0,0.0,0.0,0.0,0.0,0.0,0.0,0.0,0.0,0.0,0.0,0.0,0.0,0.0,0.0,0.0,0.0,0.0,0.0,0.0,0.0,0.0,0.0,0.0,0.0,0.0,ppo
2023-08-24,0.0,0.0,0.0,0.0,0.0,0.0,0.0,0.0,0.0,0.0,0.0,0.0,0.0,0.0,0.0,0.0,0.0,0.0,0.0,0.0,0.0,0.0,0.0,0.0,0.0,0.0,0.0,0.0,0.0,0.0,ppo
2023-08-25,0.0,0.0,0.0,0.0,0.0,0.0,0.0,0.0,0.0,0.0,0.0,0.0,0.0,0.0,0.0,0.0,0.0,0.0,0.0,0.0,0.0,0.0,0.0,0.0,0.0,0.0,0.0,0.0,0.0,0.0,ppo
2023-08-28,0.0,0.0,0.0,0.0,0.0,0.0,0.0,0.0,0.0,0.0,0.0,0.0,0.0,0.0,0.0,0.0,0.0,0.0,0.0,0.0,0.0,0.0,0.0,0.0,0.0,0.0,0.0,0.0,0.0,0.0,ppo
2023-08-29,0.0,0.0,14.25427303929943,0.0,0.0,0.0,0.0,0.0,0.0,0.0,0.0,0.0,0.0,0.0,0.0,0.0,0.0,0.0,0.0,0.0,-5.987942218780518,0.0,0.0,0.0,0.0,0.0,0.0,0.0,0.0,0.0,ppo
2023-08-30,0.0,0.0,16.607740323972326,0.0,0.0,0.0,0.0,0.0,0.0,0.0,0.0,0.0,0.0,0.0,0.0,0.0,0.0,0.0,0.0,0.0,-6.967949867248535,0.0,0.0,0.0,0.0,0.0,0.0,0.0,0.0,0.0,ppo
2023-08-31,0.0,0.0,16.60937556343124,0.0,0.0,0.0,0.0,0.0,0.0,0.0,0.0,0.0,0.0,0.0,0.0,0.0,0.0,0.0,0.0,0.0,-6.9688379764556885,0.0,0.0,0.0,0.0,0.0,0.0,0.0,0.0,0.0,ppo
2023-09-01,0.0,9.638217369920286e-16,13.594874243177017,0.0,0.0,0.0,0.0,0.0,0.0,0.0,0.0,0.0,0.0,0.0,0.0,0.0,0.0,0.0,0.0,0.0,-5.846508592367172,0.0,0.0,0.0,0.0,0.0,0.0,0.0,0.0,0.0,ppo
2023-09-05,0.0,8.009274887702409,0.0,0.0,0.0,0.0,0.0,0.0,0.0,0.0,0.0,0.0,0.0,0.0,0.0,0.0,0.0,0.0,0.0,0.0,-5.874203145503998,0.0,0.0,0.0,0.0,0.0,0.0,0.0,0.0,0.0,ppo
2023-09-06,0.0,0.0,0.0,0.0,0.0,0.0,0.0,0.0,0.0,0.0,0.0,0.0,0.0,0.0,0.0,0.0,0.0,0.0,0.0,0.0,0.0,0.0,0.0,0.0,0.0,0.0,0.0,0.0,0.0,0.0,ppo
2023-09-07,0.0,9.921933646197105e-16,13.932126900473916,0.0,0.0,0.0,0.0,0.0,0.0,0.0,0.0,0.0,0.0,0.0,0.0,0.0,0.0,0.0,0.0,0.0,-5.786111950874329,0.0,0.0,0.0,0.0,0.0,0.0,0.0,0.0,0.0,ppo
2023-09-08,0.0,0.0,0.0,0.0,0.0,0.0,0.0,0.0,0.0,0.0,0.0,0.0,0.0,0.0,0.0,0.0,0.0,0.0,0.0,0.0,0.0,0.0,0.0,0.0,0.0,0.0,0.0,0.0,0.0,0.0,ppo
2023-09-11,-0.679102074354887,0.0,7.982867977428963,0.0,0.0,0.0,0.0,0.0,0.0,0.0,0.0,0.0,-6.0154493898153305,0.0,0.0,0.0,0.0,0.0,0.0,0.0,0.0,0.0,0.0,0.0,0.0,0.0,0.0,0.0,0.0,0.0,ppo
2023-09-12,-0.43654562905430794,0.0,7.3577947659172205,0.0,0.0,0.0,0.0,0.0,0.0,0.0,0.0,0.0,-5.90946190059185,0.0,0.0,0.0,0.0,0.0,0.0,0.0,0.0,0.0,0.0,0.0,0.0,0.0,0.0,0.0,0.0,0.0,ppo
2023-09-13,-4.7950029373168945,0.0,0.0,0.0,0.0,0.0,0.0,0.0,0.0,0.0,0.0,0.0,0.0,0.0,0.0,0.0,0.0,0.0,0.0,0.0,-3.1230948865413666,0.0,0.0,0.0,0.0,0.0,0.0,7.629411349507289,0.0,0.0,ppo
2023-09-14,-1.3682878576219082,0.0,0.0,0.0,0.0,0.0,0.0,0.0,0.0,0.0,0.0,0.0,-0.1804608851671219,0.0,0.0,0.0,0.0,0.0,0.0,0.0,-5.272858589887619,0.0,0.0,0.0,0.0,0.0,0.0,8.243224432705897,0.0,0.0,ppo
2023-09-15,0.0,0.0,6.30003341926152,0.0,0.0,0.0,0.0,0.0,0.0,0.0,0.0,0.0,0.0,0.0,0.0,0.0,0.0,0.0,0.0,0.0,-2.7493052184581757,0.0,0.0,0.0,0.0,0.0,0.0,0.0,0.0,0.0,ppo
2023-09-18,0.0,9.476299261509538e-16,10.44734256570857,0.0,0.0,0.0,0.0,0.0,0.0,0.0,0.0,0.0,0.0,0.0,0.0,0.0,0.0,0.0,0.0,0.0,-4.5363374054431915,0.0,0.0,0.0,0.0,0.0,0.0,1.0682465693183005e-31,0.0,0.0,ppo
2023-09-19,0.0,0.0,10.441133509061657,0.0,0.0,0.0,0.0,0.0,0.0,0.0,0.0,0.0,0.0,0.0,0.0,0.0,0.0,0.0,0.0,0.0,-4.5363374054431915,0.0,0.0,0.0,0.0,0.0,0.0,0.0,0.0,0.0,ppo
2023-09-20,0.0,0.0,10.60618282854479,0.0,0.0,0.0,0.0,0.0,0.0,0.0,0.0,0.0,0.0,0.0,0.0,0.0,0.0,0.0,0.0,0.0,-4.5363374054431915,0.0,0.0,0.0,0.0,0.0,0.0,0.0,0.0,0.0,ppo
2023-09-21,0.0,0.0,0.0,0.0,0.0,0.0,0.0,0.0,0.0,0.0,0.0,0.0,0.0,0.0,0.0,0.0,0.0,0.0,0.0,0.0,-2.182159200310707,0.0,0.0,0.0,0.0,0.0,0.0,2.8936612520946183,0.0,0.0,ppo
2023-09-22,0.0,0.0,5.278661045135199,0.0,0.0,0.0,0.0,0.0,0.0,0.0,0.0,0.0,0.0,0.0,0.0,0.0,0.0,0.0,0.0,0.0,-2.182117849588394,0.0,0.0,0.0,0.0,0.0,0.0,0.0,0.0,0.0,ppo
2023-09-25,0.0,0.0,5.245548473511878,0.0,0.0,0.0,0.0,0.0,0.0,0.0,0.0,0.0,0.0,0.0,0.0,0.0,0.0,0.0,0.0,0.0,-2.182117849588394,0.0,0.0,0.0,0.0,0.0,0.0,0.0,0.0,0.0,ppo
2023-09-26,0.0,0.0,5.1682596823846465,0.0,0.0,0.0,0.0,0.0,0.0,0.0,0.0,0.0,0.0,0.0,0.0,0.0,0.0,0.0,0.0,0.0,-2.182117849588394,0.0,0.0,0.0,0.0,0.0,0.0,0.0,0.0,0.0,ppo
2023-09-27,0.0,0.0,10.795362134224895,0.0,0.0,0.0,0.0,0.0,0.0,0.0,0.0,0.0,0.0,0.0,0.0,0.0,0.0,0.0,0.0,0.0,-4.4499605894088745,0.0,0.0,0.0,0.0,0.0,0.0,0.0,0.0,0.0,ppo
2023-09-28,0.0,0.0,10.77924941154546,0.0,0.0,0.0,0.0,0.0,0.0,0.0,0.0,0.0,0.0,0.0,0.0,0.0,0.0,0.0,0.0,0.0,-4.434085264801979,0.0,0.0,0.0,0.0,0.0,0.0,0.0,0.0,0.0,ppo
2023-09-29,0.0,5.488416527852255,0.0,0.0,0.0,0.0,0.0,0.0,0.0,0.0,0.0,0.0,0.0,0.0,0.0,0.0,0.0,0.0,0.0,0.0,-4.4499605894088745,0.0,0.0,0.0,0.0,0.0,0.0,0.0,0.0,0.0,ppo
2023-10-02,0.0,5.567689848582259,0.0,0.0,0.0,0.0,0.0,0.0,0.0,0.0,0.0,0.0,0.0,0.0,0.0,0.0,0.0,0.0,0.0,0.0,-4.4499605894088745,0.0,0.0,0.0,0.0,0.0,0.0,0.0,0.0,0.0,ppo
2023-10-03,0.0,0.0,0.0,0.0,0.0,0.0,0.0,0.0,0.0,0.0,0.0,0.0,0.0,0.0,0.0,0.0,0.0,0.0,0.0,0.0,0.0,0.0,0.0,0.0,0.0,0.0,0.0,0.0,0.0,0.0,ppo
2023-10-05,0.0,0.0,0.0,0.0,0.0,0.0,0.0,-8.642454445362091,0.0,0.0,0.0,0.0,0.0,0.0,0.0,0.0,0.0,0.0,0.0,0.0,16.244664613418802,0.0,0.0,0.0,0.0,0.0,0.0,-20.58965414762497,0.0,0.0,ppo
2023-10-06,0.0,0.0,0.0,0.0,0.0,0.0,0.0,-8.642242103815079,0.0,0.0,0.0,0.0,0.0,0.0,0.0,0.0,0.0,0.0,0.0,0.0,16.359661446036988,0.0,0.0,0.0,0.0,0.0,0.0,-20.589658617973328,3.433401466968121e-14,0.0,ppo
2023-10-09,0.0,0.0,0.0,0.0,0.0,0.0,0.0,-5.50578273832798,0.0,0.0,0.0,0.0,-1.3664462603628635,0.0,0.0,0.0,0.0,0.0,0.0,0.0,24.8992550780575,0.0,0.0,6.773297302688011e-15,0.0,0.0,0.0,-32.6339066028595,0.0,0.0,ppo
2023-10-10,0.0,0.0,0.0,14.765937816386337,0.0,0.0,0.0,-5.155348405241966,0.0,0.0,0.0,0.0,-5.104523152112961,0.0,0.0,0.0,27.475491166114807,0.0,0.0,0.0,0.0,0.0,0.0,0.0,0.0,0.0,0.0,-17.560236999453153,0.0,32.515501976013184,ppo
2023-10-11,0.0,0.0,0.0,0.0,0.0,0.0,0.0,-5.134054645895958,0.0,0.0,0.0,0.0,-5.105621367692947,0.0,0.0,0.0,0.0,0.0,0.0,0.0,0.0,0.0,0.0,8.171628599198769,0.0,0.0,0.0,0.0,0.0,0.0,ppo
2023-10-12,0.0,0.0,0.0,0.0,0.0,0.0,0.0,-0.38432953879237175,0.0,0.0,0.0,0.0,-0.935062114149332,0.0,0.0,0.0,0.0,0.0,0.0,0.0,0.5353800540092263,0.0,0.0,0.0,0.0,0.0,0.0,0.0,0.0,0.0,ppo
2023-10-13,0.0,0.0,0.0,0.0,0.0,0.0,0.0,0.0,0.0,0.0,0.0,0.0,-3.9876453578472137,0.0,0.0,0.0,0.0,0.0,0.0,0.0,2.0018592689142194,0.0,0.0,8.512107496753971e-16,0.0,0.0,0.0,0.0,0.0,0.0,ppo
2023-10-16,0.0,0.0,0.0,0.0,0.0,0.0,0.0,0.0,0.0,0.0,0.0,0.0,-3.9876453578472137,0.0,0.0,0.0,0.0,0.0,0.0,0.0,2.0186317639703844,0.0,0.0,8.431510292544515e-16,0.0,0.0,0.0,0.0,0.0,0.0,ppo
2023-10-17,0.0,2.496625835784618,0.0,0.0,0.0,0.0,0.0,0.0,0.0,0.0,0.0,0.0,-3.9876453578472137,0.0,0.0,0.0,0.0,0.0,0.0,0.0,0.0,0.0,0.0,0.0,0.0,0.0,0.0,0.0,0.0,0.0,ppo
2023-10-18,0.0,0.0,0.0,0.0,0.0,0.0,0.0,0.0,0.0,0.0,0.0,0.0,-3.9876453578472137,0.0,0.0,0.0,0.0,0.0,0.0,0.0,2.022265437718909,0.0,0.0,0.0,0.0,0.0,0.0,0.0,0.0,0.0,ppo
2023-10-19,0.0,0.0,0.0,0.0,0.0,0.0,0.0,0.0,0.0,0.0,0.0,0.0,0.0,0.0,0.0,0.0,0.0,0.0,0.0,0.0,0.0,0.0,0.0,0.0,0.0,0.0,0.0,0.0,0.0,0.0,ppo
2023-10-20,0.0,0.0,0.0,0.0,0.0,0.0,0.0,0.0,0.0,0.0,0.0,0.0,-4.756712168455124,0.0,0.0,0.0,0.0,0.0,0.0,0.0,0.0,0.0,0.0,5.535327414618092,0.0,0.0,0.0,0.0,0.0,0.0,ppo
2023-10-23,0.0,0.0,0.0,0.0,0.0,0.0,0.0,-5.155710503458977,0.0,0.0,0.0,0.0,-5.0888001918792725,0.0,0.0,0.0,0.0,0.0,0.0,0.0,3.3466189720114925,0.0,0.0,0.0,0.0,0.0,0.0,0.0,0.0,0.0,ppo
2023-10-24,0.0,0.0,0.0,-0.8074801415205002,0.0,0.0,0.0,-2.7928445488214493,0.0,0.0,0.0,0.0,0.0,0.0,0.0,0.0,0.0,0.0,0.0,0.0,0.7713159566886327,0.0,0.0,0.0,0.0,0.0,0.0,0.0,0.0,0.0,ppo
2023-10-25,0.0,0.0,0.0,-0.8074317127466202,0.0,0.0,0.0,-2.792849764227867,0.0,0.0,0.0,0.0,0.0,0.0,0.0,0.0,0.0,0.0,0.0,0.0,0.7745643636838948,0.0,0.0,0.0,0.0,0.0,0.0,0.0,0.0,0.0,ppo
2023-10-26,0.0,0.0,0.0,-0.8074335753917694,0.0,0.0,0.0,-2.7928482741117477,0.0,0.0,0.0,0.0,0.0,0.0,0.0,0.0,0.0,0.0,0.0,0.0,0.7446484220991495,0.0,0.0,0.0,0.0,0.0,0.0,0.0,0.0,0.0,ppo
2023-10-27,0.0,0.0,0.0,-7.8175388276577,0.0,0.0,0.0,-1.5054228715598583,0.0,0.0,0.0,0.0,0.0,0.0,0.0,0.0,0.0,0.0,0.0,0.0,3.6046024543463475,0.0,0.0,0.0,0.0,0.0,0.0,0.0,0.0,0.0,ppo
2023-10-30,0.0,0.0,0.0,-4.526053559069748,0.0,0.0,0.0,-1.5054228715598583,0.0,0.0,0.0,0.0,0.0,0.0,0.0,0.0,0.0,0.0,0.0,0.0,0.0,0.0,0.0,5.026896690800326,0.0,0.0,0.0,0.0,0.0,0.0,ppo
2023-10-31,0.0,0.0,0.0,0.0,0.0,0.0,0.0,-1.5054228715598583,0.0,0.0,0.0,0.0,0.0,0.0,0.0,0.0,0.0,0.0,0.0,0.0,0.21868673349311016,0.0,0.0,0.0,0.0,0.0,0.0,0.0,0.0,0.0,ppo
2023-11-01,0.0,0.0,-0.38235161919146776,0.0,0.0,0.0,0.0,0.0,0.0,0.0,0.0,0.0,0.0,0.0,0.0,0.0,0.0,0.0,0.0,0.0,0.15310166927242008,0.0,0.0,0.0,0.0,0.0,0.0,0.0,0.0,0.0,ppo
2023-11-02,0.0,0.0,-7.921740412712097,0.0,0.0,0.0,0.0,0.0,0.0,0.0,0.0,0.0,-2.887444943189621,0.0,0.0,0.0,0.0,0.0,0.0,0.0,4.577585626996301,0.0,0.0,0.0,0.0,0.0,0.0,0.0,0.0,0.0,ppo
2023-11-03,0.0,0.0,-4.12081815302372,0.0,0.0,0.0,0.0,0.0,0.0,0.0,0.0,0.0,-8.7714284658432,0.0,0.0,0.0,0.0,0.0,0.0,0.0,5.904760244540784,0.0,0.0,0.0,0.0,0.0,0.0,0.0,0.0,0.0,ppo
2023-11-06,0.0,0.0,-4.12081815302372,0.0,0.0,0.0,0.0,0.0,0.0,0.0,0.0,0.0,-8.7714284658432,0.0,0.0,0.0,0.0,0.0,0.0,0.0,5.893601923472397,0.0,0.0,0.0,0.0,0.0,0.0,0.0,0.0,0.0,ppo
2023-11-07,0.0,0.0,-4.12081815302372,0.0,0.0,0.0,0.0,0.0,0.0,0.0,0.0,0.0,-8.7714284658432,0.0,0.0,0.0,0.0,0.0,0.0,0.0,5.812216246913565,0.0,0.0,0.0,0.0,0.0,0.0,0.0,0.0,0.0,ppo
2023-11-08,0.0,0.0,-4.12081815302372,0.0,0.0,0.0,0.0,0.0,0.0,0.0,0.0,0.0,-8.7714284658432,0.0,0.0,0.0,0.0,0.0,0.0,0.0,5.762691857308588,0.0,0.0,0.0,0.0,0.0,0.0,0.0,0.0,0.0,ppo
2023-11-09,0.0,0.0,-4.12081815302372,0.0,0.0,0.0,0.0,0.0,0.0,0.0,0.0,0.0,-8.7714284658432,0.0,0.0,0.0,0.0,0.0,0.0,0.0,5.669620766839729,0.0,0.0,0.0,0.0,0.0,0.0,0.0,0.0,0.0,ppo
2023-11-10,0.0,1.1532696308730957e-47,-4.12081815302372,0.0,0.0,0.0,0.0,0.0,0.0,0.0,0.0,0.0,-8.7714284658432,0.0,0.0,0.0,0.0,0.0,0.0,0.0,5.694971282041835,0.0,0.0,1.6126420873751532e-15,0.0,0.0,0.0,0.0,0.0,4.7516665869008725e-31,ppo
2023-11-13,0.0,0.0,-4.12081815302372,0.0,0.0,0.0,0.0,0.0,0.0,0.0,0.0,0.0,-8.7714284658432,0.0,0.0,0.0,0.0,0.0,0.0,0.0,5.655555156436122,0.0,0.0,0.0,0.0,0.0,0.0,0.0,0.0,0.0,ppo
2023-11-14,0.0,0.0,-4.12081815302372,0.0,0.0,0.0,0.0,0.0,0.0,0.0,0.0,0.0,-8.7714284658432,0.0,0.0,0.0,0.0,0.0,0.0,0.0,5.686233903610008,0.0,0.0,0.0,0.0,0.0,0.0,0.0,0.0,0.0,ppo
2023-11-15,0.0,0.0,0.0,0.0,0.0,0.0,0.0,0.0,0.0,0.0,0.0,0.0,-1.4397726394236088,0.0,0.0,0.0,0.0,0.0,0.0,0.0,7.81620163712362e-17,0.0,0.0,0.0,0.0,0.0,0.0,0.0,0.0,4.500723976909457,ppo
2023-11-16,7.530155290631721e-48,0.0,0.0,0.0,0.0,0.0,0.0,0.0,0.0,0.0,0.0,0.0,-1.4397726394236088,0.0,0.0,0.0,0.0,0.0,2.0649996733132834e-63,0.0,1.5626058795438836e-16,0.0,0.0,8.888703786532083e-32,0.0,0.0,0.0,0.0,0.0,4.428140800982157,ppo
2023-11-17,0.0,0.0,-2.018793486058712,0.0,0.0,0.0,0.0,0.0,0.0,0.0,0.0,0.0,-10.594911873340607,0.0,0.0,0.0,0.0,0.0,0.0,0.0,0.0,0.0,0.0,0.0,0.0,0.0,0.0,0.0,0.0,41.36778931779645,ppo
2023-11-20,0.0,0.0,-0.9116497822105885,0.0,0.0,0.0,0.0,0.0,0.0,0.0,0.0,0.0,-3.5152465105056763,0.0,0.0,0.0,0.0,0.0,0.0,0.0,0.0,0.0,0.0,0.0,0.0,0.0,0.0,0.0,0.0,14.545282354525096,ppo
2023-11-21,0.0,0.0,-2.0151635631918907,0.0,0.0,0.0,0.0,0.0,0.0,0.0,0.0,0.0,-10.583584010601044,0.0,0.0,0.0,0.0,0.0,0.0,0.0,0.0,0.0,0.0,0.0,0.0,0.0,0.0,0.0,0.0,41.852907074466785,ppo
2023-11-22,0.0,0.0,-2.21968125551939,0.0,0.0,0.0,0.0,0.0,0.0,0.0,0.0,0.0,-10.866644233465195,0.0,0.0,0.0,0.0,0.0,0.0,0.0,0.0,0.0,0.0,0.0,0.0,0.0,0.0,0.0,0.0,43.04772678097296,ppo
2023-11-24,0.0,0.0,-0.9131205268204212,0.0,0.0,0.0,0.0,0.0,0.0,0.0,0.0,0.0,-3.473374992609024,0.0,0.0,0.0,0.0,0.0,0.0,0.0,0.0,0.0,0.0,0.0,0.0,0.0,0.0,0.0,0.0,14.566778833689723,ppo
2023-11-27,0.0,0.0,-0.9131175465881824,0.0,0.0,0.0,0.0,0.0,0.0,0.0,0.0,0.0,-3.4733720123767853,0.0,0.0,0.0,0.0,0.0,0.0,0.0,0.0,0.0,0.0,0.0,0.0,0.0,0.0,0.0,0.0,14.50500287110119,ppo
2023-11-28,0.0,0.0,-0.9131175465881824,0.0,0.0,0.0,0.0,0.0,0.0,0.0,0.0,0.0,-3.4733720123767853,0.0,0.0,0.0,0.0,0.0,0.0,0.0,3.0514176139282957e-16,0.0,0.0,0.0,0.0,0.0,0.0,0.0,0.0,14.430228369484292,ppo
2023-11-29,0.0,0.0,-0.9131175465881824,0.0,0.0,0.0,0.0,0.0,0.0,0.0,0.0,0.0,-3.4733720123767853,0.0,0.0,0.0,0.0,0.0,0.0,0.0,0.0,0.0,0.0,0.0,0.0,0.0,0.0,0.0,0.0,14.32612028670084,ppo
2023-11-30,0.0,0.0,-0.9131175465881824,0.0,0.0,0.0,0.0,0.0,0.0,0.0,0.0,0.0,-3.4733720123767853,0.0,0.0,0.0,0.0,0.0,0.0,0.0,1.9739204925750926,0.0,0.0,0.0,0.0,0.0,0.0,0.0,0.0,0.0,ppo
2023-12-01,0.0,0.0,-4.12079356610775,0.0,0.0,0.0,0.0,0.0,0.0,0.0,0.0,0.0,-8.771298080682755,0.0,0.0,0.0,0.0,0.0,0.0,0.0,5.727763660543614,0.0,0.0,0.0,0.0,0.0,0.0,0.0,0.0,0.0,ppo
2023-12-04,0.0,0.0,-3.5918083041906357,0.0,0.0,0.0,0.0,0.0,0.0,0.0,0.0,0.0,-8.579416573047638,0.0,0.0,0.0,0.0,0.0,0.0,0.0,0.0,0.0,0.0,14.267462714590508,0.0,0.0,0.0,0.0,0.0,0.0,ppo
2023-12-05,0.0,0.0,0.0,0.0,0.0,0.0,0.0,-0.26448173448443413,0.0,0.0,0.0,0.0,-14.069312810897827,0.0,0.0,0.0,0.0,0.0,0.0,0.0,6.891981770308761,0.0,0.0,0.0,0.0,0.0,0.0,0.0,0.0,0.0,ppo
2023-12-06,0.0,0.0,-4.007251188158989,0.0,0.0,0.0,0.0,0.0,0.0,0.0,0.0,0.0,-16.814792156219482,0.0,0.0,0.0,0.0,0.0,0.0,0.0,0.0,0.0,0.0,8.288933595720675,0.0,0.0,0.0,0.0,0.0,47.62956500053406,ppo
2023-12-07,0.0,0.0,-4.442228004336357,0.0,0.0,0.0,0.0,0.0,0.0,0.0,0.0,0.0,-13.108178973197937,0.0,0.0,0.0,0.0,0.0,0.0,0.0,0.9613168200903716,0.0,0.0,0.0,0.0,0.0,0.0,0.0,0.0,52.22474932670593,ppo
2023-12-08,0.0,0.0,-4.442228004336357,0.0,0.0,0.0,0.0,0.0,0.0,0.0,0.0,0.0,-13.108178973197937,0.0,0.0,0.0,0.0,0.0,0.0,0.0,1.0314432681412924,0.0,0.0,4.137555221675233e-16,0.0,0.0,0.0,0.0,0.0,52.22474932670593,ppo
2023-12-11,0.0,0.0,-4.4422294944524765,0.0,0.0,0.0,0.0,0.0,0.0,0.0,0.0,0.0,-13.108178973197937,0.0,0.0,0.0,0.0,0.0,0.0,0.0,1.0016624200238846,0.0,0.0,4.176038197035323e-16,0.0,0.0,0.0,0.0,0.0,52.22475528717041,ppo
2023-12-12,0.0,0.0,-3.781783953309059,0.0,0.0,0.0,0.0,0.0,0.0,0.0,0.0,0.0,-13.232988119125366,0.0,0.0,0.0,0.0,0.0,0.0,0.0,0.0,0.0,0.0,2.2852948723064244,0.0,0.0,0.0,0.0,0.0,52.97354459762573,ppo
2023-12-13,0.0,0.0,0.0,0.0,0.0,0.0,0.0,0.0,0.0,0.0,0.0,0.0,-8.213871717453003,0.0,0.0,0.0,0.0,0.0,-2.0649996733132834e-63,0.0,4.011235758559435,0.0,0.0,0.0,0.0,0.0,0.0,0.0,0.0,0.0,ppo
2023-12-14,0.0,0.0,-3.008844517171383,0.0,0.0,0.0,0.0,-2.416815236210823,0.0,0.0,0.0,0.0,-17.42314249277115,0.0,0.0,0.0,0.0,0.0,0.0,0.0,0.0,0.0,0.0,5.5307328328809335,0.0,0.0,0.0,0.0,0.0,58.82534980773926,ppo
2023-12-15,0.0,0.0,-5.8659378439188,0.0,0.0,0.0,0.0,0.0,0.0,0.0,0.0,0.0,-10.742239654064178,0.0,0.0,0.0,0.0,0.0,0.0,0.0,7.8167851704743105,0.0,0.0,0.0,0.0,0.0,0.0,0.0,0.0,0.0,ppo
2023-12-18,0.0,0.0,-5.8659378439188,0.0,0.0,0.0,0.0,0.0,0.0,0.0,0.0,0.0,-10.742239654064178,0.0,0.0,0.0,0.0,0.0,0.0,0.0,0.0,0.0,0.0,0.0,0.0,0.0,0.0,0.0,0.0,56.94979399425199,ppo
2023-12-19,0.0,0.0,-5.866021662950516,0.0,0.0,0.0,0.0,0.0,0.0,0.0,0.0,0.0,-10.742168128490448,0.0,0.0,0.0,0.0,0.0,0.0,0.0,0.0,0.0,0.0,20.93711954454346,0.0,0.0,0.0,0.0,0.0,0.0,ppo
2023-12-20,0.0,0.0,-5.865964666008949,0.0,0.0,0.0,0.0,0.0,0.0,0.0,0.0,0.0,-10.742218792438507,0.0,0.0,0.0,0.0,0.0,0.0,0.0,0.0,0.0,0.0,0.0,0.0,0.0,0.0,0.0,0.0,56.598128856014085,ppo
2023-12-21,0.0,0.0,-10.815612971782684,0.0,0.0,0.0,0.0,0.0,0.0,0.0,0.0,0.0,-7.437293976545334,0.0,0.0,0.0,0.0,0.0,0.0,0.0,0.5118471385637353,0.0,0.0,0.0,0.0,0.0,0.0,0.0,0.0,56.082844734191895,ppo
2023-12-22,0.0,0.0,-14.83430564403534,0.0,0.0,0.0,0.0,0.0,0.0,0.0,0.0,0.0,-6.842070817947388,0.0,0.0,0.0,0.0,0.0,0.0,0.0,9.609898041014835,0.0,0.0,0.0,0.0,0.0,0.0,0.0,0.0,0.0,ppo
2023-12-26,0.0,0.0,-8.812113106250763,0.0,0.0,0.0,0.0,0.0,0.0,0.0,0.0,0.0,-7.1561455726623535,0.0,0.0,0.0,0.0,0.0,0.0,0.0,0.0,0.0,0.0,0.0,0.0,0.0,0.0,0.0,0.0,52.287380626173444,ppo
2023-12-27,0.0,0.0,-8.812113106250763,0.0,0.0,0.0,0.0,0.0,0.0,0.0,0.0,0.0,-7.1561455726623535,0.0,0.0,0.0,0.0,0.0,0.0,0.0,1.2334353846181474e-15,0.0,0.0,0.0,0.0,0.0,0.0,0.0,0.0,52.6672571458777,ppo
2023-12-28,0.0,0.0,-8.812113106250763,0.0,0.0,0.0,0.0,0.0,0.0,0.0,0.0,0.0,-7.1561455726623535,0.0,0.0,0.0,0.0,0.0,0.0,0.0,0.0,0.0,0.0,0.0,0.0,0.0,0.0,0.0,0.0,52.2867918643364,ppo
2023-12-29,0.0,0.0,-8.81473794579506,0.0,0.0,0.0,0.0,0.0,0.0,0.0,0.0,0.0,-7.156700640916824,0.0,0.0,0.0,0.0,0.0,0.0,0.0,1.231397433993215e-15,0.0,0.0,3.6943050762053313e-31,0.0,0.0,0.0,0.0,0.0,52.42509485695675,ppo
2024-01-02,0.0,0.0,-8.812113106250763,0.0,0.0,0.0,0.0,0.0,0.0,0.0,0.0,0.0,-7.1561455726623535,0.0,0.0,0.0,0.0,0.0,0.0,0.0,0.0,0.0,0.0,0.0,0.0,0.0,0.0,0.0,0.0,52.20871573738323,ppo
2024-01-03,0.0,0.0,-17.555762827396393,0.0,0.0,0.0,0.0,0.0,0.0,0.0,0.0,0.0,-2.3372117429971695,0.0,0.0,0.0,0.0,0.0,0.0,0.0,8.400027681265062,0.0,0.0,0.0,0.0,0.0,0.0,0.0,0.0,0.0,ppo
2024-01-05,-100.0,-100.0,-100.0,0.0,0.0,0.0,0.0,0.0,0.0,0.0,0.0,0.0,0.0,0.0,0.0,0.0,0.0,0.0,0.0,0.0,0.0,0.0,0.8790726144758767,-100.0,100.0,0.0,100.0,0.0,-48.729584564725535,-100.0,ddpg
2024-01-08,-100.0,-100.0,-100.0,0.0,0.0,0.0,0.0,0.0,0.0,0.0,0.0,0.0,0.0,0.0,0.0,0.0,0.0,0.0,0.0,0.0,0.0,0.0,0.0,-100.0,96.29955837436421,0.0,100.0,0.0,0.0,-100.0,ddpg
2024-01-09,-100.0,-100.0,-100.0,0.0,0.0,0.0,0.0,0.0,0.0,0.0,0.0,0.0,0.0,0.0,0.0,0.0,0.0,0.0,0.0,0.0,0.0,0.0,8.55034447988264,-100.0,100.0,0.0,100.0,0.0,0.0,-100.0,ddpg
2024-01-10,-100.0,-100.0,-100.0,0.0,0.0,0.0,0.0,0.0,0.0,0.0,0.0,0.0,0.0,0.0,0.0,0.0,0.0,0.0,0.0,0.0,0.0,0.0,7.6086257938102175,-100.0,100.0,0.0,100.0,0.0,0.0,-100.0,ddpg
2024-01-11,-100.0,-100.0,-100.0,0.0,0.0,0.0,0.0,0.0,0.0,0.0,0.0,0.0,0.0,0.0,0.0,0.0,0.0,0.0,0.0,0.0,0.0,0.0,11.061616125567255,-100.0,100.0,0.0,100.0,0.0,0.0,-100.0,ddpg
2024-01-12,-100.0,-100.0,-100.0,0.0,0.0,0.0,0.0,0.0,0.0,0.0,0.0,0.0,0.0,0.0,0.0,0.0,0.0,0.0,0.0,0.0,0.0,0.0,9.116000660962817,-100.0,100.0,0.0,100.0,0.0,0.0,-100.0,ddpg
2024-01-16,-100.0,-100.0,-100.0,0.0,0.0,0.0,0.0,0.0,0.0,0.0,0.0,0.0,0.0,0.0,0.0,0.0,0.0,0.0,0.0,0.0,0.0,0.0,37.310539268638266,-100.0,100.0,0.0,100.0,0.0,0.0,-100.0,ddpg
2024-01-17,-100.0,-100.0,-100.0,0.0,0.0,0.0,0.0,0.0,0.0,0.0,0.0,0.0,0.0,0.0,0.0,0.0,0.0,0.0,0.0,0.0,0.0,0.0,0.0,-76.65224371818044,94.97959326054252,0.0,100.0,0.0,0.0,-100.0,ddpg
2024-01-18,-100.0,-100.0,-100.0,0.0,0.0,0.0,0.0,0.0,0.0,0.0,0.0,0.0,0.0,0.0,0.0,0.0,4.4906243831997825e-31,0.0,0.0,2.0647781197104963e-15,3.2282220678684745,100.0,100.0,0.0,0.0,0.0,100.0,0.0,0.0,-100.0,ddpg
2024-01-19,-100.0,-100.0,-100.0,0.0,0.0,0.0,0.0,0.0,0.0,0.0,0.0,0.0,0.0,0.0,0.0,0.0,0.0,0.0,0.0,0.0,0.0,0.0,0.0,0.0,60.412685421814764,0.0,100.0,0.0,0.0,-100.0,ddpg
2024-01-22,-17.01042612596939,-18.6355323687618,-100.0,0.0,0.0,0.0,0.0,0.0,0.0,0.0,0.0,0.0,0.0,0.0,0.0,0.0,0.0,0.0,0.0,0.0,0.0,0.0,0.0,0.0,0.0,0.0,61.00100947948203,0.0,0.0,-100.0,ddpg
2024-01-23,0.0,0.0,-100.0,0.0,0.0,0.0,0.0,0.0,0.0,0.0,0.0,0.0,0.0,0.0,0.0,0.0,0.0,0.0,0.0,0.0,0.0,0.0,0.0,0.0,0.0,0.0,42.34737335124358,0.0,0.0,-100.0,ddpg
2024-01-24,0.0,0.0,-100.0,0.0,0.0,0.0,0.0,0.0,0.0,0.0,0.0,0.0,0.0,0.0,0.0,0.0,0.0,0.0,0.0,0.0,0.0,0.0,0.0,0.0,0.0,0.0,42.41835330876988,0.0,0.0,-100.0,ddpg
2024-01-25,0.0,0.0,-100.0,0.0,0.0,0.0,0.0,0.0,0.0,0.0,0.0,0.0,0.0,0.0,0.0,0.0,0.0,0.0,0.0,0.0,0.0,0.0,0.0,0.0,0.0,0.0,42.62853521466607,0.0,0.0,-100.0,ddpg
2024-01-26,0.0,0.0,-100.0,0.0,0.0,0.0,0.0,0.0,0.0,0.0,0.0,0.0,0.0,0.0,0.0,0.0,0.0,0.0,0.0,0.0,0.0,0.0,0.0,0.0,0.0,0.0,44.68979184741815,0.0,0.0,-100.0,ddpg
2024-01-29,0.0,0.0,-100.0,0.0,0.0,0.0,0.0,0.0,0.0,0.0,0.0,0.0,0.0,0.0,0.0,0.0,0.0,0.0,0.0,0.0,0.0,0.0,0.0,0.0,0.0,0.0,44.201060888134684,0.0,0.0,-100.0,ddpg
2024-01-30,0.0,0.0,-100.0,0.0,0.0,0.0,0.0,0.0,0.0,0.0,0.0,0.0,0.0,0.0,0.0,0.0,0.0,0.0,0.0,0.0,0.0,0.0,6.463458329196971e-30,0.0,1.202772759261833e-14,0.0,44.57952077838209,0.0,0.0,-100.0,ddpg
2024-01-31,0.0,0.0,-100.0,0.0,0.0,0.0,0.0,0.0,0.0,0.0,0.0,0.0,0.0,0.0,0.0,0.0,0.0,0.0,0.0,0.0,9.048069973809329e-15,0.0,0.0,0.0,0.0,0.0,44.22928797370292,0.0,0.0,-100.0,ddpg
2024-02-01,0.0,0.0,-100.0,0.0,0.0,0.0,0.0,0.0,0.0,0.0,0.0,0.0,0.0,0.0,0.0,0.0,0.0,0.0,0.0,0.0,0.0,0.0,0.0,0.0,0.0,0.0,37.5534591617832,0.0,0.0,-52.89971850922325,ddpg
2024-02-02,0.0,0.0,-100.0,0.0,0.0,0.0,0.0,0.0,0.0,0.0,0.0,0.0,0.0,0.0,0.0,0.0,0.0,0.0,0.0,0.0,0.0,2.0776536056123715e-30,2.884927040923607e-14,0.0,52.43930259722881,0.0,0.0,0.0,0.0,0.0,ddpg
2024-02-05,0.0,0.0,-100.0,0.0,0.0,0.0,0.0,0.0,0.0,0.0,0.0,0.0,0.0,0.0,0.0,0.0,0.0,0.0,0.0,0.0,0.0,0.0,0.0,0.0,0.0,0.0,35.244374373609695,0.0,0.0,0.0,ddpg
2024-02-06,0.0,0.0,-100.0,0.0,0.0,0.0,0.0,0.0,0.0,0.0,0.0,0.0,0.0,0.0,0.0,0.0,0.0,0.0,0.0,0.0,0.0,0.0,0.0,0.0,0.0,0.0,35.44165424120125,0.0,0.0,0.0,ddpg
2024-02-07,0.0,0.0,-100.0,0.0,0.0,0.0,0.0,0.0,0.0,0.0,0.0,0.0,0.0,0.0,0.0,0.0,0.0,0.0,0.0,0.0,0.0,0.0,0.0,0.0,0.0,0.0,34.66881257598587,0.0,0.0,0.0,ddpg
2024-02-08,0.0,0.0,-57.970798415673926,0.0,0.0,0.0,0.0,0.0,0.0,0.0,0.0,0.0,0.0,0.0,0.0,0.0,0.0,0.0,0.0,0.0,0.0,0.0,0.0,0.0,0.0,0.0,19.921581915926307,0.0,0.0,0.0,ddpg
2024-02-09,0.0,0.0,0.0,0.0,0.0,0.0,0.0,0.0,0.0,0.0,0.0,0.0,0.0,0.0,0.0,0.0,0.0,0.0,0.0,0.0,0.0,0.0,0.0,0.0,0.0,0.0,0.0,0.0,0.0,0.0,ddpg
2024-02-12,0.0,0.0,0.0,0.0,0.0,0.0,0.0,0.0,0.0,0.0,0.0,0.0,0.0,0.0,0.0,0.0,0.0,0.0,0.0,0.0,0.0,0.0,0.0,0.0,0.0,0.0,0.0,0.0,0.0,0.0,ddpg
2024-02-13,0.0,0.0,0.0,0.0,0.0,0.0,0.0,0.0,0.0,0.0,0.0,0.0,0.0,0.0,0.0,0.0,0.0,0.0,0.0,0.0,0.0,0.0,0.0,0.0,0.0,0.0,0.0,0.0,0.0,0.0,ddpg
2024-02-14,0.0,0.0,0.0,0.0,0.0,0.0,0.0,0.0,0.0,0.0,0.0,0.0,0.0,0.0,0.0,0.0,0.0,0.0,0.0,0.0,0.0,0.0,0.0,0.0,0.0,0.0,0.0,0.0,0.0,0.0,ddpg
2024-02-15,0.0,0.0,0.0,0.0,0.0,0.0,0.0,0.0,0.0,0.0,0.0,0.0,0.0,0.0,0.0,0.0,0.0,0.0,0.0,0.0,0.0,0.0,0.0,0.0,0.0,0.0,0.0,0.0,0.0,0.0,ddpg
2024-02-16,0.0,0.0,0.0,0.0,0.0,0.0,0.0,0.0,0.0,0.0,0.0,0.0,0.0,0.0,0.0,0.0,0.0,0.0,0.0,0.0,0.0,0.0,0.0,0.0,0.0,0.0,0.0,0.0,0.0,0.0,ddpg
2024-02-20,0.0,0.0,0.0,0.0,0.0,0.0,0.0,0.0,0.0,0.0,0.0,0.0,0.0,0.0,0.0,0.0,0.0,0.0,0.0,0.0,0.0,0.0,0.0,0.0,0.0,0.0,0.0,0.0,0.0,0.0,ddpg
2024-02-21,0.0,0.0,0.0,0.0,0.0,0.0,0.0,0.0,0.0,0.0,0.0,0.0,0.0,0.0,0.0,0.0,0.0,0.0,0.0,0.0,0.0,0.0,0.0,0.0,0.0,0.0,0.0,0.0,0.0,0.0,ddpg
2024-02-22,0.0,0.0,0.0,0.0,0.0,0.0,0.0,0.0,0.0,0.0,0.0,0.0,0.0,0.0,0.0,0.0,0.0,0.0,0.0,0.0,0.0,0.0,0.0,0.0,0.0,0.0,0.0,0.0,0.0,0.0,ddpg
2024-02-23,0.0,0.0,0.0,0.0,0.0,0.0,0.0,0.0,0.0,0.0,0.0,0.0,0.0,0.0,0.0,0.0,0.0,0.0,0.0,0.0,0.0,0.0,0.0,0.0,0.0,0.0,0.0,0.0,0.0,0.0,ddpg
2024-02-26,0.0,0.0,0.0,0.0,0.0,0.0,0.0,0.0,0.0,0.0,0.0,0.0,0.0,0.0,0.0,0.0,0.0,0.0,0.0,0.0,0.0,0.0,0.0,0.0,0.0,0.0,0.0,0.0,0.0,0.0,ddpg
2024-02-27,0.0,0.0,0.0,0.0,0.0,0.0,0.0,0.0,0.0,0.0,0.0,0.0,0.0,0.0,0.0,0.0,0.0,0.0,0.0,0.0,0.0,0.0,0.0,0.0,0.0,0.0,0.0,0.0,0.0,0.0,ddpg
2024-02-28,0.0,0.0,0.0,0.0,0.0,0.0,0.0,0.0,0.0,0.0,0.0,0.0,0.0,0.0,0.0,0.0,0.0,0.0,0.0,0.0,0.0,0.0,0.0,0.0,0.0,0.0,0.0,0.0,0.0,0.0,ddpg
2024-02-29,0.0,0.0,0.0,0.0,0.0,0.0,0.0,0.0,0.0,0.0,0.0,0.0,0.0,0.0,0.0,0.0,0.0,0.0,0.0,0.0,0.0,0.0,0.0,0.0,0.0,0.0,0.0,0.0,0.0,0.0,ddpg
2024-03-01,0.0,0.0,0.0,0.0,0.0,0.0,0.0,0.0,0.0,0.0,0.0,0.0,0.0,0.0,0.0,0.0,0.0,0.0,0.0,0.0,0.0,0.0,0.0,0.0,0.0,0.0,0.0,0.0,0.0,0.0,ddpg
2024-03-04,0.0,0.0,0.0,0.0,0.0,0.0,0.0,0.0,0.0,0.0,0.0,0.0,0.0,0.0,0.0,0.0,0.0,0.0,0.0,0.0,0.0,0.0,0.0,0.0,0.0,0.0,0.0,0.0,0.0,0.0,ddpg
2024-03-05,0.0,0.0,0.0,0.0,0.0,0.0,0.0,0.0,0.0,0.0,0.0,0.0,0.0,0.0,0.0,0.0,0.0,0.0,0.0,0.0,0.0,0.0,0.0,0.0,0.0,0.0,0.0,0.0,0.0,0.0,ddpg
2024-03-06,0.0,0.0,0.0,0.0,0.0,0.0,0.0,0.0,0.0,0.0,0.0,0.0,0.0,0.0,0.0,0.0,0.0,0.0,0.0,0.0,0.0,0.0,0.0,0.0,0.0,0.0,0.0,0.0,0.0,0.0,ddpg
2024-03-07,0.0,0.0,0.0,0.0,0.0,0.0,0.0,0.0,0.0,0.0,0.0,0.0,0.0,0.0,0.0,0.0,0.0,0.0,0.0,0.0,0.0,0.0,0.0,0.0,0.0,0.0,0.0,0.0,0.0,0.0,ddpg
2024-03-08,0.0,0.0,0.0,0.0,0.0,0.0,0.0,0.0,0.0,0.0,0.0,0.0,0.0,0.0,0.0,0.0,0.0,0.0,0.0,0.0,0.0,0.0,0.0,0.0,0.0,0.0,0.0,0.0,0.0,0.0,ddpg
2024-03-11,0.0,0.0,0.0,0.0,0.0,0.0,0.0,0.0,0.0,0.0,0.0,0.0,0.0,0.0,0.0,0.0,0.0,0.0,0.0,0.0,0.0,0.0,0.0,0.0,0.0,0.0,0.0,0.0,0.0,0.0,ddpg
2024-03-12,0.0,0.0,0.0,0.0,0.0,0.0,0.0,0.0,0.0,0.0,0.0,0.0,0.0,0.0,0.0,0.0,0.0,0.0,0.0,0.0,0.0,0.0,0.0,0.0,0.0,0.0,0.0,0.0,0.0,0.0,ddpg
2024-03-13,0.0,0.0,0.0,0.0,0.0,0.0,0.0,0.0,0.0,0.0,0.0,0.0,0.0,0.0,0.0,0.0,0.0,0.0,0.0,0.0,0.0,0.0,0.0,0.0,0.0,0.0,0.0,0.0,0.0,0.0,ddpg
2024-03-14,0.0,0.0,0.0,0.0,0.0,0.0,0.0,0.0,0.0,0.0,0.0,0.0,0.0,0.0,0.0,0.0,0.0,0.0,0.0,0.0,0.0,0.0,0.0,0.0,0.0,0.0,0.0,0.0,0.0,0.0,ddpg
2024-03-15,0.0,0.0,0.0,0.0,0.0,0.0,0.0,0.0,0.0,0.0,0.0,0.0,0.0,0.0,0.0,0.0,0.0,0.0,0.0,0.0,0.0,0.0,0.0,0.0,0.0,0.0,0.0,0.0,0.0,0.0,ddpg
2024-03-18,0.0,0.0,0.0,0.0,0.0,0.0,0.0,0.0,0.0,0.0,0.0,0.0,0.0,0.0,0.0,0.0,0.0,0.0,0.0,0.0,0.0,0.0,0.0,0.0,0.0,0.0,0.0,0.0,0.0,0.0,ddpg
2024-03-19,0.0,0.0,0.0,0.0,0.0,0.0,0.0,0.0,0.0,0.0,0.0,0.0,0.0,0.0,0.0,0.0,0.0,0.0,0.0,0.0,0.0,0.0,0.0,0.0,0.0,0.0,0.0,0.0,0.0,0.0,ddpg
2024-03-20,0.0,0.0,0.0,0.0,0.0,0.0,0.0,0.0,0.0,0.0,0.0,0.0,0.0,0.0,0.0,0.0,0.0,0.0,0.0,0.0,0.0,0.0,0.0,0.0,0.0,0.0,0.0,0.0,0.0,0.0,ddpg
2024-03-21,0.0,0.0,0.0,0.0,0.0,0.0,0.0,0.0,0.0,0.0,0.0,0.0,0.0,0.0,0.0,0.0,0.0,0.0,0.0,0.0,0.0,0.0,0.0,0.0,0.0,0.0,0.0,0.0,0.0,0.0,ddpg
2024-03-22,0.0,0.0,0.0,0.0,0.0,0.0,0.0,0.0,0.0,0.0,0.0,0.0,0.0,0.0,0.0,0.0,0.0,0.0,0.0,0.0,0.0,0.0,0.0,0.0,0.0,0.0,0.0,0.0,0.0,0.0,ddpg
2024-03-25,0.0,0.0,0.0,0.0,0.0,0.0,0.0,0.0,0.0,0.0,0.0,0.0,0.0,0.0,0.0,0.0,0.0,0.0,0.0,0.0,0.0,0.0,0.0,0.0,0.0,0.0,0.0,0.0,0.0,0.0,ddpg
2024-03-26,0.0,0.0,0.0,0.0,0.0,0.0,0.0,0.0,0.0,0.0,0.0,0.0,0.0,0.0,0.0,0.0,0.0,0.0,0.0,0.0,0.0,0.0,0.0,0.0,0.0,0.0,0.0,0.0,0.0,0.0,ddpg
2024-03-27,0.0,0.0,0.0,0.0,0.0,0.0,0.0,0.0,0.0,0.0,0.0,0.0,0.0,0.0,0.0,0.0,0.0,0.0,0.0,0.0,0.0,0.0,0.0,0.0,0.0,0.0,0.0,0.0,0.0,0.0,ddpg
2024-03-28,0.0,0.0,0.0,0.0,0.0,0.0,0.0,0.0,0.0,0.0,0.0,0.0,0.0,0.0,0.0,0.0,0.0,0.0,0.0,0.0,0.0,0.0,0.0,0.0,0.0,0.0,0.0,0.0,0.0,0.0,ddpg
2024-04-01,0.0,0.0,0.0,0.0,0.0,0.0,0.0,0.0,0.0,0.0,0.0,0.0,0.0,0.0,0.0,0.0,0.0,0.0,0.0,0.0,0.0,0.0,0.0,0.0,0.0,0.0,0.0,0.0,0.0,0.0,ddpg
2024-04-02,0.0,0.0,0.0,0.0,0.0,0.0,0.0,0.0,0.0,0.0,0.0,0.0,0.0,0.0,0.0,0.0,0.0,0.0,0.0,0.0,0.0,0.0,0.0,0.0,0.0,0.0,0.0,0.0,0.0,0.0,ddpg
2024-04-03,0.0,0.0,0.0,0.0,0.0,0.0,0.0,0.0,0.0,0.0,0.0,0.0,0.0,0.0,0.0,0.0,0.0,0.0,0.0,0.0,0.0,0.0,0.0,0.0,0.0,0.0,0.0,0.0,0.0,0.0,ddpg
2024-04-04,0.0,0.0,0.0,0.0,0.0,0.0,0.0,0.0,0.0,0.0,0.0,0.0,0.0,0.0,0.0,0.0,0.0,0.0,0.0,0.0,0.0,0.0,0.0,0.0,0.0,0.0,0.0,0.0,0.0,0.0,ddpg
2024-04-08,0.0,0.0,0.0,0.0,0.0,0.0,0.0,-13.919273018836975,0.0,0.0,0.0,17.920804458202618,0.0,0.0,0.0,0.0,-14.139051735401154,0.0,0.0,0.0,0.0,0.0,-0.8172669447958469,0.0,-14.12806510925293,0.0,0.0,0.0,0.0,0.0,ppo
2024-04-09,0.0,0.0,0.0,0.0,0.0,0.0,0.0,-11.447681486606598,0.0,0.0,0.0,5.615045817565774,0.0,0.0,0.0,0.0,-10.914678871631622,0.0,0.0,0.0,0.0,0.0,-1.2986081652343273,0.0,-2.1154478192329407,0.0,0.0,0.0,0.0,0.0,ppo
2024-04-10,0.0,0.0,0.0,0.0,0.0,0.0,0.0,-13.738849759101868,0.0,0.0,0.0,17.424468021027256,0.0,0.0,0.0,0.0,-2.4217605590820312,0.0,0.0,0.0,0.0,0.0,-1.6480199992656708,0.0,-15.436209738254547,0.0,0.0,0.0,0.0,0.0,ppo
2024-04-11,0.0,0.0,0.0,0.0,0.0,19.51862738152053,0.0,-13.841147720813751,0.0,0.0,0.0,0.0,0.0,0.0,0.0,0.0,0.0,0.0,0.0,-2.0647781197104963e-15,0.0,0.0,0.0,0.0,-20.310473442077637,0.0,0.0,0.0,0.0,0.0,ppo
2024-04-12,0.0,0.0,0.0,0.0,0.0,22.47066219053484,0.0,-5.635043233633041,0.0,0.0,0.0,0.0,0.0,0.0,0.0,0.0,0.0,0.0,0.0,0.0,0.0,0.0,0.0,0.0,-24.990737438201904,0.0,0.0,0.0,0.0,0.0,ppo
2024-04-15,0.0,0.0,0.0,0.0,0.0,0.0,0.0,-1.2986935675144196,0.0,0.0,0.0,0.0,0.0,0.0,0.0,0.0,0.0,20.812493718907955,0.0,0.0,0.0,0.0,0.0,0.0,-16.81751012802124,0.0,0.0,0.0,0.0,0.0,ppo
2024-04-16,0.0,0.0,0.0,0.0,0.0,0.0,0.0,-3.553345799446106,0.0,0.0,0.0,0.0,0.0,0.0,0.0,0.0,0.0,14.735696598396833,0.0,0.0,0.0,0.0,0.0,0.0,-11.626528948545456,0.0,0.0,0.0,0.0,0.0,ppo
2024-04-17,0.0,0.0,0.0,0.0,0.0,0.0,0.0,-3.4605592489242554,0.0,0.0,0.0,0.0,0.0,0.0,0.0,0.0,0.0,11.167463860528246,0.0,0.0,0.0,0.0,0.0,0.0,-8.830250799655914,0.0,0.0,0.0,0.0,0.0,ppo
2024-04-18,0.0,0.0,0.0,0.0,0.0,0.0,0.0,0.0,0.0,0.0,0.0,0.0,0.0,0.0,0.0,0.0,0.0,8.615343129022145,0.0,0.0,0.0,0.0,0.0,0.0,-7.29350820183754,0.0,0.0,0.0,0.0,0.0,ppo
2024-04-19,0.0,0.0,0.0,0.0,0.0,0.0,0.0,-5.386459082365036,0.0,0.0,0.0,5.573455347463352,0.0,0.0,0.0,0.0,0.0,0.0,0.0,0.0,0.0,0.0,0.0,0.0,-5.00912070274353,0.0,0.0,0.0,0.0,0.0,ppo
2024-04-22,0.0,0.0,0.0,0.0,0.0,0.0,0.0,0.0,0.0,0.0,0.0,0.0,0.0,0.0,0.0,0.0,0.0,0.0,0.0,0.0,0.0,0.0,0.0,0.0,0.0,0.0,0.0,0.0,0.0,0.0,ppo
2024-04-23,0.0,0.0,0.0,0.0,0.0,1.3049665058583665e-15,0.0,-0.4209267906844616,0.0,0.0,0.0,6.427587696856197,0.0,0.0,0.0,0.0,0.0,0.0,0.0,0.0,0.0,0.0,-2.185749262571335,0.0,-6.142222881317139,0.0,0.0,0.0,0.0,0.0,ppo
2024-04-24,0.0,0.0,0.0,0.0,0.0,3.211762185145615e-16,0.0,-5.039237439632416,0.0,0.0,0.0,1.7440507374787655,0.0,0.0,0.0,0.0,0.0,0.0,0.0,0.0,0.0,0.0,-2.041146904230118,0.0,-0.5537294782698154,0.0,0.0,0.0,0.0,0.0,ppo
2024-04-25,0.0,0.0,0.0,0.0,0.0,0.0,0.0,0.0,0.0,0.0,0.0,3.249741738534708,0.0,0.0,0.0,0.0,0.0,0.0,0.0,0.0,0.0,0.0,-1.225192379206419,0.0,-3.12977135181427,0.0,0.0,0.0,0.0,0.0,ppo
2024-04-26,0.0,0.0,0.0,0.0,0.0,0.0,0.0,0.0,0.0,0.0,0.0,7.956021438471296,0.0,0.0,0.0,0.0,0.0,0.0,0.0,0.0,0.0,0.0,-5.475730821490288,0.0,-6.896974891424179,0.0,0.0,0.0,0.0,0.0,ppo
2024-04-29,0.0,0.0,0.0,0.0,0.0,0.0,0.0,0.0,0.0,0.0,0.0,3.3267578239895093,0.0,0.0,0.0,0.0,0.0,0.0,0.0,0.0,0.0,0.0,-1.2216574512422085,0.0,-3.173360973596573,0.0,0.0,0.0,0.0,0.0,ppo
2024-04-30,0.0,0.0,0.0,0.0,0.0,0.0,0.0,0.0,0.0,0.0,0.0,0.611659105858724,0.0,0.0,0.0,0.0,0.0,0.0,0.0,0.0,0.0,0.0,-2.239779010415077,0.0,0.0,0.0,0.0,0.0,0.0,0.0,ppo
2024-05-01,0.0,0.0,0.0,0.0,0.0,0.0,0.0,-5.0408367067575455,0.0,0.0,0.0,1.6733188912320036,0.0,0.0,0.0,0.0,0.0,0.0,0.0,0.0,0.0,0.0,-2.023147791624069,0.0,-0.45450637117028236,0.0,0.0,0.0,0.0,0.0,ppo
2024-05-02,3.791537090298768,0.0,0.0,0.0,0.0,0.0,0.0,-14.325933158397675,0.0,0.0,0.0,0.0,0.0,0.0,0.0,0.0,0.0,0.0,0.0,0.0,0.0,0.0,0.0,0.0,0.0,0.0,0.0,0.0,0.0,0.0,ppo
2024-05-03,0.0,0.0,0.0,0.0,0.0,0.0,0.0,-11.53734177350998,0.0,0.0,0.0,4.570454766574933,0.0,0.0,0.0,0.0,0.0,0.0,0.0,0.0,0.0,0.0,-1.1214480735361576,0.0,-2.8531450778245926,0.0,0.0,0.0,0.0,0.0,ppo
2024-05-06,-1.8223287537693977,0.0,0.0,0.0,0.0,0.0,0.0,-3.76359224319458,0.0,0.0,0.0,0.0,0.0,0.0,0.0,0.0,0.0,0.0,0.0,0.0,0.0,0.0,-1.5679650008678436,0.0,-12.798704206943512,21.975311067204697,0.0,0.0,0.0,0.0,ppo
2024-05-07,0.0,0.0,0.0,0.0,0.0,0.0,0.0,-2.9084354639053345,0.0,0.0,0.0,0.8582281798737412,0.0,0.0,0.0,0.0,0.0,0.0,0.0,0.0,0.0,0.0,-1.6299620270729065,0.0,0.0,0.0,0.0,0.0,0.0,0.0,ppo
2024-05-08,0.0,0.0,0.0,0.0,0.0,0.0,0.0,0.0,0.0,0.0,0.0,1.5693077809620004,0.0,0.0,0.0,0.0,0.0,0.0,0.0,0.0,0.0,-1.7123624682426453,-3.934117406606674,0.0,0.0,0.0,0.0,0.0,0.0,0.0,ppo
2024-05-09,0.0,0.0,0.0,0.0,0.0,0.0,0.0,0.0,0.0,0.0,0.0,1.620971581212422,0.0,0.0,0.0,0.0,0.0,0.0,0.0,0.0,0.0,-1.8429126590490341,-3.968185931444168,0.0,0.0,0.0,0.0,0.0,0.0,0.0,ppo
2024-05-10,0.0,0.0,0.0,0.0,0.0,0.0,0.0,0.0,0.0,0.0,0.0,1.5598084047204563,0.0,0.0,0.0,0.0,0.0,0.0,0.0,0.0,0.0,-1.842920109629631,-3.968188539147377,0.0,0.0,0.0,0.0,0.0,0.0,0.0,ppo
2024-05-13,0.0,0.0,0.0,0.0,0.0,0.0,0.0,0.0,0.0,0.0,0.0,2.7320718008094396,0.0,0.0,0.0,0.0,0.0,0.0,0.0,0.0,0.0,0.0,-8.747246861457825,0.0,-0.37033865228295326,0.0,0.0,0.0,0.0,0.0,ppo
2024-05-14,0.0,0.0,0.0,0.0,0.0,0.0,0.0,0.0,0.0,0.0,0.0,2.7843482230901264,0.0,0.0,0.0,0.0,0.0,0.0,0.0,0.0,0.0,0.0,-8.74728411436081,0.0,-0.3703528083860874,0.0,0.0,0.0,0.0,0.0,ppo
2024-05-15,0.0,0.0,0.0,0.0,0.0,2.8929966396275764e-31,0.0,0.0,0.0,0.0,0.0,15.347369950855871,0.0,0.0,0.0,0.0,0.0,-0.42235106229782104,0.0,0.0,0.0,0.0,-9.185324609279633,0.0,-13.072662055492401,0.0,0.0,0.0,0.0,1.5462595824071274e-14,ppo
2024-05-16,0.0,0.0,0.0,0.0,0.0,0.0,0.0,-1.4498993754386902,0.0,0.0,0.0,0.0,0.0,0.0,0.0,0.0,0.0,0.0,0.0,0.0,0.0,0.0,-5.998470634222031,0.0,-8.621463179588318,15.965407034187765,0.0,0.0,0.0,0.0,ppo
2024-05-17,0.0,0.0,1.0579695437282204e-64,0.0,0.0,4.158133865473968e-17,0.0,0.0,0.0,0.0,0.0,0.37103234323334194,0.0,0.0,0.0,0.0,0.0,0.0,0.0,0.0,3.7945231782467235e-33,-1.3798080384731293,0.0,0.0,0.0,0.0,0.0,0.0,0.0,2.784913888107308e-48,ppo
2024-05-20,0.0,0.0,0.0,0.0,0.0,0.0,0.0,0.0,0.0,0.0,0.0,9.200432094927944,0.0,0.0,0.0,0.0,0.0,0.0,0.0,0.0,0.0,-4.364797472953796,-7.475551217794418,0.0,-6.315240263938904,0.0,0.0,0.0,0.0,0.0,ppo
2024-05-21,0.0,0.0,0.0,0.0,0.0,0.0,0.0,0.0,0.0,0.0,0.0,14.997456252180815,0.0,0.0,0.0,0.0,0.0,0.0,0.0,0.0,0.0,-4.167795181274414,-11.513464897871017,0.0,-11.06952503323555,0.0,0.0,0.0,0.0,0.0,ppo
2024-05-22,0.0,0.0,0.0,0.0,0.0,0.0,0.0,0.0,0.0,0.0,0.0,15.125227646598029,0.0,0.0,0.0,0.0,0.0,0.0,0.0,0.0,0.0,-4.167775809764862,-11.51350736618042,0.0,-11.069586873054504,0.0,0.0,0.0,0.0,0.0,ppo
2024-05-23,0.0,0.0,0.0,0.0,0.0,0.0,0.0,0.0,0.0,0.0,0.0,15.264855907393267,0.0,0.0,0.0,0.0,0.0,0.0,0.0,0.0,0.0,-4.167775809764862,-11.51350736618042,0.0,-11.069586873054504,0.0,0.0,0.0,0.0,0.0,ppo
2024-05-24,0.0,0.0,0.0,0.0,0.0,1.3306788409639073e-15,0.0,0.0,0.0,0.0,0.0,12.610932655572906,0.0,0.0,0.0,0.0,0.0,0.0,0.0,0.0,0.0,-1.5525411814451218,-7.446374744176865,0.0,-10.122846066951752,0.0,0.0,0.0,0.0,0.0,ppo
2024-05-28,0.0,0.0,0.0,0.0,0.0,0.0,0.0,0.0,0.0,0.0,0.0,10.209426036926,0.0,0.0,0.0,0.0,0.0,0.0,0.0,0.0,0.0,0.0,-0.379300769418478,0.0,-10.404375940561295,0.0,0.0,0.0,0.0,7.078547996708878e-15,ppo
2024-05-29,0.0,0.0,0.0,0.0,0.0,1.4953870678136636e-31,0.0,0.0,0.0,0.0,0.0,10.011572472003559,0.0,0.0,0.0,0.0,0.0,0.0,0.0,0.0,0.0,0.0,-0.3796077333390713,0.0,-10.411298274993896,0.0,0.0,0.0,0.0,7.115552541024735e-15,ppo
2024-05-30,0.0,0.0,0.0,0.0,0.0,0.0,0.0,0.0,0.0,0.0,0.0,0.0,0.0,0.0,0.0,0.0,0.0,13.981374142433848,0.0,0.0,0.0,0.0,0.0,0.0,-11.376090347766876,0.0,0.0,0.0,0.0,0.0,ppo
2024-05-31,0.0,0.0,0.0,0.0,0.0,2.7511808261667337e-15,0.0,-7.198929786682129,0.0,0.0,0.0,3.1977336715624346e-31,0.0,0.0,0.0,0.0,0.0,26.095464287361605,0.0,0.0,0.0,0.0,-5.672401189804077,0.0,-17.9704487323761,0.0,0.0,0.0,0.0,0.0,ppo
2024-06-03,0.0,0.0,0.0,0.0,0.0,12.600987713152328,0.0,-13.158749043941498,0.0,0.0,0.0,0.0,0.0,0.0,0.0,0.0,0.0,0.0,0.0,0.0,0.0,0.0,-9.670621901750565,0.0,-8.421611040830612,0.0,0.0,0.0,0.0,0.0,ppo
2024-06-04,0.0,0.0,0.0,0.0,0.0,2.8166890605512116e-15,0.0,-14.396649599075317,0.0,0.0,0.0,22.347009369968347,0.0,0.0,0.0,0.0,0.0,0.0,0.0,0.0,0.0,0.0,-7.364325225353241,0.0,-18.667659163475037,0.0,0.0,0.0,0.0,1.5612465929047968e-30,ppo
2024-06-05,0.0,0.0,0.0,0.0,0.0,0.0,0.0,-7.804001867771149,0.0,0.0,0.0,10.661501007881286,0.0,0.0,0.0,0.0,0.0,0.0,0.0,0.0,0.0,0.0,-2.176569774746895,0.0,-9.14686843752861,0.0,0.0,0.0,0.0,0.0,ppo
2024-06-06,0.0,0.0,0.0,0.0,0.0,0.0,0.0,-7.744674384593964,0.0,0.0,0.0,10.770152988377147,0.0,0.0,0.0,0.0,0.0,0.0,0.0,0.0,0.0,0.0,-2.2233329713344574,0.0,-9.237665683031082,0.0,0.0,0.0,0.0,0.0,ppo
2024-06-07,0.0,0.0,0.0,0.0,0.0,0.0,0.0,-1.3762090355157852,0.0,0.0,0.0,5.4254811988761915,0.0,0.0,0.0,0.0,0.0,0.0,0.0,0.0,0.0,0.0,-2.143394947052002,0.0,-4.691404849290848,0.0,0.0,0.0,0.0,0.0,ppo
2024-06-10,0.0,0.0,0.0,0.0,0.0,0.0,0.0,-4.300615191459656,0.0,0.0,0.0,2.2427689744344383,0.0,0.0,0.0,0.0,0.0,0.0,0.0,0.0,0.0,0.0,-0.5323853343725204,0.0,-1.5745002776384354,0.0,0.0,0.0,0.0,0.0,ppo
2024-06-11,0.0,0.0,0.0,0.0,0.0,0.0,0.0,-5.883318185806274,0.0,0.0,0.0,6.989498778470554,0.0,0.0,0.0,0.0,0.0,0.0,0.0,0.0,0.0,0.0,0.0,0.0,-6.8427495658397675,0.0,0.0,0.0,0.0,0.0,ppo
2024-06-12,0.0,0.0,0.0,0.0,0.0,0.0,0.0,-5.883251130580902,0.0,0.0,0.0,6.98310877990479,0.0,0.0,0.0,0.0,0.0,0.0,0.0,0.0,0.0,0.0,0.0,0.0,-6.843145191669464,0.0,0.0,0.0,0.0,0.0,ppo
2024-06-13,0.0,0.0,-1.0579695437282204e-64,0.0,0.0,19.42022873506586,0.0,-6.69342577457428,0.0,0.0,0.0,0.0,0.0,0.0,0.0,0.0,0.0,0.0,0.0,0.0,0.0,0.0,-0.3439120016992092,0.0,-19.990576803684235,0.0,0.0,0.0,0.0,0.0,ppo
2024-06-14,0.0,0.0,0.0,0.0,0.0,0.0,0.0,-9.958803653717041,0.0,0.0,0.0,14.847488133344012,0.0,0.0,0.0,0.0,0.0,0.0,0.0,0.0,0.0,0.0,0.0,0.0,-15.302284061908722,0.0,0.0,0.0,0.0,0.0,ppo
2024-06-17,0.0,0.0,0.0,0.0,0.0,2.903344541785512e-15,0.0,-8.998864144086838,0.0,0.0,0.0,14.794304246147748,0.0,0.0,0.0,0.0,0.0,0.0,0.0,0.0,0.0,0.0,0.0,0.0,-15.506406128406525,0.0,0.0,0.0,0.0,0.0,ppo
2024-06-18,0.0,0.0,0.0,0.0,0.0,0.0,0.0,-9.957156330347061,0.0,0.0,0.0,14.890887390110647,0.0,0.0,0.0,0.0,0.0,0.0,0.0,0.0,0.0,0.0,0.0,0.0,-15.302100777626038,0.0,0.0,0.0,0.0,0.0,ppo
2024-06-20,0.0,0.0,0.0,0.0,0.0,0.0,0.0,-2.725543826818466,0.0,0.0,0.0,10.46464414256237,0.0,0.0,0.0,0.0,0.0,0.0,0.0,0.0,0.0,0.0,0.0,0.0,-11.621259897947311,0.0,0.0,0.0,0.0,0.0,ppo
2024-06-21,0.0,0.0,0.0,0.0,0.0,0.0,0.0,-2.724233642220497,0.0,0.0,0.0,10.513146388647401,0.0,0.0,0.0,0.0,0.0,0.0,0.0,0.0,0.0,0.0,0.0,0.0,-11.611079424619675,0.0,0.0,0.0,0.0,0.0,ppo
2024-06-24,0.0,0.0,0.0,0.0,0.0,9.531409917770826,0.0,0.0,0.0,0.0,0.0,0.0,0.0,0.0,0.0,0.0,0.0,-1.6087282449007034,0.0,0.0,0.0,0.0,0.0,0.0,-8.919394761323929,0.0,0.0,0.0,0.0,0.0,ppo
2024-06-25,0.0,0.0,0.0,0.0,0.0,9.454392416919394,0.0,0.0,0.0,0.0,0.0,1.3510671081071269e-15,0.0,0.0,0.0,0.0,0.0,-1.6087282449007034,0.0,0.0,0.0,0.0,0.0,0.0,-8.919394761323929,0.0,0.0,0.0,0.0,0.0,ppo
2024-06-26,0.0,0.0,0.0,0.0,0.0,9.35344324403211,0.0,0.0,0.0,0.0,0.0,0.0,0.0,0.0,0.0,0.0,0.0,-1.6087282449007034,0.0,0.0,0.0,0.0,0.0,0.0,-8.919394761323929,0.0,0.0,0.0,0.0,0.0,ppo
2024-06-27,0.0,0.0,0.0,0.0,0.0,9.434910911438283,0.0,0.0,0.0,0.0,0.0,1.3868774265531469e-15,0.0,0.0,0.0,0.0,0.0,-1.6087282449007034,0.0,0.0,0.0,0.0,0.0,0.0,-8.919394761323929,0.0,0.0,0.0,0.0,0.0,ppo
2024-06-28,0.0,0.0,0.0,0.0,0.0,0.0,0.0,-0.7841113954782486,0.0,0.0,0.0,3.924136940625215,0.0,0.0,0.0,0.0,0.0,0.0,0.0,0.0,0.0,0.0,0.0,0.0,-4.276948422193527,0.0,0.0,0.0,0.0,0.0,ppo
2024-07-01,0.0,0.0,0.0,0.0,0.0,3.1108176570686434e-31,0.0,-6.4224086701869965,0.0,0.0,0.0,20.935136952436626,0.0,0.0,0.0,0.0,0.0,0.0,0.0,0.0,0.0,0.0,-6.238334625959396,0.0,-19.93183195590973,0.0,0.0,0.0,0.0,1.3669931269531454e-14,ppo
2024-07-02,0.0,0.0,0.0,0.0,0.0,0.0,0.0,-6.4224086701869965,0.0,0.0,0.0,21.290703932535507,0.0,0.0,0.0,0.0,0.0,0.0,0.0,0.0,0.0,0.0,-6.238334625959396,0.0,-19.93183195590973,4.605190169071559e-15,0.0,0.0,0.0,0.0,ppo
2024-07-03,0.0,0.0,0.0,0.0,0.0,0.0,0.0,-6.422407180070877,0.0,0.0,0.0,21.26250301293702,0.0,0.0,0.0,0.0,0.0,0.0,0.0,0.0,0.0,0.0,-6.238334625959396,0.0,-19.93183195590973,0.0,0.0,0.0,0.0,0.0,ppo
2024-07-05,0.0,0.0,0.0,0.0,0.0,0.0,0.0,-0.32014288008213043,0.0,0.0,0.0,10.655592215689756,0.0,0.0,0.0,0.0,0.0,0.0,0.0,0.0,0.0,0.0,-5.043103918433189,0.0,-9.401023387908936,0.0,0.0,0.0,0.0,0.0,ppo
2024-07-09,-1.9692083365293702,0.0,63.925790786743164,0.0,79.17078733444214,-56.412482261657715,0.0,55.912208557128906,0.0,44.68161761760712,0.0,-94.9267566204071,64.73034024238586,0.0,27.797022461891174,0.0,2.9897883534431458,34.95687246322632,22.272829711437225,10.608891397714615,-5.780557915568352,29.065042734146118,52.11247801780701,0.0,-21.9255730509758,-37.94071810139247,-96.18269801139832,49.45606887340546,61.138904094696045,19.988207519054413,a2c
2024-07-10,0.0,0.0,-63.925790786743164,0.0,0.0,-47.889161109924316,0.0,-73.81185293197632,0.0,-44.68161761760712,0.0,0.0,-35.333067178726196,0.0,-1.7768822610378265,0.0,0.0,-26.689332723617554,0.0,-10.608891397714615,0.0,-92.36346483230591,71.98135789256237,0.0,100.0,0.0,100.0,-49.45606887340546,-11.068663001060486,100.0,a2c
2024-07-11,0.0,0.0,28.7127228500449,0.0,76.8275260925293,-7.4830191388521285,0.0,49.55298900604248,0.0,66.19759798049927,0.0,-100.0,100.0,0.0,0.0,0.0,0.0,3.776878039913305e-15,76.37333869934082,0.0,-19.011622667312622,0.0,84.50230956077576,0.0,-12.564864754676819,0.0,-69.73105669021606,44.12948787212372,88.44090700149536,0.0,a2c
2024-07-12,0.0,0.0,45.67159414291382,0.0,82.46194124221802,0.0,0.0,53.30275297164917,0.0,69.40608620643616,0.0,-100.0,86.07728481292725,0.0,37.818896770477295,16.3200244307518,-2.473222464323044,34.45318937301636,40.26488661766052,28.67647111415863,-20.175015926361084,23.071175813674927,61.28660440444946,0.0,-27.935868501663208,0.0,-100.0,26.24189257621765,77.69951820373535,16.924388706684113,a2c
2024-07-15,0.0,0.0,-74.38431699295872,0.0,0.0,0.0,0.0,-36.36630177497864,0.0,-99.80290532112122,0.0,0.0,-1.143421232700348,0.0,0.0,-16.3200244307518,0.0,-3.605235368013382,0.0,-28.67647111415863,0.0,-34.57406498491764,0.0,0.0,0.0,0.0,98.29758674015056,-23.865586519241333,-23.102158308029175,0.0,a2c
2024-07-16,0.0,0.0,19.479888677597046,0.0,77.50418186187744,0.0,0.0,50.87418556213379,0.0,79.70480918884277,0.0,-94.15900111198425,100.0,0.0,22.015762329101562,10.861647129058838,-0.5165658891201019,39.545243978500366,79.55894470214844,37.79457211494446,-25.916513800621033,24.50191229581833,81.10360503196716,0.0,-26.859480142593384,0.0,-92.98917055130005,22.416454553604126,90.65731763839722,5.712275207042694,a2c
2024-07-17,0.0,0.0,-19.479888677597046,0.0,0.0,0.0,0.0,0.0,0.0,0.0,0.0,-10.26871389417272,16.374975741416385,0.0,0.0,0.0,0.0,-12.801474332809448,0.0,-22.385568916797638,0.0,-6.9159939885139465,100.0,0.0,0.0,0.0,0.0,0.0,0.0,0.0,a2c
2024-07-18,0.0,0.0,0.0,0.0,68.99169087409973,0.0,0.0,0.0,0.0,0.0,0.0,0.0,90.29290676116943,0.0,0.0,0.0,0.0,0.0,100.0,0.0,0.0,0.0,44.74767463282331,0.0,-27.503475546836853,0.0,-72.04459309577942,0.0,69.40447092056274,-3.943835198879242,a2c
2024-07-19,0.0,0.0,0.0,0.0,0.0,0.0,0.0,0.0,0.0,0.0,0.0,0.0,43.78371419090467,0.0,-7.859799265861511,0.0,0.0,0.0,100.0,0.0,0.0,0.0,100.0,0.0,-18.99130493402481,0.0,-46.84969484806061,0.0,100.0,-27.671045064926147,a2c
2024-07-22,0.0,0.0,0.0,0.0,0.0,0.0,0.0,0.0,0.0,98.71285557746887,0.0,0.0,100.0,0.0,0.0,0.0,0.0,0.0,100.0,0.0,-10.653392225503922,0.0,91.84251427650452,0.0,-42.79370307922363,0.0,-67.06485152244568,17.862065209849565,100.0,-49.72739815711975,a2c
2024-07-23,0.0,0.0,0.0,0.0,0.0,0.0,0.0,0.0,0.0,0.0,0.0,0.0,50.40994527099152,0.0,-16.090238094329834,0.0,0.0,0.0,100.0,0.0,-19.09790337085724,0.0,100.0,0.0,-17.709948122501373,0.0,-28.678467869758606,0.0,100.0,-60.90720295906067,a2c
2024-07-24,0.0,0.0,0.0,0.0,0.0,0.0,0.0,0.0,0.0,100.0,0.0,0.0,9.253485988123624e-15,0.0,-14.047876000404358,0.0,0.0,0.0,95.93643273623314,0.0,-13.480274379253387,0.0,100.0,0.0,-16.14471822977066,0.0,-39.3869549036026,0.0,100.0,-0.375390052795467,a2c
2024-07-25,0.0,0.0,0.0,0.0,0.0,0.0,0.0,0.0,0.0,100.0,0.0,0.0,0.0,0.0,-14.04787003993988,0.0,0.0,0.0,100.0,0.0,-13.480281829833984,0.0,100.0,0.0,-16.14471822977066,0.0,-39.38696086406708,1.6589121479433673,100.0,0.0,a2c
2024-07-26,0.0,0.0,0.0,0.0,0.0,0.0,0.0,0.0,0.0,2.0686132515471336e-14,0.0,0.0,77.64576140670346,0.0,-24.76215362548828,0.0,0.0,0.0,100.0,0.0,0.0,0.0,100.0,0.0,-16.101329028606415,0.0,-55.51042556762695,0.0,100.0,0.0,a2c
2024-07-29,0.0,0.0,0.0,0.0,0.0,0.0,0.0,0.0,0.0,100.0,0.0,0.0,100.0,0.0,-9.04686227440834,0.0,0.0,0.0,100.0,0.0,0.0,0.0,100.0,0.0,-46.24817967414856,0.0,-79.54655289649963,25.032388127615906,100.0,0.0,a2c
2024-07-30,0.0,0.0,0.0,0.0,0.0,0.0,0.0,0.0,0.0,0.0,0.0,0.0,0.0,0.0,0.0,0.0,0.0,-5.4664816707372665,75.81582026762074,0.0,0.0,0.0,100.0,0.0,-47.646912932395935,0.0,-58.44627022743225,100.0,100.0,0.0,a2c
2024-07-31,0.0,0.0,0.0,0.0,0.0,0.0,0.0,0.0,0.0,93.85685911697327,0.0,0.0,0.0,0.0,0.0,0.0,0.0,-0.8720448240637779,100.0,0.0,0.0,0.0,100.0,0.0,-48.07040989398956,0.0,-79.43888902664185,100.0,100.0,0.0,a2c
2024-08-01,0.0,0.0,0.0,0.0,0.0,0.0,0.0,0.0,0.0,3.939395120815739e-14,0.0,0.0,95.71640153645006,0.0,0.0,0.0,0.0,-9.804436564445496,100.0,0.0,0.0,0.0,100.0,0.0,-59.763723611831665,0.0,-87.57166862487793,100.0,100.0,0.0,a2c
2024-08-02,0.0,0.0,0.0,0.0,0.0,0.0,0.0,0.0,0.0,0.0,0.0,0.0,50.168756473830754,0.0,0.0,0.0,0.0,-11.230972409248352,100.0,0.0,-3.1704533845186234,0.0,100.0,0.0,-9.012489232450093,0.0,-100.0,100.0,100.0,0.0,a2c
2024-08-05,0.0,0.0,0.0,0.0,0.0,0.0,0.0,0.0,0.0,0.0,0.0,0.0,22.397253748028437,0.0,0.0,0.0,0.0,-1.6186777502298355,100.0,0.0,0.0,0.0,100.0,0.0,0.0,0.0,-99.72654581069946,100.0,100.0,0.0,a2c
2024-08-06,0.0,0.0,0.0,0.0,0.0,0.0,0.0,0.0,0.0,0.0,0.0,0.0,23.10456521986032,0.0,0.0,0.0,0.0,-1.5637069940567017,100.0,0.0,0.0,0.0,100.0,0.0,0.0,0.0,-99.96318817138672,100.0,100.0,0.0,a2c
2024-08-07,0.0,0.0,0.0,0.0,0.0,3.896738010609739e-63,0.0,0.0,0.0,1.025569432514e-14,0.0,0.0,41.31705121907931,0.0,0.0,5.798841853270816e-47,0.0,-17.059426009655,100.0,0.0,0.0,1.4472364044495403e-30,100.0,0.0,0.0,0.0,-100.0,100.0,100.0,0.0,a2c
2024-08-08,0.0,0.0,0.0,0.0,0.0,0.0,0.0,0.0,0.0,0.0,0.0,0.0,69.08135266502808,0.0,0.0,0.0,0.0,-26.299017667770386,100.0,0.0,-12.66392320394516,0.0,100.0,0.0,0.0,0.0,-94.29938793182373,100.0,100.0,0.0,a2c
2024-08-09,0.0,0.0,0.0,0.0,0.0,0.0,0.0,0.0,0.0,2.146823815651252e-14,0.0,0.0,57.498540983282766,0.0,0.0,0.0,0.0,-29.636400938034058,100.0,0.0,-11.748527735471725,2.8285382180394603e-30,100.0,0.0,0.0,0.0,-91.6951835155487,100.0,100.0,0.0,a2c
2024-08-12,0.0,0.0,0.0,0.0,-1.944296434521675,0.0,0.0,0.0,0.0,5.803687275775207,0.0,0.0,100.0,0.0,0.0,0.0,0.0,-35.4979932308197,100.0,0.0,-17.753903567790985,0.0,100.0,0.0,0.0,0.0,-100.0,100.0,100.0,0.0,a2c
2024-08-13,0.0,0.0,0.0,0.0,-3.7798818200826645,0.0,0.0,0.0,0.0,0.0,0.0,0.0,0.0,0.0,0.0,0.0,0.0,-15.36067702599206,0.0,0.0,-16.750967502593994,0.0,0.0,0.0,0.0,0.0,-28.709841721290104,90.64680346467459,100.0,0.0,a2c
2024-08-14,0.0,0.0,0.0,0.0,-11.044174432754517,0.0,0.0,0.0,0.0,0.0,0.0,0.0,0.0,0.0,0.0,0.0,0.0,0.0,0.0,0.0,-11.263053864240646,0.0,3.913484801430325e-15,0.0,0.0,0.0,0.0,10.959684403446062,100.0,0.0,a2c
2024-08-15,0.0,0.0,0.0,0.0,-11.044174432754517,0.0,0.0,0.0,0.0,0.0,0.0,0.0,0.0,0.0,0.0,0.0,0.0,0.0,0.0,0.0,-11.263053864240646,0.0,0.0,0.0,0.0,0.0,0.0,10.987284183050738,100.0,0.0,a2c
2024-08-16,0.0,0.0,0.0,0.0,-46.78850173950195,0.0,0.0,0.0,0.0,0.0,0.0,0.0,0.0,0.0,0.0,0.0,0.0,0.0,0.0,0.0,-12.160994857549667,0.0,1.4797723491838133e-14,0.0,0.0,0.0,0.0,36.89888653698606,100.0,0.0,a2c
2024-08-19,0.0,0.0,0.0,0.0,-23.12578409910202,0.0,0.0,0.0,0.0,0.0,0.0,0.0,0.0,0.0,0.0,0.0,0.0,0.0,0.0,0.0,-9.71347913146019,0.0,36.46919079289265,0.0,0.0,0.0,0.0,0.0,100.0,0.0,a2c
2024-08-20,0.0,0.0,0.0,0.0,-23.125769197940826,0.0,0.0,0.0,0.0,0.0,0.0,0.0,0.0,0.0,0.0,0.0,0.0,0.0,0.0,0.0,-9.71347838640213,0.0,0.0,0.0,0.0,0.0,0.0,17.303362615992295,100.0,0.0,a2c
2024-08-21,0.0,0.0,0.0,0.0,-23.125769197940826,0.0,0.0,0.0,0.0,0.0,0.0,0.0,0.0,0.0,0.0,0.0,0.0,0.0,0.0,0.0,-9.71347838640213,0.0,0.0,0.0,0.0,0.0,0.0,16.625564675580495,100.0,0.0,a2c
2024-08-22,0.0,0.0,0.0,0.0,-11.044174432754517,0.0,0.0,0.0,0.0,0.0,0.0,0.0,0.0,0.0,0.0,0.0,0.0,0.0,0.0,0.0,-11.263053864240646,0.0,23.061942720193585,0.0,0.0,0.0,0.0,0.0,100.0,0.0,a2c
2024-08-23,0.0,0.0,0.0,0.0,-11.044174432754517,0.0,0.0,0.0,0.0,0.0,0.0,0.0,0.0,0.0,0.0,0.0,0.0,0.0,0.0,0.0,-11.263053864240646,0.0,23.24753500099656,0.0,0.0,0.0,0.0,0.0,100.0,0.0,a2c
2024-08-26,0.0,0.0,0.0,0.0,-11.044174432754517,0.0,0.0,0.0,0.0,0.0,0.0,0.0,0.0,0.0,0.0,0.0,0.0,0.0,0.0,0.0,-11.263053864240646,0.0,0.0,0.0,0.0,0.0,0.0,10.922064644775235,100.0,0.0,a2c
2024-08-27,0.0,0.0,0.0,0.0,-11.044174432754517,0.0,0.0,0.0,0.0,0.0,0.0,0.0,0.0,0.0,0.0,0.0,0.0,0.0,0.0,0.0,-11.263053864240646,0.0,0.0,0.0,0.0,0.0,0.0,10.59621655549678,100.0,0.0,a2c
2024-08-28,0.0,0.0,0.0,0.0,-11.044174432754517,0.0,0.0,0.0,0.0,0.0,0.0,0.0,0.0,0.0,0.0,0.0,0.0,0.0,0.0,0.0,-11.263053864240646,0.0,0.0,0.0,0.0,0.0,0.0,10.508145571320872,100.0,0.0,a2c
2024-08-29,0.0,0.0,0.0,0.0,-11.044174432754517,0.0,0.0,0.0,0.0,0.0,0.0,0.0,0.0,0.0,0.0,0.0,0.0,0.0,0.0,0.0,-11.263053864240646,0.0,0.0,0.0,0.0,0.0,0.0,10.321870912402174,100.0,0.0,a2c
2024-08-30,0.0,0.0,0.0,0.0,-11.044174432754517,0.0,0.0,0.0,0.0,0.0,0.0,0.0,0.0,0.0,0.0,0.0,0.0,0.0,0.0,0.0,-11.263053864240646,0.0,0.0,0.0,0.0,0.0,0.0,10.374434989881179,100.0,0.0,a2c
2024-09-03,0.0,0.0,0.0,0.0,-11.044174432754517,0.0,0.0,0.0,0.0,0.0,0.0,0.0,0.0,0.0,0.0,0.0,0.0,0.0,0.0,0.0,-11.263053864240646,0.0,23.65680441712367,0.0,0.0,0.0,0.0,0.0,100.0,0.0,a2c
2024-09-04,0.0,0.0,0.0,0.0,-11.044174432754517,0.0,0.0,0.0,0.0,0.0,0.0,0.0,0.0,0.0,0.0,0.0,0.0,0.0,0.0,0.0,-11.263053864240646,0.0,23.1056683609509,0.0,0.0,0.0,0.0,0.0,100.0,0.0,a2c
2024-09-05,0.0,0.0,0.0,0.0,-11.044174432754517,0.0,0.0,0.0,0.0,0.0,0.0,0.0,0.0,0.0,0.0,0.0,0.0,0.0,3.9269023419786743e-31,0.0,-11.263053864240646,0.0,4.279372344133757e-15,0.0,0.0,0.0,0.0,9.542821603441247,100.0,0.0,a2c
2024-09-06,0.0,0.0,0.0,0.0,-11.044174432754517,0.0,0.0,0.0,0.0,0.0,0.0,0.0,0.0,0.0,0.0,0.0,0.0,0.0,0.0,0.0,-11.263053864240646,0.0,4.239456193964704e-15,0.0,0.0,0.0,0.0,9.59852410703418,100.0,0.0,a2c
2024-09-09,0.0,0.0,0.0,0.0,-11.044174432754517,0.0,0.0,0.0,0.0,0.0,0.0,0.0,0.0,0.0,0.0,0.0,0.0,0.0,0.0,0.0,-11.263053864240646,0.0,0.0,0.0,0.0,0.0,0.0,9.17386767029181,100.0,0.0,a2c
2024-09-10,0.0,0.0,0.0,0.0,-11.044174432754517,0.0,0.0,0.0,0.0,0.0,0.0,0.0,0.0,0.0,0.0,0.0,0.0,0.0,0.0,0.0,-11.263053864240646,0.0,4.2689215842260806e-15,0.0,0.0,0.0,0.0,8.838716914629638,100.0,0.0,a2c
2024-09-11,0.0,0.0,0.0,0.0,-11.044174432754517,0.0,0.0,0.0,0.0,0.0,0.0,0.0,0.0,0.0,0.0,0.0,0.0,0.0,0.0,0.0,-3.804648317637657,0.0,0.0,0.0,0.0,0.0,0.0,0.0,85.23192681826409,0.0,a2c
2024-09-12,0.0,0.0,0.0,0.0,-11.044174432754517,0.0,0.0,0.0,0.0,0.0,0.0,0.0,0.0,0.0,0.0,0.0,0.0,0.0,0.0,0.0,0.0,0.0,0.0,0.0,0.0,0.0,0.0,0.0,45.509609974678355,0.0,a2c
2024-09-13,0.0,0.0,0.0,0.0,-11.044174432754517,0.0,0.0,0.0,0.0,0.0,0.0,0.0,0.0,0.0,0.0,0.0,0.0,0.0,0.0,0.0,0.0,0.0,0.0,0.0,0.0,0.0,0.0,0.0,45.85299998899642,0.0,a2c
2024-09-16,0.0,0.0,0.0,0.0,-11.044174432754517,0.0,0.0,0.0,0.0,0.0,0.0,0.0,0.0,0.0,0.0,0.0,0.0,0.0,0.0,0.0,0.0,0.0,0.0,0.0,0.0,0.0,0.0,0.0,43.59620745189976,0.0,a2c
2024-09-17,0.0,0.0,0.0,0.0,-11.044174432754517,0.0,0.0,0.0,0.0,0.0,0.0,0.0,0.0,0.0,0.0,0.0,0.0,0.0,0.0,0.0,0.0,0.0,1.9458520293431485e-15,0.0,0.0,0.0,0.0,5.980136469593208,0.0,0.0,a2c
2024-09-18,0.0,0.0,0.0,0.0,-11.044174432754517,0.0,0.0,0.0,0.0,0.0,0.0,0.0,0.0,0.0,0.0,0.0,0.0,0.0,0.0,0.0,0.0,0.0,0.0,0.0,0.0,0.0,0.0,0.0,43.83585360436658,0.0,a2c
2024-09-19,0.0,0.0,0.0,0.0,-11.044175922870636,0.0,0.0,0.0,0.0,0.0,0.0,0.0,0.0,0.0,0.0,0.0,0.0,0.0,0.0,0.0,0.0,0.0,0.0,0.0,0.0,0.0,0.0,0.0,43.67523488241917,0.0,a2c
2024-09-20,0.0,0.0,0.0,0.0,-3.4291882067918777,0.0,0.0,0.0,0.0,0.0,0.0,0.0,0.0,0.0,0.0,0.0,0.0,0.0,0.0,0.0,0.0,0.0,0.0,0.0,0.0,0.0,0.0,0.0,13.497130838833629,0.0,a2c
2024-09-23,0.0,0.0,0.0,0.0,-3.4291882067918777,0.0,0.0,0.0,0.0,0.0,0.0,0.0,0.0,0.0,0.0,0.0,0.0,0.0,0.0,0.0,0.0,0.0,0.0,0.0,0.0,0.0,0.0,0.0,13.265884808887943,0.0,a2c
2024-09-24,0.0,0.0,0.0,0.0,-3.4291882067918777,0.0,0.0,0.0,0.0,0.0,0.0,0.0,0.0,0.0,0.0,0.0,0.0,0.0,0.0,0.0,0.0,0.0,0.0,0.0,0.0,0.0,0.0,0.0,13.54776758947337,0.0,a2c
2024-09-25,0.0,0.0,0.0,0.0,-3.4291882067918777,0.0,0.0,0.0,0.0,0.0,0.0,0.0,0.0,0.0,0.0,0.0,0.0,0.0,0.0,0.0,0.0,0.0,0.0,0.0,0.0,0.0,0.0,0.0,13.384332762680957,0.0,a2c
2024-09-26,0.0,0.0,0.0,0.0,-3.4913260489702225,0.0,0.0,0.0,0.0,0.0,0.0,0.0,0.0,0.0,0.0,0.0,0.0,0.0,0.0,0.0,0.0,0.0,4.295993555669659,0.0,0.0,0.0,0.0,0.0,0.0,0.0,a2c
2024-09-27,0.0,0.0,0.0,0.0,-2.886207029223442,0.0,0.0,0.0,0.0,0.0,0.0,0.0,0.0,0.0,0.0,0.0,0.0,0.0,0.0,0.0,0.0,0.0,1.0169434423665587e-31,0.0,0.0,0.0,0.0,2.117703038665466e-16,11.186135127445977,0.0,a2c
2024-09-30,0.0,0.0,0.0,0.0,0.0,0.0,0.0,0.0,0.0,0.0,0.0,0.0,0.0,0.0,0.0,0.0,0.0,0.0,0.0,0.0,0.0,0.0,0.0,0.0,0.0,0.0,0.0,0.0,0.0,0.0,a2c
2024-10-01,0.0,0.0,0.0,0.0,0.0,0.0,0.0,0.0,0.0,0.0,0.0,0.0,0.0,0.0,0.0,0.0,0.0,0.0,0.0,0.0,0.0,0.0,0.0,0.0,0.0,0.0,0.0,0.0,0.0,0.0,a2c
2024-10-02,0.0,0.0,0.0,0.0,0.0,0.0,0.0,0.0,0.0,0.0,0.0,0.0,0.0,0.0,0.0,0.0,0.0,0.0,0.0,0.0,0.0,0.0,0.0,0.0,0.0,0.0,0.0,0.0,0.0,0.0,a2c
2024-10-03,0.0,0.0,0.0,0.0,0.0,0.0,0.0,0.0,0.0,0.0,0.0,0.0,0.0,0.0,0.0,0.0,0.0,0.0,0.0,0.0,0.0,0.0,0.0,0.0,0.0,0.0,0.0,0.0,0.0,0.0,a2c
2024-10-07,0.0,0.0,0.0,0.0,0.0,0.0,0.0,-5.731290951371193,0.0,0.0,0.0,0.0,0.0,0.0,0.0,11.21444008328328,0.0,0.0,0.0,-14.606605470180511,0.0,-1.1031889356672764,-7.018595933914185,30.7565838098526,0.0,0.0,0.0,-16.378171741962433,0.0,0.0,ppo
2024-10-08,0.0,0.0,29.56268433886689,0.0,0.0,0.0,0.0,-0.4595597740262747,0.0,0.0,0.0,0.0,0.0,0.0,0.0,0.0,0.0,0.0,0.0,-0.8023977279663086,0.0,0.0,-4.469176754355431,0.0,0.0,0.0,0.0,-17.315547168254852,0.0,0.0,ppo
2024-10-09,0.0,0.0,29.455295205116272,0.0,0.0,0.0,0.0,-3.621051087975502,0.0,-1.1246777139604092,0.0,0.0,0.0,0.0,0.0,0.0,0.0,0.0,0.0,0.0,0.0,-7.875128835439682,-6.948505342006683,18.624462293109683,0.0,0.0,0.0,-24.18942004442215,0.0,0.0,ppo
2024-10-10,0.0,0.0,14.456320473755614,0.0,0.0,0.0,0.0,-1.4585452154278755,0.0,0.0,0.0,0.0,0.0,0.0,0.0,0.0,0.0,0.0,0.0,0.0,1.1009605617656408e-15,-5.88681623339653,-10.150832682847977,31.138327717781067,0.0,0.0,0.0,-21.342845261096954,0.0,0.0,ppo
2024-10-11,0.0,0.0,13.217734031471434,0.0,0.0,0.0,0.0,-1.4585426077246666,0.0,0.0,0.0,0.0,0.0,0.0,0.0,0.0,0.0,0.0,0.0,0.0,0.0,-2.720784302800894,-10.150832682847977,31.138333678245544,0.0,0.0,0.0,-21.342839300632477,0.0,0.0,ppo
2024-10-14,0.0,0.0,11.634767464269446,0.0,0.0,0.0,0.0,-1.4585426077246666,0.0,0.0,0.0,0.0,0.0,0.0,0.0,0.0,0.0,0.0,0.0,0.0,0.0,0.0,-10.150832682847977,31.138333678245544,0.0,0.0,0.0,-21.342839300632477,0.0,0.0,ppo
2024-10-15,0.0,0.0,11.984202836780605,0.0,0.0,0.0,0.0,-1.4585426077246666,0.0,0.0,0.0,0.0,0.0,0.0,0.0,0.0,0.0,0.0,0.0,0.0,0.0,0.0,-10.150832682847977,31.138333678245544,0.0,0.0,0.0,-21.342839300632477,0.0,0.0,ppo
2024-10-16,0.0,0.0,0.0,0.0,0.0,0.0,0.0,0.0,0.0,0.0,0.0,0.0,0.0,0.0,0.0,0.0,0.0,0.0,0.0,0.0,3.592076658122161,0.0,-11.168660968542099,27.09529995918274,0.0,0.0,0.0,-16.39265865087509,0.0,0.0,ppo
2024-10-17,0.0,0.0,0.0,0.0,0.0,0.0,0.0,-1.4585426077246666,0.0,0.0,0.0,0.0,0.0,0.0,0.0,0.0,0.0,0.0,0.0,0.0,5.772649331149506,0.0,-10.150832682847977,31.138333678245544,0.0,0.0,0.0,-21.342839300632477,0.0,0.0,ppo
2024-10-18,0.0,0.0,0.0,0.0,0.0,0.0,0.0,-5.7313792407512665,0.0,0.0,0.0,0.0,0.0,0.0,0.0,4.119484826137599,0.0,0.0,0.0,0.0,0.0,0.0,-7.01851025223732,30.756530165672302,0.0,0.0,0.0,-16.378018260002136,0.0,0.0,ppo
2024-10-21,0.0,0.0,30.62464595955256,0.0,0.0,0.0,0.0,-5.084598064422607,0.0,0.0,0.0,0.0,0.0,0.0,0.0,0.0,0.0,0.0,0.0,0.0,0.0,0.0,-6.640862673521042,0.0,0.0,0.0,0.0,-16.0542294383049,0.0,0.0,ppo
2024-10-22,0.0,0.0,21.8508888242753,0.0,0.0,0.0,0.0,0.0,0.0,0.0,0.0,0.0,0.0,0.0,0.0,4.663806700330633e-31,0.0,0.0,0.0,0.0,0.0,0.0,-2.642812952399254,5.581484824865205e-15,0.0,0.0,0.0,-13.280738890171051,0.0,0.0,ppo
2024-10-23,0.0,0.0,0.0,0.0,0.0,0.0,0.0,0.0,0.0,0.0,0.0,0.0,0.0,0.0,0.0,0.0,0.0,0.0,0.0,0.0,0.0,0.0,-3.1937096267938614,30.483470597602306,0.0,0.0,0.0,-16.075409948825836,0.0,0.0,ppo
2024-10-24,0.0,0.0,22.08859400923266,0.0,0.0,0.0,0.0,0.0,0.0,0.0,0.0,0.0,0.0,0.0,0.0,0.0,0.0,0.0,0.0,0.0,0.0,0.0,-2.642812952399254,2.7900838806993578e-15,0.0,0.0,0.0,-13.280738890171051,0.0,0.0,ppo
2024-10-25,0.0,0.0,13.181226236431476,0.0,0.0,0.0,0.0,-0.44772825203835964,0.0,0.0,0.0,0.0,0.0,0.0,0.0,0.0,0.0,0.0,0.0,0.0,0.0,0.0,-1.4001036994159222,0.0,0.0,0.0,0.0,-8.016833662986755,0.0,0.0,ppo
2024-10-28,0.0,0.0,13.024305855233896,0.0,0.0,0.0,0.0,-0.4475635942071676,0.0,0.0,0.0,0.0,0.0,0.0,0.0,0.0,0.0,0.0,0.0,0.0,0.0,0.0,-1.3999859802424908,0.0,0.0,0.0,0.0,-8.016641438007355,0.0,0.0,ppo
2024-10-29,0.0,0.0,0.0,0.0,0.0,0.0,0.0,-4.849616065621376,0.0,0.0,0.0,0.0,0.0,0.0,0.0,0.0,0.0,4.882977394005331e-48,26.889899373054504,0.0,2.990378288213056e-32,0.0,-3.6579784005880356,5.506555269327543,0.0,0.0,2.0827384713794443e-16,-12.608161568641663,0.0,0.0,ppo
2024-10-30,0.0,0.0,22.40767980027723,0.0,0.0,0.0,0.0,-4.849616065621376,0.0,0.0,0.0,0.0,0.0,0.0,0.0,0.0,0.0,0.0,0.0,0.0,0.0,0.0,-3.6579784005880356,0.0,0.0,0.0,0.0,-12.608161568641663,0.0,0.0,ppo
2024-10-31,0.0,0.0,21.06057527411132,0.0,0.0,0.0,0.0,-4.048066958785057,0.0,0.0,0.0,0.0,0.0,0.0,0.0,2.0871949211306607e-15,0.0,0.0,0.0,0.0,0.0,0.0,-3.357357904314995,0.0,0.0,0.0,0.0,-11.811067163944244,0.0,0.0,ppo
2024-11-01,0.0,0.0,23.282233868766117,0.0,0.0,0.0,0.0,-4.849616065621376,0.0,0.0,0.0,0.0,0.0,0.0,0.0,0.0,0.0,0.0,0.0,0.0,0.0,0.0,-3.6579784005880356,0.0,0.0,0.0,0.0,-12.608161568641663,0.0,0.0,ppo
2024-11-04,0.0,0.0,22.04770889064242,0.0,0.0,0.0,0.0,-4.849616065621376,0.0,0.0,0.0,0.0,0.0,0.0,0.0,0.0,0.0,0.0,0.0,0.0,0.0,0.0,-3.6579784005880356,0.0,0.0,0.0,0.0,-12.608161568641663,0.0,0.0,ppo
2024-11-05,0.0,0.0,0.0,0.0,0.0,0.0,0.0,-4.849616065621376,0.0,0.0,0.0,0.0,0.0,0.0,0.0,20.554825004298774,0.0,0.0,0.0,0.0,0.0,0.0,-3.6579784005880356,0.0,0.0,0.0,0.0,-12.608161568641663,0.0,0.0,ppo
2024-11-06,0.0,0.0,22.130878379294238,0.0,0.0,0.0,0.0,-4.849616065621376,0.0,0.0,0.0,0.0,0.0,0.0,0.0,0.0,0.0,0.0,0.0,0.0,0.0,0.0,-3.6579784005880356,0.0,0.0,0.0,0.0,-12.608161568641663,0.0,0.0,ppo
2024-11-07,0.0,0.0,15.467369684719632,0.0,0.0,0.0,0.0,-1.4585426077246666,0.0,0.0,0.0,0.0,0.0,0.0,0.0,0.0,0.0,0.0,0.0,0.0,0.0,0.0,-10.150832682847977,31.138333678245544,0.0,0.0,0.0,-21.342839300632477,0.0,0.0,ppo
2024-11-08,0.0,0.0,14.9123990817771,0.0,0.0,0.0,0.0,-1.458541862666607,0.0,0.0,0.0,0.0,0.0,0.0,0.0,0.0,0.0,0.0,0.0,0.0,0.0,0.0,-10.150832682847977,31.138333678245544,0.0,0.0,0.0,-21.342839300632477,0.0,0.0,ppo
2024-11-11,0.0,0.0,0.0,0.0,0.0,0.0,0.0,0.0,0.0,0.0,0.0,0.0,0.0,0.0,0.0,0.0,0.0,0.0,0.0,0.0,0.43313972193544786,0.0,-3.194070979952812,32.0720911026001,0.0,0.0,0.0,-16.075700521469116,0.0,0.0,ppo
2024-11-12,0.0,0.0,0.0,0.0,0.0,0.0,0.0,0.0,0.0,0.0,0.0,0.0,0.0,0.0,0.0,0.0,0.0,0.0,0.0,0.0,0.6662935911137287,0.0,-3.199129179120064,32.07221031188965,0.0,0.0,0.0,-16.079626977443695,0.0,0.0,ppo
2024-11-13,0.0,0.0,15.088486366953383,0.0,0.0,0.0,0.0,-1.4585426077246666,0.0,0.0,0.0,0.0,0.0,0.0,0.0,0.0,0.0,0.0,0.0,0.0,0.0,0.0,-10.150832682847977,31.138333678245544,0.0,0.0,0.0,-21.342839300632477,0.0,0.0,ppo
2024-11-14,0.0,0.0,37.55229711532593,0.0,0.0,0.0,0.0,-3.9019085466861725,0.0,-1.750481128692627,0.0,0.0,0.0,0.0,0.0,0.0,0.0,0.0,0.0,0.0,0.0,0.0,-10.451055318117142,1.8246636719853928,0.0,0.0,0.0,-20.98037749528885,0.0,0.0,ppo
2024-11-15,0.0,0.0,36.207965149131745,0.0,0.0,0.0,0.0,-1.9673045724630356,0.0,-0.6978056393563747,0.0,0.0,0.0,0.0,0.0,0.0,0.0,0.0,7.843715551755185e-31,0.0,0.0,0.0,-9.392099827528,5.663662761069725e-15,0.0,0.0,1.9571021440225686e-47,-20.044592022895813,0.0,0.0,ppo
2024-11-18,0.0,0.0,37.55230009555817,0.0,0.0,0.0,0.0,-3.901909664273262,0.0,-1.7504841089248657,0.0,0.0,0.0,0.0,0.0,0.0,0.0,0.0,0.0,0.0,0.0,0.0,-10.451054573059082,4.2798968741344385,0.0,0.0,0.0,-20.98037749528885,0.0,0.0,ppo
2024-11-19,0.0,0.0,37.55230009555817,0.0,0.0,0.0,0.0,-3.9019107818603516,0.0,-1.7504818737506866,0.0,0.0,0.0,0.0,0.0,0.0,0.0,0.0,0.0,0.0,0.0,0.0,-10.451051592826843,4.640282517157908,0.0,0.0,0.0,-20.98037749528885,0.0,0.0,ppo
2024-11-20,0.0,0.0,14.816826155710643,0.0,0.0,0.0,0.0,-1.4586260542273521,0.0,0.0,0.0,0.0,0.0,0.0,0.0,0.0,0.0,0.0,0.0,0.0,0.0,0.0,-10.15026792883873,31.137573719024658,0.0,0.0,0.0,-21.342219412326813,0.0,0.0,ppo
2024-11-21,0.0,0.0,14.39971820007589,0.0,0.0,0.0,0.0,-1.45366620272398,0.0,0.0,0.0,0.0,0.0,0.0,0.0,0.0,0.0,0.0,0.0,0.0,0.0,0.0,-10.147292166948318,31.139785051345825,0.0,0.0,0.0,-21.339882910251617,0.0,0.0,ppo
2024-11-22,0.0,0.0,14.762447654974594,0.0,0.0,0.0,0.0,-1.4585426077246666,0.0,0.0,0.0,0.0,0.0,0.0,0.0,0.0,0.0,0.0,0.0,0.0,0.0,0.0,-10.150832682847977,31.138333678245544,0.0,0.0,0.0,-21.342839300632477,0.0,0.0,ppo
2024-11-25,0.0,0.0,14.088113395805465,0.0,0.0,0.0,0.0,-1.4585426077246666,0.0,0.0,0.0,0.0,0.0,0.0,0.0,0.0,0.0,0.0,0.0,0.0,0.0,0.0,-10.150832682847977,31.138333678245544,0.0,0.0,0.0,-21.342839300632477,0.0,0.0,ppo
2024-11-26,0.0,0.0,0.0,0.0,0.0,0.0,0.0,0.0,0.0,0.0,0.0,0.0,0.0,0.0,0.0,0.0,0.0,0.0,7.921959569260186e-31,0.0,2.1905434339656614e-15,0.0,-3.1937304884195328,31.71606550407374,0.0,0.0,0.0,-16.075441241264343,0.0,0.0,ppo
2024-11-27,0.0,0.0,0.0,0.0,0.0,0.0,0.0,-0.16512698493897915,0.0,-1.7830923199653625,0.0,0.0,0.0,0.0,0.0,0.0,0.0,-4.882977394005331e-48,0.0,0.0,0.0,0.0,-10.095001012086868,30.78806263269535,0.0,0.0,0.0,-12.056086957454681,0.0,0.0,ppo
2024-11-29,0.0,0.0,0.0,0.0,0.0,0.0,0.0,-0.2144088502973318,0.0,-1.8386930227279663,0.0,0.0,0.0,0.0,0.0,0.0,0.0,0.0,0.0,0.0,0.0,0.0,-10.140513628721237,30.94246358289967,0.0,0.0,0.0,-12.025853991508484,0.0,0.0,ppo
2024-12-02,0.0,0.0,0.0,0.0,0.0,0.0,0.0,0.0,0.0,0.0,0.0,0.0,0.0,0.0,0.0,0.0,0.0,0.0,0.0,0.0,0.0,0.0,-3.273693099617958,31.567436731592547,0.0,0.0,0.0,-16.02156311273575,0.0,0.0,ppo
2024-12-03,0.0,0.0,0.0,0.0,0.0,0.0,0.0,0.0,0.0,0.0,0.0,0.0,0.0,0.0,0.0,0.0,0.0,0.0,0.0,0.0,0.0,0.0,-3.1937237828969955,31.674672304285895,0.0,0.0,0.0,-16.075433790683746,0.0,0.0,ppo
2024-12-04,0.0,0.0,0.0,0.0,0.0,0.0,0.0,0.0,0.0,0.0,0.0,0.0,0.0,0.0,0.0,0.0,0.0,0.0,0.0,0.0,0.02500248498089752,0.0,-3.1937237828969955,32.07207918167114,0.0,0.0,0.0,-16.075433790683746,0.0,0.0,ppo
2024-12-05,0.0,0.0,0.0,0.0,0.0,0.0,0.0,0.0,0.0,0.0,0.0,0.0,0.0,0.0,0.0,0.0,0.0,0.0,0.0,0.0,0.0,0.0,-3.1937237828969955,31.991389647211232,0.0,0.0,0.0,-16.075433790683746,0.0,0.0,ppo
2024-12-06,0.0,0.0,0.0,0.0,0.0,0.0,0.0,0.0,0.0,0.0,0.0,0.0,0.0,0.0,0.0,0.0,0.0,0.0,0.0,0.0,2.072607868389287e-15,0.0,-3.1937237828969955,31.74590728524338,0.0,0.0,0.0,-16.075433790683746,0.0,0.0,ppo
2024-12-09,0.0,0.0,0.0,0.0,0.0,0.0,0.0,0.0,0.0,0.0,0.0,0.0,0.0,0.0,0.0,0.0,0.0,0.0,0.0,0.0,0.08011680955844086,0.0,-3.1937237828969955,32.07207918167114,0.0,0.0,0.0,-16.075433790683746,0.0,0.0,ppo
2024-12-10,0.0,0.0,0.0,0.0,0.0,0.0,0.0,0.0,0.0,0.0,0.0,0.0,0.0,0.0,0.0,0.0,0.0,0.0,1.1049961619743274e-16,0.0,0.1673901597096157,0.0,-3.1937237828969955,32.07207918167114,0.0,0.0,0.0,-16.075433790683746,0.0,0.0,ppo
2024-12-11,0.0,0.0,0.0,0.0,0.0,0.0,0.0,0.0,0.0,0.0,0.0,0.0,0.0,0.0,0.0,0.343328456724934,0.0,0.0,0.0,0.0,0.0,0.0,-3.1937237828969955,32.07207918167114,0.0,0.0,0.0,-16.075433790683746,0.0,0.0,ppo
2024-12-12,0.0,0.0,0.0,0.0,0.0,0.0,0.0,0.0,0.0,0.0,0.0,0.0,0.0,0.0,0.0,0.0,0.0,0.0,0.0,0.0,0.3768066046307866,0.0,-3.1937237828969955,32.07207918167114,0.0,0.0,0.0,-16.075433790683746,0.0,0.0,ppo
2024-12-13,0.0,0.0,0.0,0.0,0.0,0.0,0.0,0.0,0.0,0.0,0.0,0.0,0.0,0.0,0.0,0.0,0.0,0.0,0.0,0.0,0.36269231586485534,0.0,-3.1937237828969955,32.07207918167114,0.0,0.0,0.0,-16.075433790683746,0.0,0.0,ppo
2024-12-16,0.0,0.0,0.0,0.0,0.0,0.0,0.0,0.0,0.0,0.0,0.0,0.0,0.0,0.0,0.0,0.0,0.0,0.0,0.0,0.0,0.3459895595347257,0.0,-3.1937237828969955,32.07207918167114,0.0,0.0,0.0,-16.075433790683746,0.0,0.0,ppo
2024-12-17,0.0,0.0,0.0,0.0,0.0,0.0,0.0,0.0,0.0,0.0,0.0,0.0,0.0,0.0,0.0,0.0,0.0,0.0,0.0,0.0,0.3619343831043493,0.0,-3.1937237828969955,32.07207918167114,0.0,0.0,0.0,-16.075433790683746,0.0,0.0,ppo
2024-12-18,0.0,0.0,0.0,0.0,0.0,0.0,0.0,0.0,0.0,0.0,0.0,0.0,0.0,0.0,0.0,0.0,0.0,0.0,0.0,0.0,0.4778418441987273,0.0,-3.1841982156038284,32.053959369659424,0.0,0.0,0.0,-16.054512560367584,0.0,0.0,ppo
2024-12-19,0.0,0.0,0.0,0.0,0.0,0.0,0.0,0.0,0.0,0.0,0.0,0.0,0.0,0.0,0.0,0.0,0.0,0.0,29.915902018547058,0.0,0.0,0.0,0.0,8.067706343434798,0.0,0.0,0.0,-16.286517679691315,0.0,0.0,ppo
2024-12-20,0.0,0.0,22.707761794253102,0.0,0.0,0.0,0.0,0.0,0.0,0.0,0.0,0.0,0.0,0.0,0.0,0.0,0.0,0.0,0.0,0.0,0.0,0.0,0.0,0.0,0.0,0.0,0.0,-16.316795349121094,0.0,0.0,ppo
2024-12-23,0.0,0.0,22.74580614416993,0.0,0.0,0.0,0.0,0.0,0.0,0.0,0.0,0.0,0.0,0.0,0.0,0.0,0.0,0.0,0.0,0.0,0.0,0.0,0.0,0.0,0.0,0.0,0.0,-16.316795349121094,0.0,0.0,ppo
2024-12-24,0.0,0.0,22.696599086002827,0.0,0.0,0.0,0.0,0.0,0.0,0.0,0.0,0.0,0.0,0.0,0.0,0.0,0.0,0.0,0.0,0.0,0.0,0.0,0.0,0.0,0.0,0.0,0.0,-16.316795349121094,0.0,0.0,ppo
2024-12-26,0.0,0.0,22.542363893886257,0.0,0.0,0.0,0.0,0.0,0.0,0.0,0.0,0.0,0.0,0.0,0.0,0.0,0.0,0.0,0.0,0.0,0.0,0.0,0.0,0.0,0.0,0.0,0.0,-16.316795349121094,0.0,0.0,ppo
2024-12-27,0.0,0.0,22.759371451859444,0.0,0.0,0.0,0.0,0.0,0.0,0.0,0.0,0.0,0.0,0.0,0.0,4.2774906955984375e-31,0.0,0.0,7.0886879961927356e-15,0.0,2.5809850428577666e-47,0.0,0.0,0.0,0.0,0.0,0.0,-16.316795349121094,0.0,0.0,ppo
2024-12-30,0.0,0.0,22.933114711163217,0.0,0.0,0.0,0.0,0.0,0.0,0.0,0.0,0.0,0.0,0.0,0.0,0.0,0.0,0.0,0.0,0.0,0.0,0.0,0.0,0.0,0.0,0.0,0.0,-16.316795349121094,0.0,0.0,ppo
2024-12-31,0.0,0.0,22.94324657939049,0.0,0.0,0.0,0.0,0.0,0.0,0.0,0.0,0.0,0.0,0.0,0.0,0.0,0.0,0.0,0.0,0.0,0.0,0.0,0.0,0.0,0.0,0.0,0.0,-16.316795349121094,0.0,0.0,ppo
2025-01-02,0.0,0.0,23.19657232859345,0.0,0.0,0.0,0.0,0.0,0.0,0.0,0.0,0.0,0.0,0.0,0.0,0.0,0.0,0.0,0.0,0.0,0.0,0.0,0.0,0.0,0.0,0.0,0.0,-16.316795349121094,0.0,0.0,ppo
2025-01-03,0.0,0.0,22.989221348211867,0.0,0.0,0.0,0.0,0.0,0.0,0.0,0.0,0.0,0.0,0.0,0.0,0.0,0.0,0.0,0.0,0.0,0.0,0.0,0.0,0.0,0.0,0.0,0.0,-16.316795349121094,0.0,0.0,ppo
2025-01-07,0.0,0.0,0.0,0.0,0.0,-3.896738010609739e-63,0.0,-100.0,0.0,-74.6725082397461,0.0,0.0,0.0,0.0,0.0,59.11426015841452,0.0,0.0,0.0,0.0,0.0,0.0,0.0,0.0,0.0,0.0,0.0,0.0,0.0,0.0,a2c
2025-01-08,0.0,0.0,0.0,0.0,0.0,0.0,0.0,-100.0,0.0,-77.91356444358826,0.0,0.0,0.0,0.0,0.0,60.224561521785226,0.0,0.0,0.0,0.0,0.0,0.0,0.0,0.0,0.0,0.0,3.648805840022999e-15,0.0,0.0,0.0,a2c
2025-01-10,0.0,0.0,0.0,0.0,0.0,0.0,0.0,-100.0,0.0,-77.91356444358826,0.0,0.0,0.0,0.0,0.0,59.81598513415993,0.0,0.0,0.0,0.0,0.0,0.0,0.0,0.0,0.0,0.0,0.0,0.0,0.0,0.0,a2c
2025-01-13,0.0,0.0,0.0,0.0,0.0,0.0,0.0,-100.0,0.0,-77.91356444358826,0.0,0.0,0.0,0.0,0.0,0.0,0.0,0.0,0.0,0.0,0.0,0.0,0.0,0.0,0.0,0.0,27.859602003577628,0.0,0.0,0.0,a2c
2025-01-14,0.0,0.0,0.0,0.0,0.0,0.0,0.0,-100.0,0.0,-77.91356444358826,0.0,0.0,0.0,0.0,0.0,0.0,0.0,0.0,1.3817147243789439e-14,0.0,0.0,0.0,0.0,0.0,0.0,0.0,26.726822630430625,0.0,0.0,0.0,a2c
2025-01-15,0.0,0.0,0.0,0.0,0.0,0.0,0.0,-49.209978388718696,0.0,-77.91356444358826,0.0,0.0,0.0,0.0,0.0,46.19263293300924,0.0,0.0,0.0,0.0,0.0,0.0,0.0,0.0,0.0,0.0,0.0,0.0,0.0,0.0,a2c
2025-01-16,0.0,0.0,0.0,0.0,0.0,0.0,0.0,0.0,0.0,-77.91356444358826,0.0,0.0,0.0,0.0,0.0,33.817655256985205,0.0,0.0,0.0,0.0,0.0,0.0,0.0,0.0,0.0,0.0,0.0,0.0,0.0,0.0,a2c
2025-01-17,0.0,0.0,0.0,0.0,0.0,0.0,0.0,0.0,0.0,-61.02937931622046,0.0,0.0,0.0,0.0,0.0,0.0,0.0,0.0,0.0,0.0,0.0,0.0,0.0,0.0,18.309622530631767,0.0,0.0,0.0,0.0,0.0,a2c
2025-01-21,0.0,0.0,0.0,0.0,0.0,0.0,0.0,0.0,0.0,0.0,0.0,0.0,0.0,0.0,0.0,0.0,0.0,0.0,0.0,0.0,0.0,0.0,0.0,0.0,0.0,0.0,0.0,0.0,0.0,0.0,a2c
2025-01-22,0.0,0.0,0.0,0.0,0.0,0.0,0.0,0.0,0.0,0.0,0.0,0.0,0.0,0.0,0.0,0.0,0.0,0.0,0.0,0.0,0.0,0.0,0.0,0.0,0.0,0.0,0.0,0.0,0.0,0.0,a2c
2025-01-23,0.0,0.0,0.0,0.0,0.0,0.0,0.0,0.0,0.0,0.0,0.0,0.0,0.0,0.0,0.0,0.0,0.0,0.0,0.0,0.0,0.0,0.0,0.0,0.0,0.0,0.0,0.0,0.0,0.0,0.0,a2c
2025-01-24,0.0,0.0,0.0,0.0,0.0,0.0,0.0,0.0,0.0,0.0,0.0,0.0,0.0,0.0,0.0,0.0,0.0,0.0,0.0,0.0,0.0,0.0,0.0,0.0,0.0,0.0,0.0,0.0,0.0,0.0,a2c
2025-01-27,0.0,0.0,0.0,0.0,0.0,0.0,0.0,0.0,0.0,0.0,0.0,0.0,0.0,0.0,0.0,0.0,0.0,0.0,0.0,0.0,0.0,0.0,0.0,0.0,0.0,0.0,0.0,0.0,0.0,0.0,a2c
2025-01-28,0.0,0.0,0.0,0.0,0.0,0.0,0.0,0.0,0.0,0.0,0.0,0.0,0.0,0.0,0.0,0.0,0.0,0.0,0.0,0.0,0.0,0.0,0.0,0.0,0.0,0.0,0.0,0.0,0.0,0.0,a2c
2025-01-29,0.0,0.0,0.0,0.0,0.0,0.0,0.0,0.0,0.0,0.0,0.0,0.0,0.0,0.0,0.0,0.0,0.0,0.0,0.0,0.0,0.0,0.0,0.0,0.0,0.0,0.0,0.0,0.0,0.0,0.0,a2c
2025-01-30,0.0,0.0,0.0,0.0,0.0,0.0,0.0,0.0,0.0,0.0,0.0,0.0,0.0,0.0,0.0,0.0,0.0,0.0,0.0,0.0,0.0,0.0,0.0,0.0,0.0,0.0,0.0,0.0,0.0,0.0,a2c
2025-01-31,0.0,0.0,0.0,0.0,0.0,0.0,0.0,0.0,0.0,0.0,0.0,0.0,0.0,0.0,0.0,0.0,0.0,0.0,0.0,0.0,0.0,0.0,0.0,0.0,0.0,0.0,0.0,0.0,0.0,0.0,a2c
2025-02-03,0.0,0.0,0.0,0.0,0.0,0.0,0.0,0.0,0.0,0.0,0.0,0.0,0.0,0.0,0.0,0.0,0.0,0.0,0.0,0.0,0.0,0.0,0.0,0.0,0.0,0.0,0.0,0.0,0.0,0.0,a2c
2025-02-04,0.0,0.0,0.0,0.0,0.0,0.0,0.0,0.0,0.0,0.0,0.0,0.0,0.0,0.0,0.0,0.0,0.0,0.0,0.0,0.0,0.0,0.0,0.0,0.0,0.0,0.0,0.0,0.0,0.0,0.0,a2c
2025-02-05,0.0,0.0,0.0,0.0,0.0,0.0,0.0,0.0,0.0,0.0,0.0,0.0,0.0,0.0,0.0,0.0,0.0,0.0,0.0,0.0,0.0,0.0,0.0,0.0,0.0,0.0,0.0,0.0,0.0,0.0,a2c
2025-02-06,0.0,0.0,0.0,0.0,0.0,0.0,0.0,0.0,0.0,0.0,0.0,0.0,0.0,0.0,0.0,0.0,0.0,0.0,0.0,0.0,0.0,0.0,0.0,0.0,0.0,0.0,0.0,0.0,0.0,0.0,a2c
2025-02-07,0.0,0.0,0.0,0.0,0.0,0.0,0.0,0.0,0.0,0.0,0.0,0.0,0.0,0.0,0.0,0.0,0.0,0.0,0.0,0.0,0.0,0.0,0.0,0.0,0.0,0.0,0.0,0.0,0.0,0.0,a2c
2025-02-10,0.0,0.0,0.0,0.0,0.0,0.0,0.0,0.0,0.0,0.0,0.0,0.0,0.0,0.0,0.0,0.0,0.0,0.0,0.0,0.0,0.0,0.0,0.0,0.0,0.0,0.0,0.0,0.0,0.0,0.0,a2c
2025-02-11,0.0,0.0,0.0,0.0,0.0,0.0,0.0,0.0,0.0,0.0,0.0,0.0,0.0,0.0,0.0,0.0,0.0,0.0,0.0,0.0,0.0,0.0,0.0,0.0,0.0,0.0,0.0,0.0,0.0,0.0,a2c
2025-02-12,0.0,0.0,0.0,0.0,0.0,0.0,0.0,0.0,0.0,0.0,0.0,0.0,0.0,0.0,0.0,0.0,0.0,0.0,0.0,0.0,0.0,0.0,0.0,0.0,0.0,0.0,0.0,0.0,0.0,0.0,a2c
2025-02-13,0.0,0.0,0.0,0.0,0.0,0.0,0.0,0.0,0.0,0.0,0.0,0.0,0.0,0.0,0.0,0.0,0.0,0.0,0.0,0.0,0.0,0.0,0.0,0.0,0.0,0.0,0.0,0.0,0.0,0.0,a2c
2025-02-14,0.0,0.0,0.0,0.0,0.0,0.0,0.0,0.0,0.0,0.0,0.0,0.0,0.0,0.0,0.0,0.0,0.0,0.0,0.0,0.0,0.0,0.0,0.0,0.0,0.0,0.0,0.0,0.0,0.0,0.0,a2c
2025-02-18,0.0,0.0,0.0,0.0,0.0,0.0,0.0,0.0,0.0,0.0,0.0,0.0,0.0,0.0,0.0,0.0,0.0,0.0,0.0,0.0,0.0,0.0,0.0,0.0,0.0,0.0,0.0,0.0,0.0,0.0,a2c
2025-02-19,0.0,0.0,0.0,0.0,0.0,0.0,0.0,0.0,0.0,0.0,0.0,0.0,0.0,0.0,0.0,0.0,0.0,0.0,0.0,0.0,0.0,0.0,0.0,0.0,0.0,0.0,0.0,0.0,0.0,0.0,a2c
2025-02-20,0.0,0.0,0.0,0.0,0.0,0.0,0.0,0.0,0.0,0.0,0.0,0.0,0.0,0.0,0.0,0.0,0.0,0.0,0.0,0.0,0.0,0.0,0.0,0.0,0.0,0.0,0.0,0.0,0.0,0.0,a2c
2025-02-21,0.0,0.0,0.0,0.0,0.0,0.0,0.0,0.0,0.0,0.0,0.0,0.0,0.0,0.0,0.0,0.0,0.0,0.0,0.0,0.0,0.0,0.0,0.0,0.0,0.0,0.0,0.0,0.0,0.0,0.0,a2c
2025-02-24,0.0,0.0,0.0,0.0,0.0,0.0,0.0,0.0,0.0,0.0,0.0,0.0,0.0,0.0,0.0,0.0,0.0,0.0,0.0,0.0,0.0,0.0,0.0,0.0,0.0,0.0,0.0,0.0,0.0,0.0,a2c
2025-02-25,0.0,0.0,0.0,0.0,0.0,0.0,0.0,0.0,0.0,0.0,0.0,0.0,0.0,0.0,0.0,0.0,0.0,0.0,0.0,0.0,0.0,0.0,0.0,0.0,0.0,0.0,0.0,0.0,0.0,0.0,a2c
2025-02-26,0.0,0.0,0.0,0.0,0.0,0.0,0.0,0.0,0.0,0.0,0.0,0.0,0.0,0.0,0.0,0.0,0.0,0.0,0.0,0.0,0.0,0.0,0.0,0.0,0.0,0.0,0.0,0.0,0.0,0.0,a2c
2025-02-27,0.0,0.0,0.0,0.0,0.0,0.0,0.0,0.0,0.0,0.0,0.0,0.0,0.0,0.0,0.0,0.0,0.0,0.0,0.0,0.0,0.0,0.0,0.0,0.0,0.0,0.0,0.0,0.0,0.0,0.0,a2c
2025-02-28,0.0,0.0,0.0,0.0,0.0,0.0,0.0,0.0,0.0,0.0,0.0,0.0,0.0,0.0,0.0,0.0,0.0,0.0,0.0,0.0,0.0,0.0,0.0,0.0,0.0,0.0,0.0,0.0,0.0,0.0,a2c
2025-03-03,0.0,0.0,0.0,0.0,0.0,0.0,0.0,0.0,0.0,0.0,0.0,0.0,0.0,0.0,0.0,0.0,0.0,0.0,0.0,0.0,0.0,0.0,0.0,0.0,0.0,0.0,0.0,0.0,0.0,0.0,a2c
2025-03-04,0.0,0.0,0.0,0.0,0.0,0.0,0.0,0.0,0.0,0.0,0.0,0.0,0.0,0.0,0.0,0.0,0.0,0.0,0.0,0.0,0.0,0.0,0.0,0.0,0.0,0.0,0.0,0.0,0.0,0.0,a2c
2025-03-05,0.0,0.0,0.0,0.0,0.0,0.0,0.0,0.0,0.0,0.0,0.0,0.0,0.0,0.0,0.0,0.0,0.0,0.0,0.0,0.0,0.0,0.0,0.0,0.0,0.0,0.0,0.0,0.0,0.0,0.0,a2c
2025-03-06,0.0,0.0,0.0,0.0,0.0,0.0,0.0,0.0,0.0,0.0,0.0,0.0,0.0,0.0,0.0,0.0,0.0,0.0,0.0,0.0,0.0,0.0,0.0,0.0,0.0,0.0,0.0,0.0,0.0,0.0,a2c
2025-03-07,0.0,0.0,0.0,0.0,0.0,0.0,0.0,0.0,0.0,0.0,0.0,0.0,0.0,0.0,0.0,0.0,0.0,0.0,0.0,0.0,0.0,0.0,0.0,0.0,0.0,0.0,0.0,0.0,0.0,0.0,a2c
2025-03-10,0.0,0.0,0.0,0.0,0.0,0.0,0.0,0.0,0.0,0.0,0.0,0.0,0.0,0.0,0.0,0.0,0.0,0.0,0.0,0.0,0.0,0.0,0.0,0.0,0.0,0.0,0.0,0.0,0.0,0.0,a2c
2025-03-11,0.0,0.0,0.0,0.0,0.0,0.0,0.0,0.0,0.0,0.0,0.0,0.0,0.0,0.0,0.0,0.0,0.0,0.0,0.0,0.0,0.0,0.0,0.0,0.0,0.0,0.0,0.0,0.0,0.0,0.0,a2c
2025-03-12,0.0,0.0,0.0,0.0,0.0,0.0,0.0,0.0,0.0,0.0,0.0,0.0,0.0,0.0,0.0,0.0,0.0,0.0,0.0,0.0,0.0,0.0,0.0,0.0,0.0,0.0,0.0,0.0,0.0,0.0,a2c
2025-03-13,0.0,0.0,0.0,0.0,0.0,0.0,0.0,0.0,0.0,0.0,0.0,0.0,0.0,0.0,0.0,0.0,0.0,0.0,0.0,0.0,0.0,0.0,0.0,0.0,0.0,0.0,0.0,0.0,0.0,0.0,a2c
2025-03-14,0.0,0.0,0.0,0.0,0.0,0.0,0.0,0.0,0.0,0.0,0.0,0.0,0.0,0.0,0.0,0.0,0.0,0.0,0.0,0.0,0.0,0.0,0.0,0.0,0.0,0.0,0.0,0.0,0.0,0.0,a2c
2025-03-17,0.0,0.0,0.0,0.0,0.0,0.0,0.0,0.0,0.0,0.0,0.0,0.0,0.0,0.0,0.0,0.0,0.0,0.0,0.0,0.0,0.0,0.0,0.0,0.0,0.0,0.0,0.0,0.0,0.0,0.0,a2c
2025-03-18,0.0,0.0,0.0,0.0,0.0,0.0,0.0,0.0,0.0,0.0,0.0,0.0,0.0,0.0,0.0,0.0,0.0,0.0,0.0,0.0,0.0,0.0,0.0,0.0,0.0,0.0,0.0,0.0,0.0,0.0,a2c
2025-03-19,0.0,0.0,0.0,0.0,0.0,0.0,0.0,0.0,0.0,0.0,0.0,0.0,0.0,0.0,0.0,0.0,0.0,0.0,0.0,0.0,0.0,0.0,0.0,0.0,0.0,0.0,0.0,0.0,0.0,0.0,a2c
2025-03-20,0.0,0.0,0.0,0.0,0.0,0.0,0.0,0.0,0.0,0.0,0.0,0.0,0.0,0.0,0.0,0.0,0.0,0.0,0.0,0.0,0.0,0.0,0.0,0.0,0.0,0.0,0.0,0.0,0.0,0.0,a2c
2025-03-21,0.0,0.0,0.0,0.0,0.0,0.0,0.0,0.0,0.0,0.0,0.0,0.0,0.0,0.0,0.0,0.0,0.0,0.0,0.0,0.0,0.0,0.0,0.0,0.0,0.0,0.0,0.0,0.0,0.0,0.0,a2c
2025-03-24,0.0,0.0,0.0,0.0,0.0,0.0,0.0,0.0,0.0,0.0,0.0,0.0,0.0,0.0,0.0,0.0,0.0,0.0,0.0,0.0,0.0,0.0,0.0,0.0,0.0,0.0,0.0,0.0,0.0,0.0,a2c
2025-03-25,0.0,0.0,0.0,0.0,0.0,0.0,0.0,0.0,0.0,0.0,0.0,0.0,0.0,0.0,0.0,0.0,0.0,0.0,0.0,0.0,0.0,0.0,0.0,0.0,0.0,0.0,0.0,0.0,0.0,0.0,a2c
2025-03-26,0.0,0.0,0.0,0.0,0.0,0.0,0.0,0.0,0.0,0.0,0.0,0.0,0.0,0.0,0.0,0.0,0.0,0.0,0.0,0.0,0.0,0.0,0.0,0.0,0.0,0.0,0.0,0.0,0.0,0.0,a2c
2025-03-27,0.0,0.0,0.0,0.0,0.0,0.0,0.0,0.0,0.0,0.0,0.0,0.0,0.0,0.0,0.0,0.0,0.0,0.0,0.0,0.0,0.0,0.0,0.0,0.0,0.0,0.0,0.0,0.0,0.0,0.0,a2c
2025-03-28,0.0,0.0,0.0,0.0,0.0,0.0,0.0,0.0,0.0,0.0,0.0,0.0,0.0,0.0,0.0,0.0,0.0,0.0,0.0,0.0,0.0,0.0,0.0,0.0,0.0,0.0,0.0,0.0,0.0,0.0,a2c
2025-03-31,0.0,0.0,0.0,0.0,0.0,0.0,0.0,0.0,0.0,0.0,0.0,0.0,0.0,0.0,0.0,0.0,0.0,0.0,0.0,0.0,0.0,0.0,0.0,0.0,0.0,0.0,0.0,0.0,0.0,0.0,a2c
2025-04-01,0.0,0.0,0.0,0.0,0.0,0.0,0.0,0.0,0.0,0.0,0.0,0.0,0.0,0.0,0.0,0.0,0.0,0.0,0.0,0.0,0.0,0.0,0.0,0.0,0.0,0.0,0.0,0.0,0.0,0.0,a2c
2025-04-02,0.0,0.0,0.0,0.0,0.0,0.0,0.0,0.0,0.0,0.0,0.0,0.0,0.0,0.0,0.0,0.0,0.0,0.0,0.0,0.0,0.0,0.0,0.0,0.0,0.0,0.0,0.0,0.0,0.0,0.0,a2c
2025-04-03,0.0,0.0,0.0,0.0,0.0,0.0,0.0,0.0,0.0,0.0,0.0,0.0,0.0,0.0,0.0,0.0,0.0,0.0,0.0,0.0,0.0,0.0,0.0,0.0,0.0,0.0,0.0,0.0,0.0,0.0,a2c
2025-04-04,0.0,0.0,0.0,0.0,0.0,0.0,0.0,0.0,0.0,0.0,0.0,0.0,0.0,0.0,0.0,0.0,0.0,0.0,0.0,0.0,0.0,0.0,0.0,0.0,0.0,0.0,0.0,0.0,0.0,0.0,a2c
2025-04-07,0.0,0.0,0.0,0.0,0.0,0.0,0.0,0.0,0.0,0.0,0.0,0.0,0.0,0.0,0.0,0.0,0.0,0.0,0.0,0.0,0.0,0.0,0.0,0.0,0.0,0.0,0.0,0.0,0.0,0.0,a2c
2025-04-09,0.0,0.0,0.0,0.0,0.0,0.0,0.0,0.0,0.0,0.0,0.0,0.0,52.66982316970825,0.0,0.0,-25.75553059577942,0.0,0.0,0.0,0.0,-12.661933463903244,0.0,0.0,-38.593921065330505,7.047709274405514,0.0,-16.50582104921341,37.20908463001251,-24.053674936294556,39.697736501693726,a2c
2025-04-10,0.0,0.0,-4.741883277893066,0.0,0.0,0.0,0.0,0.0,0.0,0.0,0.0,0.0,51.43246650695801,0.0,0.0,-20.237992703914642,0.0,0.0,0.0,0.0,0.0,0.0,0.0,-39.2081618309021,0.0,0.0,-22.658541798591614,34.889210158481866,-22.736002504825592,49.83753561973572,a2c
2025-04-11,0.0,0.0,-6.360647082328796,0.0,0.0,0.0,0.0,0.0,0.0,0.0,0.0,0.0,50.9322464466095,0.0,0.0,-18.74990612268448,0.0,0.0,0.0,0.0,0.0,0.0,0.0,-39.36372697353363,0.0,0.0,-15.42206178620323,23.571328621816157,-22.268012166023254,52.425915002822876,a2c
2025-04-14,0.0,0.0,-2.7899300679564476,0.0,0.0,0.0,0.0,0.0,0.0,0.0,0.0,0.0,28.12422389424942,0.0,0.0,-11.559057235717773,0.0,0.0,0.0,0.0,0.0,0.0,0.0,-36.81196868419647,0.0,0.0,0.0,0.0,-19.27102506160736,52.00743079185486,a2c
2025-04-15,0.0,0.0,-2.7898618951439857,0.0,0.0,0.0,0.0,0.0,0.0,0.0,0.0,0.0,27.69674304714834,0.0,0.0,-11.559000611305237,0.0,0.0,0.0,0.0,0.0,0.0,0.0,-36.811935901641846,0.0,0.0,0.0,0.0,-19.27092671394348,52.00740694999695,a2c
2025-04-16,0.0,0.0,-2.7898618951439857,0.0,0.0,0.0,0.0,0.0,0.0,0.0,0.0,0.0,27.8638477316446,0.0,0.0,-11.559000611305237,0.0,0.0,0.0,0.0,0.0,0.0,0.0,-36.811935901641846,0.0,0.0,0.0,0.0,-19.27092671394348,52.00740694999695,a2c
2025-04-17,0.0,0.0,-2.7898618951439857,0.0,0.0,0.0,0.0,0.0,0.0,0.0,0.0,0.0,0.0,0.0,0.0,-11.559000611305237,0.0,0.0,0.0,0.0,0.0,0.0,0.0,-36.811935901641846,15.47956046776756,0.0,0.0,0.0,-19.27092671394348,52.00740694999695,a2c
2025-04-21,0.0,0.0,-2.7898618951439857,0.0,0.0,0.0,0.0,0.0,0.0,0.0,0.0,0.0,28.59080162956417,0.0,0.0,-11.559000611305237,0.0,0.0,0.0,0.0,0.0,0.0,0.0,-36.811935901641846,0.0,0.0,0.0,0.0,-19.27092671394348,52.00740694999695,a2c
2025-04-22,0.0,0.0,-2.7898618951439857,0.0,0.0,0.0,0.0,0.0,0.0,0.0,0.0,0.0,28.02414669559962,0.0,0.0,-11.559000611305237,0.0,0.0,0.0,0.0,0.0,0.0,0.0,-36.811935901641846,0.0,0.0,0.0,0.0,-19.27092671394348,52.00740694999695,a2c
2025-04-23,0.0,0.0,-2.7898618951439857,0.0,0.0,0.0,0.0,0.0,0.0,0.0,0.0,0.0,27.693106951815494,0.0,0.0,-11.559000611305237,0.0,0.0,0.0,0.0,0.0,0.0,0.0,-36.811935901641846,0.0,0.0,0.0,0.0,-19.27092671394348,52.00740694999695,a2c
2025-04-24,0.0,0.0,-2.7898618951439857,0.0,0.0,0.0,0.0,0.0,0.0,0.0,0.0,0.0,0.0,0.0,0.0,-11.559000611305237,0.0,0.0,0.0,0.0,0.0,0.0,0.0,-36.811935901641846,0.0,0.0,0.0,15.188780076275869,-19.27092671394348,52.00740694999695,a2c
2025-04-25,0.0,0.0,0.0,0.0,0.0,0.0,0.0,0.0,0.0,0.0,0.0,0.0,54.35011386871338,0.0,0.0,-18.491414189338684,0.0,0.0,0.0,0.0,0.0,0.0,0.0,-45.39015591144562,0.0,0.0,0.0,0.0,-17.066307365894318,22.402514650957503,a2c
2025-04-28,0.0,0.0,0.0,0.0,0.0,0.0,0.0,0.0,0.0,0.0,0.0,0.0,54.35011386871338,0.0,0.0,-18.491414189338684,0.0,0.0,0.0,0.0,0.0,0.0,0.0,-45.39015591144562,0.0,0.0,0.0,0.0,-17.066307365894318,23.751891237951682,a2c
2025-04-29,0.0,0.0,0.0,0.0,0.0,0.0,0.0,0.0,0.0,0.0,0.0,0.0,54.35011386871338,0.0,0.0,-18.491414189338684,0.0,0.0,0.0,0.0,0.0,0.0,0.0,-45.39015591144562,0.0,0.0,0.0,6.574312041321455,-17.066307365894318,0.0,a2c
2025-04-30,0.0,0.0,0.0,0.0,0.0,0.0,0.0,0.0,0.0,0.0,0.0,0.0,54.35011386871338,0.0,0.0,-18.491414189338684,0.0,0.0,0.0,0.0,0.0,0.0,0.0,-45.39015591144562,6.583054770627156e-16,0.0,0.0,0.0,-17.066307365894318,17.997676248407544,a2c
2025-05-01,0.0,0.0,0.0,0.0,0.0,0.0,0.0,0.0,0.0,0.0,0.0,0.0,54.35011386871338,0.0,0.0,-18.491414189338684,0.0,0.0,0.0,0.0,0.0,0.0,0.0,-45.39015591144562,0.0,0.0,0.0,0.0,-17.066307365894318,18.61295644149116,a2c
2025-05-02,0.0,0.0,0.0,0.0,0.0,0.0,0.0,0.0,0.0,0.0,0.0,0.0,0.0,0.0,0.0,-18.436355888843536,0.0,0.0,0.0,0.0,0.0,0.0,0.0,-44.98536288738251,0.0,0.0,0.0,21.980356018134422,-24.242064356803894,51.50172710418701,a2c
2025-05-05,0.0,0.0,0.0,0.0,0.0,0.0,0.0,0.0,0.0,0.0,0.0,0.0,55.51275610923767,0.0,0.0,-24.666501581668854,0.0,0.0,0.0,0.0,0.0,0.0,0.0,-45.25584280490875,9.126916855114661,0.0,0.0,0.0,-24.868243932724,0.0,a2c
2025-05-06,0.0,0.0,0.0,0.0,0.0,0.0,0.0,0.0,0.0,0.0,0.0,0.0,55.52746653556824,0.0,0.0,-13.483401149418796,0.0,0.0,0.0,0.0,0.0,0.0,0.0,-45.259836316108704,1.1276915872677356,0.0,0.0,0.0,-24.864503741264343,0.0,a2c
2025-05-07,0.0,0.0,0.0,0.0,0.0,0.0,0.0,0.0,0.0,0.0,0.0,0.0,0.0,0.0,0.0,0.0,0.0,0.0,0.0,5.956426745698257e-15,0.0,0.0,0.0,-45.2568918466568,0.0,0.0,0.0,8.916906336887909,-24.865561723709106,50.740718841552734,a2c
2025-05-08,0.0,0.0,0.0,0.0,0.0,0.0,0.0,0.0,0.0,0.0,0.0,0.0,40.6908336860429,0.0,0.0,0.0,0.0,0.0,0.0,0.0,0.0,0.0,0.0,-45.2568918466568,0.0,0.0,0.0,0.0,-24.865561723709106,0.0,a2c
2025-05-09,0.0,0.0,0.0,0.0,0.0,0.0,0.0,0.0,0.0,0.0,0.0,0.0,0.0,0.0,0.0,0.0,0.0,0.0,0.0,0.0,0.0,0.0,0.0,-45.29363214969635,22.783716133529325,0.0,0.0,0.0,-24.852395057678223,9.426232343964205e-15,a2c
2025-05-12,0.0,0.0,0.0,0.0,0.0,0.0,0.0,0.0,0.0,0.0,0.0,0.0,40.59542498149483,0.0,0.0,0.0,0.0,0.0,0.0,0.0,0.0,0.0,0.0,-45.25998532772064,2.6053077078176216e-15,0.0,0.0,0.0,-24.864286184310913,0.0,a2c
2025-05-13,0.0,0.0,0.0,0.0,0.0,0.0,0.0,0.0,0.0,0.0,0.0,0.0,43.22462480245013,0.0,0.0,0.0,0.0,0.0,0.0,0.0,0.0,0.0,0.0,-52.281033992767334,0.0,0.0,0.0,0.0,-13.430534303188324,0.0,a2c
2025-05-14,0.0,0.0,0.0,0.0,0.0,0.0,0.0,0.0,0.0,0.0,0.0,0.0,42.87501066683831,0.0,0.0,0.0,0.0,0.0,0.0,0.0,0.0,0.0,0.0,-52.281153202056885,0.0,0.0,0.0,0.0,-13.430406153202057,0.0,a2c
2025-05-15,0.0,0.0,0.0,0.0,0.0,0.0,0.0,0.0,0.0,0.0,0.0,0.0,40.475696406779754,0.0,0.0,0.0,0.0,0.0,0.0,0.0,0.0,0.0,0.0,-49.15429322270279,0.0,0.0,0.0,0.0,-13.430406153202057,0.0,a2c
2025-05-16,0.0,0.0,0.0,0.0,0.0,0.0,0.0,0.0,0.0,0.0,0.0,0.0,2.676557196743317,0.0,0.0,0.0,0.0,0.0,0.0,0.0,0.0,0.0,0.0,0.0,0.0,0.0,0.0,0.0,-13.430404663085938,0.0,a2c
2025-05-19,0.0,0.0,0.0,0.0,0.0,0.0,0.0,0.0,0.0,0.0,0.0,0.0,2.687054613319501,0.0,0.0,0.0,0.0,0.0,0.0,0.0,0.0,0.0,0.0,0.0,0.0,0.0,0.0,0.0,-13.430406153202057,0.0,a2c
2025-05-20,0.0,0.0,0.0,0.0,0.0,0.0,0.0,0.0,0.0,0.0,0.0,0.0,2.681814339936073,0.0,0.0,0.0,0.0,0.0,0.0,0.0,0.0,0.0,0.0,0.0,0.0,0.0,0.0,0.0,-13.430406153202057,0.0,a2c
2025-05-21,0.0,0.0,0.0,0.0,0.0,0.0,0.0,0.0,0.0,0.0,0.0,0.0,2.674940254279485,0.0,0.0,0.0,0.0,0.0,0.0,0.0,0.0,0.0,0.0,0.0,0.0,0.0,0.0,0.0,-13.430406153202057,0.0,a2c
2025-05-22,0.0,0.0,0.0,0.0,0.0,0.0,0.0,0.0,0.0,0.0,0.0,0.0,2.6845595567213887,0.0,0.0,0.0,0.0,0.0,0.0,0.0,0.0,0.0,0.0,0.0,0.0,0.0,0.0,0.0,-13.430404663085938,0.0,a2c
2025-05-23,0.0,0.0,0.0,0.0,0.0,0.0,0.0,0.0,0.0,0.0,0.0,0.0,2.6095764487970237,0.0,0.0,0.0,0.0,0.0,0.0,0.0,0.0,0.0,0.0,0.0,0.0,0.0,0.0,0.0,-13.347996771335602,0.0,a2c
2025-05-27,0.0,0.0,0.0,0.0,0.0,0.0,0.0,0.0,0.0,0.0,0.0,0.0,2.367193816028267,0.0,0.0,0.0,0.0,0.0,0.0,0.0,0.0,0.0,0.0,0.0,0.0,0.0,0.0,0.0,-11.968853324651718,0.0,a2c
2025-05-28,0.0,0.0,0.0,0.0,0.0,0.0,0.0,0.0,0.0,0.0,0.0,0.0,2.6151189338456513,0.0,0.0,0.0,0.0,0.0,0.0,0.0,0.0,0.0,0.0,0.0,0.0,0.0,0.0,0.0,-13.430406153202057,0.0,a2c
2025-05-29,0.0,0.0,0.0,0.0,0.0,0.0,0.0,0.0,0.0,0.0,0.0,0.0,2.61390940570515,0.0,0.0,0.0,0.0,0.0,0.0,0.0,0.0,0.0,0.0,0.0,0.0,0.0,0.0,0.0,-13.42875063419342,1.177733799016843e-15,a2c
2025-05-30,0.0,0.0,0.0,0.0,0.0,0.0,0.0,0.0,0.0,0.0,0.0,0.0,2.6194786103966807,0.0,0.0,0.0,0.0,0.0,0.0,0.0,0.0,0.0,0.0,0.0,0.0,0.0,0.0,0.0,-13.429836928844452,0.0,a2c
2025-06-02,0.0,0.0,0.0,0.0,0.0,0.0,0.0,0.0,0.0,0.0,0.0,0.0,2.6403232794454023,0.0,0.0,0.0,0.0,0.0,0.0,0.0,0.0,0.0,0.0,0.0,0.0,0.0,0.0,0.0,-13.430401682853699,0.0,a2c
2025-06-03,0.0,0.0,0.0,0.0,0.0,0.0,0.0,0.0,0.0,0.0,0.0,0.0,2.6622395965024275,0.0,0.0,0.0,0.0,0.0,0.0,0.0,0.0,0.0,0.0,0.0,0.0,0.0,0.0,0.0,-13.430406153202057,0.0,a2c
2025-06-04,0.0,0.0,0.0,0.0,0.0,0.0,0.0,0.0,0.0,0.0,0.0,0.0,2.63135593912793,0.0,0.0,0.0,0.0,0.0,0.0,0.0,0.0,0.0,0.0,0.0,0.0,0.0,0.0,0.0,-13.430406153202057,0.0,a2c
2025-06-05,0.0,0.0,0.0,0.0,0.0,0.0,0.0,0.0,0.0,0.0,0.0,0.0,2.588174094617264,0.0,0.0,0.0,0.0,0.0,0.0,0.0,0.0,0.0,0.0,0.0,3.156575492018615e-16,0.0,0.0,0.0,-13.430406153202057,0.0,a2c
2025-06-06,0.0,0.0,0.0,0.0,0.0,0.0,0.0,0.0,0.0,0.0,0.0,0.0,2.600683548904905,0.0,0.0,0.0,0.0,0.0,0.0,0.0,0.0,0.0,0.0,0.0,3.194855574619281e-16,0.0,0.0,0.0,-13.430406153202057,1.297936722859359e-31,a2c
2025-06-09,0.0,0.0,0.0,0.0,0.0,0.0,0.0,0.0,0.0,0.0,0.0,0.0,1.9576598454788339,0.0,0.0,0.0,0.0,0.0,0.0,0.0,0.0,0.0,0.0,0.0,0.0,0.0,0.0,0.0,-10.087340325117111,0.0,a2c
2025-06-10,0.0,0.0,0.0,0.0,0.0,0.0,0.0,0.0,0.0,0.0,0.0,0.0,3.1562629430536115,0.0,0.0,0.0,0.0,0.0,0.0,0.0,0.0,0.0,0.0,0.0,0.0,0.0,0.0,0.0,-16.2016361951828,1.1751959230729605e-15,a2c
2025-06-11,0.0,0.0,0.0,0.0,0.0,0.0,0.0,0.0,0.0,0.0,0.0,0.0,3.2266127723537363,0.0,0.0,0.0,0.0,0.0,0.0,0.0,0.0,0.0,0.0,0.0,3.1696137722410174e-16,0.0,0.0,0.0,-16.319851577281952,1.306472214813902e-31,a2c
2025-06-12,0.0,0.0,0.0,0.0,0.0,0.0,0.0,0.0,0.0,0.0,0.0,0.0,0.0,0.0,0.0,0.0,0.0,0.0,0.0,0.0,0.0,0.0,0.0,0.0,0.0,0.0,0.0,0.0,-20.85549384355545,8.977581708596265,a2c
2025-06-13,0.0,0.0,0.0,0.0,0.0,0.0,0.0,0.0,0.0,0.0,0.0,0.0,4.036471707032844,0.0,0.0,0.0,0.0,0.0,0.0,0.0,0.0,0.0,0.0,0.0,3.2099235995643435e-16,0.0,0.0,0.0,-20.85549384355545,1.3407770127326237e-31,a2c
2025-06-16,0.0,0.0,0.0,0.0,0.0,0.0,0.0,0.0,0.0,0.0,0.0,0.0,0.0,0.0,0.0,0.0,0.0,0.0,0.0,0.0,0.0,0.0,-5.6402333080768585,0.0,0.0,0.0,0.0,0.0,-14.211094379425049,14.633174469168964,a2c
2025-06-17,0.0,0.0,0.0,0.0,0.0,0.0,0.0,0.0,0.0,0.0,0.0,0.0,0.0,0.0,0.0,0.0,0.0,0.0,0.0,0.0,0.0,0.0,-5.635411292314529,0.0,4.132922787833558,0.0,0.0,0.0,-14.212632179260254,0.0,a2c
2025-06-18,0.0,0.0,0.0,0.0,0.0,0.0,0.0,0.0,0.0,0.0,0.0,0.0,2.7449318546926684,0.0,9.362590460323399e-48,0.0,0.0,0.0,0.0,0.0,0.0,0.0,0.0,0.0,3.453991464935123e-16,0.0,0.0,0.0,-14.350715279579163,1.3490279013883937e-31,a2c
2025-06-20,0.0,0.0,0.0,0.0,0.0,0.0,0.0,0.0,0.0,0.0,0.0,0.0,1.9033717267796788,0.0,0.0,0.0,0.0,0.0,0.0,0.0,0.0,0.0,0.0,0.0,0.0,0.0,0.0,0.0,-9.997563809156418,0.0,a2c
2025-06-23,0.0,0.0,0.0,0.0,0.0,0.0,0.0,0.0,0.0,0.0,0.0,0.0,0.0,0.0,0.0,0.0,0.0,0.0,0.0,0.0,0.0,0.0,-0.7724469527602196,0.0,1.315279491811696,0.0,0.0,0.0,-8.331453055143356,0.0,a2c
2025-06-24,0.0,0.0,0.0,0.0,0.0,0.0,0.0,0.0,0.0,0.0,0.0,0.0,0.0,0.0,0.0,0.0,0.0,0.0,0.0,0.0,0.0,0.0,-7.352173328399658,0.0,3.8487349746312107,0.0,0.0,0.0,-6.47791400551796,0.0,a2c
2025-06-25,0.0,0.0,0.0,0.0,0.0,0.0,0.0,0.0,0.0,0.0,0.0,0.0,5.482280371047233e-16,0.0,0.0,0.0,0.0,0.0,0.0,0.0,0.0,0.0,-4.612008482217789,0.0,2.5587968036556217,0.0,0.0,0.0,-4.967483878135681,0.0,a2c
2025-06-26,0.0,0.0,0.0,0.0,0.0,0.0,0.0,0.0,0.0,0.0,0.0,0.0,5.551738449299992e-16,0.0,0.0,0.0,0.0,0.0,0.0,0.0,0.0,0.0,-4.612008482217789,0.0,2.653697308283256,0.0,0.0,0.0,-4.967483878135681,0.0,a2c
2025-06-27,0.0,0.0,0.0,0.0,0.0,0.0,0.0,0.0,0.0,0.0,0.0,0.0,0.0,0.0,0.0,0.0,0.0,0.0,0.0,0.0,0.0,0.0,-4.612008482217789,0.0,2.6766295425136994,0.0,0.0,0.0,-4.967483878135681,0.0,a2c
2025-06-30,0.0,0.0,0.0,0.0,0.0,0.0,0.0,0.0,0.0,0.0,0.0,0.0,5.380467852399039e-16,0.0,0.0,0.0,0.0,0.0,0.0,0.0,0.0,0.0,-4.612008482217789,0.0,2.686246907650875,0.0,0.0,0.0,-4.967483878135681,0.0,a2c
2025-07-01,0.0,0.0,0.0,0.0,0.0,0.0,0.0,0.0,0.0,0.0,0.0,0.0,5.287359040612721e-16,0.0,0.0,0.0,0.0,0.0,0.0,0.0,0.0,0.0,-4.612009227275848,0.0,2.721022779043284,0.0,0.0,0.0,-4.96748611330986,0.0,a2c
2025-07-02,0.0,0.0,0.0,0.0,0.0,0.0,0.0,0.0,0.0,0.0,0.0,0.0,0.0,0.0,0.0,0.0,0.0,0.0,0.0,0.0,0.0,0.0,-5.963479727506638,0.0,3.5837510924347584,0.0,0.0,0.0,-8.632895350456238,0.0,a2c
2025-07-03,0.0,0.0,0.0,0.0,0.0,0.0,0.0,0.0,0.0,0.0,0.0,0.0,0.0,0.0,0.0,0.0,0.0,0.0,0.0,0.0,0.0,0.0,-5.963479727506638,0.0,3.6771671407179842,0.0,0.0,0.0,-8.632895350456238,0.0,a2c
2025-07-07,0.0,0.0,0.0,0.0,0.0,0.0,0.0,0.0,0.0,0.0,0.0,0.0,0.0,0.0,0.0,0.0,0.0,0.0,0.0,16.477811607144222,0.0,0.0,-5.963479727506638,0.0,0.0,0.0,0.0,0.0,-8.632895350456238,0.0,a2c
2025-07-08,0.0,0.0,0.0,0.0,0.0,0.0,0.0,0.0,0.0,0.0,0.0,0.0,0.0,0.0,0.0,0.0,0.0,0.0,0.0,0.0,0.0,0.0,-5.963479727506638,0.0,3.7418047596143227,0.0,0.0,0.0,-8.632895350456238,0.0,a2c
2025-07-09,0.0,0.0,0.0,0.0,0.0,0.0,0.0,0.0,0.0,0.0,0.0,0.0,0.0,0.0,0.0,0.0,0.0,0.0,0.0,0.0,0.0,0.0,-5.963479727506638,0.0,3.781519389595117,0.0,0.0,0.0,-8.632895350456238,0.0,a2c
2025-07-11,0.0,0.0,-21.697936952114105,8.813802196700427,0.0,0.0,0.0,0.0,0.0,0.0,0.0,0.0,-5.201105028390884,0.0,-9.362590460323399e-48,99.03438091278076,0.0,0.0,100.0,-16.47781160714423,0.0,0.0,-7.848277688026428,0.0,-30.118057131767273,0.0,0.0,-50.23543834686279,-8.125807344913483,-100.0,a2c
2025-07-14,0.0,0.0,-33.8960200548172,0.0,0.0,0.0,0.0,0.0,0.0,0.0,0.0,0.0,-1.7537392675876617,0.0,0.0,100.0,0.0,0.0,100.0,0.0,0.0,32.351749770235884,-12.872087955474854,0.0,-23.37520867586136,0.0,0.0,-53.66517901420593,0.0,-100.0,a2c
2025-07-15,0.0,0.0,-33.8960200548172,0.0,0.0,0.0,0.0,0.0,0.0,0.0,0.0,0.0,-1.7537392675876617,0.0,0.0,100.0,0.0,0.0,100.0,0.0,0.0,30.683778824408073,-12.872087955474854,0.0,-23.37520867586136,0.0,0.0,-53.66517901420593,0.0,-100.0,a2c
2025-07-16,0.0,0.0,-33.8960200548172,0.0,0.0,0.0,0.0,0.0,0.0,0.0,0.0,0.0,-1.7537392675876617,0.0,0.0,100.0,0.0,0.0,100.0,0.0,0.0,32.1437467698475,-12.872087955474854,0.0,-23.37520867586136,0.0,0.0,-53.66517901420593,0.0,-100.0,a2c
2025-07-17,0.0,0.0,-33.8960200548172,0.0,0.0,0.0,0.0,0.0,0.0,0.0,0.0,0.0,-1.7537392675876617,0.0,0.0,93.37855269657989,0.0,0.0,100.0,0.0,0.0,5.13309038663217e-14,-12.872087955474854,0.0,-11.00910666715059,0.0,0.0,-53.66517901420593,0.0,-100.0,a2c
2025-07-18,0.0,0.0,-33.54799151420593,0.0,0.0,0.0,0.0,0.0,0.0,0.0,0.0,0.0,0.0,0.0,0.0,72.65436747839573,0.0,0.0,100.0,0.0,0.0,0.0,-16.669920086860657,0.0,0.0,0.0,0.0,-48.12194108963013,0.0,-100.0,a2c
2025-07-21,0.0,0.0,-31.265151500701904,0.0,0.0,0.0,0.0,0.0,0.0,0.0,0.0,0.0,0.0,0.0,0.0,72.30102830694076,0.0,0.0,100.0,0.0,0.0,0.0,-0.04524216055870056,0.0,0.0,0.0,0.0,-56.14597201347351,0.0,-100.0,a2c
2025-07-22,0.0,0.0,-31.265151500701904,0.0,0.0,0.0,0.0,0.0,0.0,0.0,0.0,0.0,0.0,0.0,0.0,62.42722231547172,0.0,0.0,100.0,0.0,0.0,0.0,-0.04524216055870056,0.0,0.0,0.0,0.0,-56.14597201347351,0.0,-66.63870726839866,a2c
2025-07-23,0.0,0.0,-31.269925832748413,0.0,0.0,0.0,0.0,0.0,0.0,0.0,0.0,0.0,0.0,0.0,0.0,40.9109857052118,0.0,0.0,100.0,0.0,0.0,0.0,-0.04616454243659973,0.0,0.0,0.0,0.0,-56.15376830101013,0.0,0.0,a2c
2025-07-24,0.0,0.0,-31.265223026275635,0.0,0.0,0.0,0.0,0.0,0.0,0.0,0.0,0.0,0.0,0.0,0.0,1.5611167466999742,0.0,0.0,100.0,0.0,0.0,0.0,-0.04525706171989441,0.0,0.0,0.0,0.0,-23.329265958912117,0.0,0.0,a2c
2025-07-25,0.0,0.0,-38.852763175964355,0.0,0.0,0.0,0.0,0.0,0.0,0.0,0.0,0.0,0.0,0.0,0.0,0.0,0.0,0.0,10.850781086119033,0.0,0.0,100.0,0.0,0.0,0.0,0.0,0.0,0.0,0.0,0.0,a2c
2025-07-28,0.0,0.0,-38.852763175964355,0.0,0.0,0.0,0.0,0.0,0.0,0.0,0.0,0.0,0.0,0.0,0.0,0.0,0.0,0.0,9.945019817394632,0.0,0.0,100.0,0.0,0.0,0.0,0.0,0.0,0.0,0.0,0.0,a2c
2025-07-29,0.0,0.0,-38.852763175964355,0.0,0.0,0.0,0.0,0.0,0.0,0.0,0.0,0.0,0.0,0.0,0.0,0.0,0.0,0.0,8.29893356088286,0.0,0.0,100.0,0.0,0.0,0.0,0.0,0.0,0.0,0.0,0.0,a2c
2025-07-30,0.0,0.0,-38.852763175964355,0.0,0.0,0.0,0.0,0.0,0.0,0.0,0.0,0.0,0.0,0.0,0.0,0.0,0.0,0.0,8.44896734282387,0.0,0.0,100.0,0.0,0.0,0.0,0.0,0.0,0.0,0.0,0.0,a2c
2025-07-31,0.0,0.0,-36.67338788509369,0.0,0.0,0.0,0.0,0.0,0.0,0.0,0.0,23.071893022133768,0.0,0.0,0.0,6.831228629381886e-31,0.0,0.0,0.0,0.0,0.0,2.4132486165016124e-14,0.0,0.0,0.0,0.0,0.0,0.0,0.0,0.0,a2c
2025-08-01,0.0,0.0,-31.265151500701904,0.0,0.0,0.0,0.0,0.0,0.0,0.0,0.0,0.0,0.0,0.0,0.0,0.0,0.0,0.0,49.66730073887425,0.0,0.0,0.0,-0.04524216055870056,0.0,0.0,0.0,0.0,0.0,0.0,0.0,a2c
2025-08-04,0.0,0.0,-31.347548961639404,0.0,0.0,0.0,0.0,0.0,0.0,0.0,0.0,2.7507449859987123e-31,0.0,0.0,0.0,23.60123763705552,0.0,0.0,0.0,0.0,0.0,1.2399351031758781e-14,-0.07523894309997559,0.0,0.0,0.0,0.0,0.0,0.0,0.0,a2c
2025-08-05,0.0,0.0,-31.265145540237427,0.0,0.0,0.0,0.0,0.0,0.0,0.0,0.0,2.4310673298868095e-15,0.0,0.0,0.0,0.0,0.0,0.0,0.0,0.0,0.0,89.99420016195637,-0.04523918032646179,0.0,0.0,0.0,0.0,0.0,0.0,0.0,a2c
2025-08-06,0.0,0.0,-27.340760827064514,0.0,0.0,0.0,0.0,0.0,0.0,0.0,0.0,0.0,0.0,0.0,0.0,0.0,0.0,0.0,39.382647768461176,0.0,0.0,0.0,0.0,0.0,0.0,0.0,0.0,0.0,0.0,0.0,a2c
2025-08-07,0.0,0.0,-27.340763807296753,0.0,0.0,0.0,0.0,0.0,0.0,0.0,0.0,0.0,0.0,0.0,0.0,0.0,0.0,0.0,40.76154491086049,0.0,0.0,0.0,0.0,0.0,0.0,0.0,0.0,0.0,0.0,0.0,a2c
2025-08-08,0.0,0.0,-26.523464918136597,0.0,0.0,0.0,0.0,0.0,0.0,0.0,0.0,0.0,0.0,0.0,0.0,0.0,0.0,0.0,39.44828185355316,0.0,0.0,0.0,0.0,0.0,0.0,0.0,0.0,0.0,0.0,0.0,a2c
2025-08-11,0.0,0.0,-26.523464918136597,0.0,0.0,0.0,0.0,0.0,0.0,0.0,0.0,0.0,0.0,0.0,0.0,0.0,0.0,0.0,38.9698521207651,0.0,0.0,0.0,0.0,0.0,0.0,0.0,0.0,0.0,0.0,0.0,a2c
2025-08-12,0.0,0.0,-26.523464918136597,0.0,0.0,0.0,0.0,0.0,0.0,0.0,0.0,0.0,0.0,0.0,0.0,0.0,0.0,0.0,38.225418461093,0.0,0.0,0.0,0.0,0.0,0.0,0.0,0.0,0.0,0.0,0.0,a2c
2025-08-13,0.0,0.0,-10.392861560694769,0.0,0.0,0.0,0.0,0.0,0.0,0.0,0.0,0.0,0.0,0.0,0.0,7.958185184844099,0.0,0.0,0.0,0.0,0.0,0.0,0.0,0.0,0.0,0.0,0.0,0.0,0.0,0.0,a2c
2025-08-14,0.0,0.0,0.0,0.0,0.0,0.0,0.0,0.0,0.0,0.0,0.0,0.0,0.0,0.0,0.0,0.0,0.0,0.0,0.0,0.0,0.0,0.0,0.0,0.0,0.0,0.0,0.0,0.0,0.0,0.0,a2c
2025-08-15,0.0,0.0,0.0,0.0,0.0,0.0,0.0,0.0,0.0,0.0,0.0,0.0,0.0,0.0,0.0,0.0,0.0,0.0,0.0,0.0,0.0,0.0,0.0,0.0,0.0,0.0,0.0,0.0,0.0,0.0,a2c
2025-08-18,0.0,0.0,0.0,0.0,0.0,0.0,0.0,0.0,0.0,0.0,0.0,0.0,0.0,0.0,0.0,0.0,0.0,0.0,0.0,0.0,0.0,0.0,0.0,0.0,0.0,0.0,0.0,0.0,0.0,0.0,a2c
2025-08-19,0.0,0.0,0.0,0.0,0.0,0.0,0.0,0.0,0.0,0.0,0.0,0.0,0.0,0.0,0.0,0.0,0.0,0.0,0.0,0.0,0.0,0.0,0.0,0.0,0.0,0.0,0.0,0.0,0.0,0.0,a2c
2025-08-20,0.0,0.0,0.0,0.0,0.0,0.0,0.0,0.0,0.0,0.0,0.0,0.0,0.0,0.0,0.0,0.0,0.0,0.0,0.0,0.0,0.0,0.0,0.0,0.0,0.0,0.0,0.0,0.0,0.0,0.0,a2c
2025-08-21,0.0,0.0,0.0,0.0,0.0,0.0,0.0,0.0,0.0,0.0,0.0,0.0,0.0,0.0,0.0,0.0,0.0,0.0,0.0,0.0,0.0,0.0,0.0,0.0,0.0,0.0,0.0,0.0,0.0,0.0,a2c
2025-08-22,0.0,0.0,0.0,0.0,0.0,0.0,0.0,0.0,0.0,0.0,0.0,0.0,0.0,0.0,0.0,0.0,0.0,0.0,0.0,0.0,0.0,0.0,0.0,0.0,0.0,0.0,0.0,0.0,0.0,0.0,a2c
2025-08-25,0.0,0.0,0.0,0.0,0.0,0.0,0.0,0.0,0.0,0.0,0.0,0.0,0.0,0.0,0.0,0.0,0.0,0.0,0.0,0.0,0.0,0.0,0.0,0.0,0.0,0.0,0.0,0.0,0.0,0.0,a2c
2025-08-26,0.0,0.0,0.0,0.0,0.0,0.0,0.0,0.0,0.0,0.0,0.0,0.0,0.0,0.0,0.0,0.0,0.0,0.0,0.0,0.0,0.0,0.0,0.0,0.0,0.0,0.0,0.0,0.0,0.0,0.0,a2c
2025-08-27,0.0,0.0,0.0,0.0,0.0,0.0,0.0,0.0,0.0,0.0,0.0,0.0,0.0,0.0,0.0,0.0,0.0,0.0,0.0,0.0,0.0,0.0,0.0,0.0,0.0,0.0,0.0,0.0,0.0,0.0,a2c
2025-08-28,0.0,0.0,0.0,0.0,0.0,0.0,0.0,0.0,0.0,0.0,0.0,0.0,0.0,0.0,0.0,0.0,0.0,0.0,0.0,0.0,0.0,0.0,0.0,0.0,0.0,0.0,0.0,0.0,0.0,0.0,a2c
2025-08-29,0.0,0.0,0.0,0.0,0.0,0.0,0.0,0.0,0.0,0.0,0.0,0.0,0.0,0.0,0.0,0.0,0.0,0.0,0.0,0.0,0.0,0.0,0.0,0.0,0.0,0.0,0.0,0.0,0.0,0.0,a2c
2025-09-02,0.0,0.0,0.0,0.0,0.0,0.0,0.0,0.0,0.0,0.0,0.0,0.0,0.0,0.0,0.0,0.0,0.0,0.0,0.0,0.0,0.0,0.0,0.0,0.0,0.0,0.0,0.0,0.0,0.0,0.0,a2c
2025-09-03,0.0,0.0,0.0,0.0,0.0,0.0,0.0,0.0,0.0,0.0,0.0,0.0,0.0,0.0,0.0,0.0,0.0,0.0,0.0,0.0,0.0,0.0,0.0,0.0,0.0,0.0,0.0,0.0,0.0,0.0,a2c
2025-09-04,0.0,0.0,0.0,0.0,0.0,0.0,0.0,0.0,0.0,0.0,0.0,0.0,0.0,0.0,0.0,0.0,0.0,0.0,0.0,0.0,0.0,0.0,0.0,0.0,0.0,0.0,0.0,0.0,0.0,0.0,a2c
2025-09-05,0.0,0.0,0.0,0.0,0.0,0.0,0.0,0.0,0.0,0.0,0.0,0.0,0.0,0.0,0.0,0.0,0.0,0.0,0.0,0.0,0.0,0.0,0.0,0.0,0.0,0.0,0.0,0.0,0.0,0.0,a2c
2025-09-08,0.0,0.0,0.0,0.0,0.0,0.0,0.0,0.0,0.0,0.0,0.0,0.0,0.0,0.0,0.0,0.0,0.0,0.0,0.0,0.0,0.0,0.0,0.0,0.0,0.0,0.0,0.0,0.0,0.0,0.0,a2c
2025-09-09,0.0,0.0,0.0,0.0,0.0,0.0,0.0,0.0,0.0,0.0,0.0,0.0,0.0,0.0,0.0,0.0,0.0,0.0,0.2448167932214801,0.0,0.0,0.0,0.0,0.0,0.0,0.0,0.0,0.0,-0.9080115705728531,0.0,a2c
2025-09-10,0.0,0.0,0.0,0.0,0.0,0.0,0.0,0.0,0.0,0.0,0.0,0.0,0.0,0.0,0.0,0.0,0.0,0.0,0.0,0.0,0.0,0.0,0.0,0.0,0.0,0.0,0.0,0.0,0.0,0.0,a2c
2025-09-11,0.0,0.0,0.0,0.0,0.0,0.0,0.0,0.0,0.0,0.0,0.0,0.0,0.0,0.0,0.0,0.0,0.0,0.0,0.0,0.0,0.0,0.0,0.0,0.0,0.0,0.0,0.0,0.0,0.0,0.0,a2c
2025-09-12,0.0,0.0,0.0,0.0,0.0,0.0,0.0,0.0,0.0,0.0,0.0,0.0,0.0,0.0,0.0,0.0,0.0,0.0,0.0,0.0,0.0,0.0,0.0,0.0,0.0,0.0,0.0,0.0,0.0,0.0,a2c
2025-09-15,0.0,0.0,0.0,0.0,0.0,0.0,0.0,0.0,0.0,0.0,0.0,0.0,0.0,0.0,0.0,0.0,0.0,0.0,0.0,0.0,0.0,0.0,0.0,0.0,0.0,0.0,0.0,0.0,0.0,0.0,a2c
2025-09-16,0.0,0.0,0.0,0.0,0.0,0.0,0.0,0.0,0.0,0.0,0.0,0.0,0.0,0.0,0.0,0.0,0.0,0.0,0.0,0.0,0.0,0.0,0.0,0.0,0.0,0.0,0.0,0.0,0.0,0.0,a2c
2025-09-17,0.0,0.0,0.0,0.0,0.0,0.0,0.0,0.0,0.0,0.0,0.0,0.0,0.0,0.0,0.0,0.0,0.0,0.0,0.0,0.0,0.0,0.0,0.0,0.0,0.0,0.0,0.0,0.0,0.0,0.0,a2c
2025-09-18,0.0,0.0,0.0,0.0,0.0,0.0,0.0,0.0,0.0,0.0,0.0,0.0,0.0,0.0,0.0,0.0,0.0,0.0,0.0,0.0,0.0,0.0,0.0,0.0,0.0,0.0,0.0,0.0,0.0,0.0,a2c
2025-09-19,0.0,0.0,0.0,0.0,0.0,0.0,0.0,0.0,0.0,0.0,0.0,0.0,0.0,0.0,0.0,0.0,0.0,0.0,0.0,0.0,0.0,0.0,0.0,0.0,0.0,0.0,0.0,0.0,0.0,0.0,a2c
2025-09-22,0.0,0.0,0.0,0.0,0.0,0.0,0.0,0.0,0.0,0.0,0.0,0.0,0.0,0.0,0.0,0.0,0.0,0.0,0.0,0.0,0.0,0.0,0.0,0.0,0.0,0.0,0.0,0.0,0.0,0.0,a2c
2025-09-23,0.0,0.0,0.0,0.0,0.0,0.0,0.0,0.0,0.0,0.0,0.0,0.0,0.0,0.0,0.0,0.0,0.0,0.0,0.0,0.0,0.0,0.0,0.0,0.0,0.0,0.0,0.0,0.0,0.0,0.0,a2c
2025-09-24,0.0,0.0,0.0,0.0,0.0,0.0,0.0,0.0,0.0,0.0,0.0,0.0,0.0,0.0,0.0,0.0,0.0,0.0,0.0,0.0,0.0,0.0,0.0,0.0,0.0,0.0,0.0,0.0,0.0,0.0,a2c
2025-09-25,0.0,0.0,0.0,0.0,0.0,0.0,0.0,0.0,0.0,0.0,0.0,0.0,0.0,0.0,0.0,0.0,0.0,0.0,0.0,0.0,0.0,0.0,0.0,0.0,0.0,0.0,0.0,0.0,0.0,0.0,a2c
2025-09-26,0.0,0.0,0.0,0.0,0.0,0.0,0.0,0.0,0.0,0.0,0.0,0.0,0.0,0.0,0.0,0.0,0.0,0.0,0.0,0.0,0.0,0.0,0.0,0.0,0.0,0.0,0.0,0.0,0.0,0.0,a2c
2025-09-29,0.0,0.0,0.0,0.0,0.0,0.0,0.0,0.0,0.0,0.0,0.0,0.0,0.0,0.0,0.0,0.0,0.0,0.0,0.0,0.0,0.0,0.0,0.0,0.0,0.0,0.0,0.0,0.0,0.0,0.0,a2c
2025-09-30,0.0,0.0,0.0,0.0,0.0,0.0,0.0,0.0,0.0,0.0,0.0,0.0,0.0,0.0,0.0,0.0,0.0,0.0,0.0,0.0,0.0,0.0,0.0,0.0,0.0,0.0,0.0,0.0,0.0,0.0,a2c
2025-10-01,0.0,0.0,0.0,0.0,0.0,0.0,0.0,0.0,0.0,0.0,0.0,0.0,0.0,0.0,0.0,0.0,0.0,0.0,0.2464885304559922,0.0,0.0,0.0,0.0,0.0,0.0,0.0,0.0,0.0,-0.9080115705728531,0.0,a2c
2025-10-02,0.0,0.0,0.0,0.0,0.0,0.0,0.0,0.0,0.0,0.0,0.0,0.0,0.0,0.0,0.0,0.0,0.0,0.0,0.0,0.0,0.0,0.0,0.0,0.0,0.0,0.0,0.0,0.0,0.0,0.0,a2c
2025-10-03,0.0,0.0,0.0,0.0,0.0,0.0,0.0,0.0,0.0,0.0,0.0,0.0,0.0,0.0,0.0,0.0,0.0,0.0,0.0,0.0,0.0,0.0,0.0,0.0,0.0,0.0,0.0,0.0,0.0,0.0,a2c
2025-10-06,0.0,0.0,0.0,0.0,0.0,0.0,0.0,0.0,0.0,0.0,0.0,0.0,0.0,0.0,0.0,0.0,0.0,0.0,0.0,0.0,0.0,0.0,0.0,0.0,0.0,0.0,0.0,0.0,0.0,0.0,a2c
2025-10-07,0.0,0.0,0.0,0.0,0.0,0.0,0.0,0.0,0.0,0.0,0.0,0.0,0.0,0.0,0.0,0.0,0.0,0.0,0.0,0.0,0.0,0.0,0.0,0.0,0.0,0.0,0.0,0.0,0.0,0.0,a2c
2025-10-09,0.0,0.0,0.0,0.0,0.0,0.0,0.0,0.0,0.0,0.0,0.0,-0.4455822054296732,-6.932038068771362,0.0,24.832911014484225,0.0,0.0,0.0,-8.823959529399872,0.0,0.0,0.0,0.0,0.0,0.0,0.0,0.0,0.0,-45.334869623184204,0.0,ppo
2025-10-10,0.0,0.0,0.0,0.0,0.0,0.0,0.0,0.0,0.0,0.0,5.9762355312525,-0.5335199180990458,-7.008989155292511,0.0,0.0,0.0,0.0,0.0,-8.769090473651886,0.0,0.0,0.0,0.0,0.0,0.0,0.0,0.0,0.0,-45.48887610435486,0.0,ppo
2025-10-13,0.0,0.0,0.0,0.0,0.0,0.0,0.0,0.0,0.0,0.0,7.482939766733807,-5.3706929087638855,-5.61208575963974,0.0,0.0,0.0,0.0,0.0,-4.5789748430252075,0.0,0.0,0.0,0.0,0.0,0.0,0.0,0.0,0.0,-50.80704689025879,0.0,ppo
2025-10-14,0.0,0.0,9.610519190214852,0.0,0.0,0.0,0.0,0.0,0.0,28.83465886116028,0.0,-1.144651509821415,-13.883079588413239,0.0,0.0,0.0,0.0,0.0,-2.1029772236943245,0.0,0.0,0.0,0.0,0.0,0.0,0.0,0.0,0.0,-50.0956654548645,0.0,ppo
2025-10-15,0.0,0.0,0.0,0.0,0.0,0.0,0.0,0.0,0.0,0.0,0.0,-1.15045215934515,-13.915252685546875,0.0,28.647460245907446,0.0,0.0,0.0,-2.0848752930760384,0.0,0.0,0.0,0.0,0.0,0.0,0.0,0.0,0.0,-50.11833906173706,0.0,ppo
2025-10-16,0.0,0.0,0.0,0.0,0.0,0.0,0.0,0.0,0.0,0.0,0.0,0.0,-17.019575834274292,0.0,26.364111975340254,0.0,0.0,0.0,0.0,0.0,0.0,0.0,0.0,0.0,0.0,0.0,0.0,0.0,-45.93625068664551,0.0,ppo
2025-10-17,0.0,0.0,0.0,0.0,0.0,0.0,0.0,0.0,0.0,8.324841158006595e-15,0.0,0.0,-17.019575834274292,0.0,26.2846346442319,0.0,0.0,0.0,0.0,0.0,0.0,0.0,0.0,0.0,0.0,0.0,0.0,0.0,-45.93625068664551,0.0,ppo
2025-10-20,0.0,0.0,0.0,0.0,0.0,0.0,0.0,0.0,0.0,0.0,0.0,0.0,-17.019575834274292,0.0,26.16184287800801,0.0,0.0,0.0,0.0,0.0,0.0,0.0,0.0,0.0,0.0,0.0,0.0,0.0,-45.93625068664551,0.0,ppo
2025-10-21,0.0,0.0,19.382957120917446,0.0,0.0,0.0,0.0,0.0,0.0,0.0,0.0,0.0,-11.852077394723892,0.0,0.0,0.0,0.0,0.0,-2.4676458910107613,0.0,0.0,0.0,0.0,0.0,0.0,0.0,0.0,0.0,-39.5285040140152,0.0,ppo
2025-10-22,0.0,0.0,19.093470937325137,0.0,0.0,0.0,0.0,0.0,0.0,0.0,0.0,0.0,-11.852077394723892,0.0,0.0,0.0,0.0,0.0,-2.4676458910107613,0.0,0.0,0.0,0.0,0.0,0.0,0.0,0.0,0.0,-39.5285040140152,0.0,ppo
2025-10-23,0.0,0.0,19.56999858358234,0.0,0.0,0.0,0.0,0.0,0.0,0.0,0.0,0.0,-12.095079571008682,0.0,0.0,0.0,0.0,0.0,-2.537553571164608,0.0,0.0,0.0,0.0,0.0,0.0,0.0,0.0,0.0,-39.858266711235046,0.0,ppo
2025-10-24,0.0,0.0,20.303024609696045,0.0,0.0,0.0,0.0,0.0,0.0,0.0,0.0,-4.941263049840927,-14.561304450035095,0.0,0.0,0.0,0.0,0.0,-2.747013233602047,0.0,0.0,35.41567027568817,0.0,0.0,0.0,0.0,0.0,0.0,-43.41287016868591,0.0,ppo
2025-10-27,0.0,0.0,19.913980556283985,0.0,0.0,0.0,0.0,0.0,0.0,0.0,0.0,-4.941263049840927,-14.561304450035095,0.0,0.0,0.0,0.0,0.0,-2.747013233602047,0.0,0.0,35.41567027568817,0.0,0.0,0.0,0.0,0.0,0.0,-43.41287016868591,0.0,ppo
2025-10-28,0.0,0.0,18.821699641791778,0.0,0.0,0.0,0.0,0.0,0.0,0.0,0.0,0.0,-11.863788962364197,0.0,4.830350668165476e-15,0.0,0.0,0.0,-2.4711864069104195,0.0,0.0,0.0,0.0,0.0,0.0,0.0,0.0,0.0,-39.54445719718933,0.0,ppo
2025-10-29,0.0,0.0,18.5858372204706,0.0,0.0,0.0,0.0,0.0,0.0,0.0,0.0,0.0,-11.852076649665833,0.0,0.0,0.0,0.0,0.0,-2.467646636068821,0.0,0.0,0.0,0.0,0.0,0.0,0.0,0.0,0.0,-39.5285040140152,0.0,ppo
2025-10-30,0.0,0.0,18.55302835688168,0.0,0.0,0.0,0.0,0.0,0.0,0.0,0.0,0.0,-11.852077394723892,0.0,0.0,0.0,0.0,0.0,-2.4676458910107613,0.0,0.0,0.0,0.0,0.0,0.0,0.0,0.0,0.0,-39.5285040140152,0.0,ppo
2025-10-31,0.0,0.0,23.51064406742203,0.0,0.0,0.0,0.0,0.0,0.0,0.0,0.0,-2.16802004724741,-10.638844966888428,0.0,0.0,0.0,0.0,0.0,-3.9759978652000427,0.0,0.0,0.0,0.0,0.0,0.0,0.0,0.0,0.0,-44.73026394844055,0.0,ppo
2025-11-03,0.0,0.0,17.473103061573138,0.0,0.0,0.0,0.0,0.0,0.0,0.0,0.0,0.0,-11.852077394723892,0.0,0.0,0.0,0.0,0.0,-2.4676458910107613,0.0,0.0,0.0,0.0,0.0,0.0,0.0,0.0,0.0,-39.5285040140152,0.0,ppo
2025-11-04,0.0,0.0,0.0,0.0,0.0,0.0,0.0,0.0,0.0,0.0,2.8567809944417717,0.0,-11.852077394723892,0.0,0.0,0.0,0.0,0.0,-2.4676458910107613,0.0,0.0,32.077229022979736,0.0,0.0,0.0,0.0,0.0,0.0,-39.5285040140152,0.0,ppo
2025-11-05,0.0,0.0,16.766215798353286,0.0,0.0,0.0,0.0,0.0,0.0,0.0,0.0,0.0,-11.85198426246643,0.0,0.0,0.0,0.0,0.0,-2.467733807861805,0.0,0.0,0.0,0.0,0.0,0.0,0.0,0.0,0.0,-39.528900384902954,0.0,ppo
2025-11-06,0.0,0.0,20.85774097404109,0.0,0.0,0.0,0.0,0.0,0.0,0.0,0.0,-2.16802004724741,-10.638844966888428,0.0,0.0,0.0,0.0,0.0,-3.9759978652000427,0.0,0.0,0.0,0.0,0.0,0.0,0.0,0.0,0.0,-44.73026394844055,0.0,ppo
2025-11-07,0.0,0.0,18.465700605322194,0.0,0.0,0.0,0.0,0.0,0.0,0.0,0.0,-0.2084281264979282,-10.638844966888428,0.0,0.0,0.0,0.0,0.0,-3.9759986102581024,0.0,0.0,0.0,0.0,0.0,0.0,0.0,0.0,0.0,-44.73026394844055,0.0,ppo
2025-11-10,0.0,0.0,23.14978662209471,0.0,0.0,0.0,0.0,0.0,0.0,0.0,0.0,0.0,-12.411782145500183,0.0,0.0,-2.6774926111102104,0.0,0.0,-3.801051527261734,0.0,0.0,0.0,0.0,0.0,0.0,0.0,0.0,0.0,-47.60708212852478,0.0,ppo
2025-11-11,0.0,0.0,22.914103336635012,0.0,0.0,0.0,0.0,0.0,0.0,0.0,0.0,0.0,-12.411782145500183,0.0,4.878805150354119e-15,-2.6774926111102104,0.0,0.0,-3.801051527261734,0.0,0.0,0.0,0.0,0.0,0.0,0.0,0.0,0.0,-47.60708212852478,0.0,ppo
2025-11-12,0.0,0.0,23.25609928412214,0.0,0.0,0.0,0.0,0.0,0.0,0.0,0.0,0.0,-12.431856989860535,0.0,0.0,-2.6979075744748116,0.0,0.0,-3.7854135036468506,0.0,0.0,0.0,0.0,0.0,0.0,0.0,0.0,0.0,-47.6358026266098,0.0,ppo
2025-11-13,0.0,0.0,0.0,0.0,0.0,0.0,0.0,0.0,0.0,0.0,0.0,0.0,-14.970867335796356,0.0,31.20268122419969,0.0,0.0,0.0,-7.762441039085388,0.0,0.0,0.0,0.0,0.0,0.0,0.0,0.0,0.0,-43.58574151992798,0.0,ppo
2025-11-14,0.0,0.0,24.360727820093,0.0,0.0,0.0,0.0,0.0,0.0,0.0,0.0,0.0,-12.411782145500183,0.0,0.0,-2.6774926111102104,0.0,0.0,-3.801051527261734,0.0,0.0,0.0,0.0,0.0,0.0,0.0,0.0,0.0,-47.60708212852478,0.0,ppo
2025-11-17,0.0,0.0,0.0,0.0,0.0,0.0,0.0,0.0,0.0,0.0,0.0,0.0,-12.411782145500183,0.0,29.770456305963528,-2.6774926111102104,0.0,0.0,-3.801051527261734,0.0,0.0,0.0,0.0,0.0,0.0,0.0,0.0,0.0,-47.60708212852478,0.0,ppo
2025-11-18,0.0,0.0,24.520307795644833,0.0,0.0,0.0,0.0,0.0,0.0,0.0,0.0,0.0,-12.411782145500183,0.0,0.0,-2.6774926111102104,0.0,0.0,-3.801051527261734,0.0,0.0,0.0,0.0,0.0,0.0,0.0,0.0,0.0,-47.60708212852478,0.0,ppo
2025-11-19,0.0,0.0,0.0,0.0,0.0,0.0,0.0,0.0,0.0,0.0,0.0,0.0,-15.287411212921143,0.0,25.12975003454806,0.0,0.0,0.0,0.0,0.0,0.0,0.0,0.0,0.0,0.0,0.0,0.0,0.0,-51.816266775131226,0.0,ppo
2025-11-20,0.0,0.0,0.0,0.0,0.0,0.0,0.0,0.0,0.0,0.0,0.0,0.0,-15.287335216999054,0.0,24.679269567981954,0.0,0.0,0.0,0.0,0.0,0.0,0.0,0.0,0.0,0.0,0.0,0.0,0.0,-51.81620717048645,0.0,ppo
2025-11-21,0.0,0.0,0.0,0.0,0.0,0.0,0.0,0.0,0.0,0.0,0.0,0.0,-6.3994258642196655,0.0,13.852134529271487,0.0,0.0,0.0,0.0,0.0,0.0,0.0,0.0,0.0,0.0,0.0,0.0,0.0,-40.396517515182495,0.0,ppo
2025-11-24,0.0,0.0,0.0,0.0,0.0,0.0,0.0,0.0,0.0,0.0,0.0,0.0,-3.0363664031028748,0.0,16.946109277168837,-4.873478785157204,0.0,0.0,0.0,0.0,0.0,0.0,0.0,0.0,0.0,0.0,0.0,0.0,-35.3826642036438,0.0,ppo
2025-11-25,0.0,0.0,24.71072245555011,0.0,0.0,0.0,0.0,0.0,0.0,0.0,0.0,0.0,-12.41072565317154,0.0,0.0,-2.6779891923069954,0.0,0.0,-3.800416737794876,0.0,0.0,0.0,0.0,0.0,0.0,0.0,0.0,0.0,-47.60567843914032,0.0,ppo
2025-11-26,0.0,0.0,2.8859197648117303,0.0,0.0,0.0,0.0,0.0,0.0,0.0,0.0,0.0,-14.40165638923645,0.0,37.83155083656311,-12.297139316797256,0.0,0.0,0.0,0.0,0.0,0.0,0.0,0.0,0.0,0.0,0.0,0.0,-52.00507044792175,0.0,ppo
2025-11-28,0.0,0.0,0.0,0.0,0.0,0.0,0.0,0.0,0.0,0.0,0.0,0.0,-9.687227010726929,0.0,36.97307527105751,-13.004212081432343,0.0,0.0,0.0,0.0,0.0,0.0,0.0,0.0,0.0,0.0,0.0,0.0,-47.11310267448425,0.0,ppo
2025-12-01,0.0,0.0,0.0,0.0,0.0,0.0,0.0,0.0,0.0,0.0,0.0,0.0,-10.499991476535797,0.0,22.57053002793184,-3.2790224999189377,0.0,0.0,0.0,0.0,0.0,0.0,0.0,0.0,0.0,0.0,0.0,0.0,-41.22232496738434,0.0,ppo
2025-12-02,0.0,0.0,2.9270316876467937,0.0,37.33377456665039,0.0,0.0,0.0,0.0,0.0,0.0,0.0,-9.687227010726929,0.0,0.0,-13.004212081432343,0.0,0.0,0.0,0.0,0.0,0.0,0.0,0.0,0.0,0.0,0.0,0.0,-47.11310267448425,0.0,ppo
2025-12-03,0.0,0.0,37.401083111763,0.0,0.0,0.0,0.0,0.0,0.0,0.0,0.0,0.0,-19.00913417339325,0.0,1.4560676844871847,-10.558733344078064,0.0,0.0,0.0,0.0,0.0,0.0,0.0,0.0,0.0,0.0,0.0,0.0,-56.70505166053772,0.0,ppo
2025-12-04,0.0,0.0,0.0,0.0,0.0,0.0,0.0,0.0,0.0,0.0,0.0,0.0,-10.499992966651917,0.0,22.709386528291223,-3.2790150493383408,0.0,0.0,0.0,0.0,0.0,0.0,0.0,0.0,0.0,0.0,0.0,0.0,-41.22231602668762,0.0,ppo
2025-12-05,0.0,0.0,20.347974259207195,0.0,0.0,0.0,0.0,0.0,0.0,0.0,0.0,0.0,-10.500213503837585,0.0,0.0,-3.279295191168785,0.0,0.0,0.0,0.0,0.0,0.0,0.0,0.0,0.0,0.0,0.0,0.0,-41.222840547561646,0.0,ppo
2025-12-08,0.0,0.0,0.0,0.0,0.0,0.0,0.0,0.0,0.0,0.0,0.0,0.0,-10.502955317497253,0.0,23.240423228651505,-3.2827097922563553,0.0,0.0,0.0,0.0,0.0,0.0,0.0,0.0,0.0,0.0,0.0,0.0,-41.2291556596756,0.0,ppo
2025-12-09,0.0,0.0,9.481081992699279,0.0,0.0,0.0,0.0,0.0,0.0,39.70294892787933,0.0,0.0,-20.39254903793335,0.0,0.0,0.0,0.0,0.0,-2.664167247712612,0.0,0.0,0.0,0.0,0.0,0.0,0.0,0.0,0.0,-52.48473882675171,0.0,ppo
2025-12-10,0.0,0.0,0.0,0.0,0.0,0.0,0.0,0.0,0.0,39.702945947647095,2.3884569852632467,0.0,-20.392543077468872,0.0,0.0,0.0,0.0,0.0,-2.6641612872481346,0.0,0.0,0.0,0.0,0.0,0.0,0.0,0.0,0.0,-52.48474478721619,0.0,ppo
2025-12-11,0.0,0.0,8.800385712942548,0.0,0.0,0.0,0.0,0.0,0.0,39.7029846906662,0.0,0.0,-20.392587780952454,0.0,0.0,0.0,0.0,0.0,-2.664167247712612,0.0,0.0,0.0,0.0,0.0,0.0,0.0,0.0,0.0,-52.48473882675171,0.0,ppo
2025-12-12,0.0,0.0,0.0,0.0,0.0,0.0,0.0,0.0,0.0,0.0,0.0,0.0,-17.732584476470947,0.0,23.48541993606673,0.0,0.0,0.0,0.0,0.0,0.0,0.0,0.0,0.0,0.0,0.0,0.0,0.0,-38.87537717819214,0.0,ppo
2025-12-15,0.0,0.0,0.0,0.0,0.0,0.0,0.0,0.0,0.0,0.0,0.0,0.0,-17.711664736270905,0.0,24.511022676441172,-0.7320793811231852,0.0,0.0,0.0,0.0,0.0,0.0,0.0,0.0,0.0,0.0,0.0,0.0,-38.9814555644989,0.0,ppo
2025-12-16,0.0,0.0,0.0,0.0,0.0,0.0,0.0,0.0,0.0,0.0,0.0,0.0,-16.95747673511505,0.0,27.395317214338828,-2.7796151116490364,0.0,0.0,0.0,0.0,0.0,0.0,0.0,0.0,0.0,0.0,0.0,0.0,-41.84722900390625,0.0,ppo
2025-12-17,0.0,0.0,0.0,0.0,0.0,0.0,0.0,0.0,0.0,0.0,0.0,0.0,-16.95747673511505,0.0,28.029206315905654,-2.7796151116490364,0.0,0.0,0.0,0.0,0.0,0.0,0.0,0.0,0.0,0.0,0.0,0.0,-41.84722900390625,0.0,ppo
2025-12-18,0.0,0.0,0.0,0.0,0.0,0.0,0.0,0.0,0.0,0.0,0.0,0.0,-16.95747673511505,0.0,28.040074386710014,-2.7796151116490364,0.0,0.0,0.0,0.0,0.0,0.0,0.0,0.0,0.0,0.0,0.0,0.0,-41.84722900390625,0.0,ppo
2025-12-19,0.0,0.0,0.0,0.0,0.0,0.0,0.0,0.0,0.0,0.0,0.0,0.0,-16.95747673511505,0.0,28.047696402011393,-2.7796151116490364,0.0,0.0,0.0,0.0,0.0,0.0,0.0,0.0,0.0,0.0,0.0,0.0,-41.84722900390625,0.0,ppo
2025-12-22,0.0,0.0,0.0,0.0,0.0,0.0,0.0,0.0,0.0,0.0,0.0,0.0,-18.181902170181274,0.0,28.02971060097996,-1.7696129158139229,0.0,0.0,0.0,0.0,0.0,0.0,0.0,0.0,0.0,0.0,0.0,0.0,-42.18842387199402,0.0,ppo
2025-12-23,0.0,0.0,0.0,0.0,0.0,0.0,0.0,0.0,0.0,0.0,0.0,0.0,-22.574180364608765,0.0,29.10848564318359,0.0,0.0,0.0,0.0,0.0,0.0,0.0,0.0,0.0,0.0,0.0,0.0,0.0,-42.2863632440567,0.0,ppo
2025-12-24,0.0,0.0,0.0,0.0,0.0,0.0,0.0,0.0,0.0,0.0,0.0,0.0,-18.32946389913559,0.0,35.670477020004455,-6.062789633870125,0.0,0.0,0.0,0.0,0.0,0.0,0.0,0.0,0.0,0.0,0.0,0.0,-46.890950202941895,0.0,ppo
2025-12-26,0.0,0.0,0.0,0.0,0.0,0.0,0.0,0.0,0.0,0.0,0.0,0.0,-18.329931795597076,0.0,35.632800227548074,-6.061745807528496,0.0,0.0,0.0,0.0,0.0,0.0,0.0,0.0,0.0,0.0,0.0,0.0,-46.89079821109772,0.0,ppo
2025-12-29,0.0,0.0,0.9236046449893129,0.0,33.06986689567566,0.0,0.0,0.0,0.0,0.0,0.0,0.0,-18.329745531082153,0.0,0.0,-6.062158569693565,0.0,0.0,0.0,0.0,0.0,0.0,0.0,0.0,0.0,0.0,0.0,0.0,-46.89086079597473,0.0,ppo
2025-12-30,0.0,0.0,0.0,0.0,4.182214571494919e-15,0.0,0.0,0.0,0.0,0.0,0.0,0.0,-18.32946389913559,0.0,35.563629268729784,-6.062789633870125,0.0,0.0,0.0,0.0,0.0,0.0,0.0,0.0,0.0,0.0,0.0,0.0,-46.890950202941895,0.0,ppo
2025-12-31,0.0,0.0,0.0,0.0,0.0,0.0,0.0,0.0,0.0,0.0,0.0,0.0,-18.32946389913559,0.0,35.649973494586625,-6.062789633870125,0.0,0.0,0.0,0.0,0.0,0.0,0.0,0.0,0.0,0.0,0.0,0.0,-46.890950202941895,0.0,ppo
2026-01-02,0.0,0.0,0.0,0.0,0.0,0.0,0.0,0.0,0.0,0.0,0.0,0.0,-18.32946389913559,0.0,35.50306552988588,-6.062789633870125,0.0,0.0,0.0,0.0,0.0,0.0,0.0,0.0,0.0,0.0,0.0,0.0,-46.890950202941895,0.0,ppo
2026-01-05,0.0,0.0,0.0,0.0,0.0,0.0,0.0,0.0,0.0,0.0,0.0,0.0,-18.32946389913559,0.0,35.55249794617787,-6.062789633870125,0.0,0.0,0.0,0.0,0.0,0.0,0.0,0.0,0.0,0.0,0.0,0.0,-46.890950202941895,0.0,ppo
2026-01-06,0.0,0.0,30.376356887532644,0.0,0.0,0.0,0.0,0.0,0.0,0.0,0.0,0.0,-23.019208014011383,0.0,0.0,-2.3431340232491493,0.0,0.0,0.0,0.0,0.0,-1.1268768459558487,0.0,0.0,0.0,0.0,0.0,0.0,-42.74713397026062,0.0,ppo
2026-01-07,0.0,0.0,25.812361170954627,0.0,0.0,0.0,0.0,0.0,0.0,0.0,0.0,0.0,-22.594454884529114,0.0,0.0,0.0,0.0,0.0,0.0,0.0,0.0,0.0,0.0,0.0,0.0,0.0,0.0,0.0,-42.25350022315979,0.0,ppo
2026-01-09,0.0,0.0,0.0,0.0,0.0,0.0,0.0,0.0,0.0,0.0,-18.704413277691323,0.0,0.0,0.0,0.0,0.0,0.0,0.0,-41.139230132102966,98.82065653800964,0.0,0.0,0.0,0.0,44.9376666107995,0.0,0.0,0.0,-52.68298387527466,0.0,a2c
2026-01-12,0.0,0.0,35.629355002705424,0.0,0.0,0.0,0.0,0.0,0.0,0.0,0.0,0.0,0.0,0.0,0.0,0.0,0.0,0.0,-41.139230132102966,0.0,0.0,0.0,0.0,0.0,0.0,0.0,0.0,0.0,-52.68298387527466,0.0,a2c
2026-01-13,0.0,0.0,0.0,0.0,0.0,0.0,0.0,0.0,0.0,0.0,0.0,0.0,0.0,0.0,0.0,0.0,0.0,0.0,-51.021188497543335,98.22692239736662,0.0,0.0,0.0,0.0,0.0,0.0,0.0,0.0,-54.462480545043945,0.0,a2c
2026-01-14,0.0,0.0,0.0,0.0,0.0,0.0,0.0,0.0,0.0,0.0,0.0,0.0,-6.084214523434639,0.0,0.0,0.0,0.0,0.0,-53.57862710952759,100.0,0.0,0.0,-9.9902905523777,0.0,0.0,13.64561075363061,0.0,0.0,-59.93752479553223,0.0,a2c
2026-01-15,0.0,0.0,11.734513667540321,0.0,0.0,0.0,0.0,0.0,0.0,0.0,0.0,0.0,-4.265180602669716,0.0,0.0,0.0,0.0,0.0,-52.18243598937988,97.84948229789734,0.0,0.0,-8.219421654939651,0.0,0.0,0.0,0.0,0.0,-59.91908311843872,0.0,a2c
2026-01-16,0.0,0.0,11.971648707746064,0.0,0.0,0.0,0.0,0.0,0.0,0.0,0.0,0.0,-4.264840856194496,0.0,0.0,0.0,0.0,0.0,-52.18471884727478,97.84937500953674,0.0,0.0,-8.21915790438652,0.0,0.0,0.0,0.0,0.0,-59.9190354347229,0.0,a2c
2026-01-20,0.0,0.0,12.016342491648583,0.0,0.0,0.0,0.0,0.0,0.0,0.0,0.0,0.0,-4.264827445149422,0.0,0.0,0.0,0.0,0.0,-52.18480825424194,97.84936308860779,0.0,0.0,-8.219145983457565,0.0,1.27238523883696e-15,0.0,0.0,0.0,-59.9190354347229,0.0,a2c
2026-01-21,0.0,0.0,10.579926553557486,0.0,0.0,0.0,0.0,0.0,0.0,0.0,0.0,0.0,-8.680598437786102,0.0,0.0,0.0,0.0,0.0,-48.26119840145111,93.89447569847107,0.0,0.0,-11.005475372076035,0.0,0.0,0.0,0.0,0.0,-35.3859543800354,0.0,a2c
2026-01-22,0.0,0.0,10.388823239050064,0.0,0.0,0.0,0.0,0.0,0.0,0.0,0.0,0.0,-8.712612092494965,0.0,0.0,0.0,0.0,0.0,-48.28411340713501,93.85949373245239,0.0,0.0,-11.055082827806473,0.0,0.0,0.0,0.0,0.0,-35.47699749469757,0.0,a2c
2026-01-23,0.0,0.0,10.390776744459767,0.0,0.0,0.0,0.0,0.0,0.0,0.0,0.0,0.0,-8.383576571941376,0.0,0.0,0.0,0.0,0.0,-46.81113362312317,93.64924430847168,0.0,0.0,-10.38842424750328,0.0,0.0,0.0,0.0,0.0,-34.90231931209564,0.0,a2c
2026-01-26,0.0,0.0,0.0,0.0,0.0,0.0,0.0,0.0,0.0,0.0,0.0,0.0,-8.712637424468994,0.0,0.0,0.0,0.0,0.0,-48.28422665596008,93.85950565338135,0.0,0.0,-11.055140942335129,0.0,0.0,11.129732761785855,0.0,0.0,-35.477039217948914,0.0,a2c
2026-01-27,0.0,0.0,12.534536109047465,0.0,0.0,0.0,0.0,0.0,0.0,0.0,0.0,0.0,-8.712637424468994,0.0,0.0,0.0,0.0,0.0,-48.2842355966568,93.85950565338135,0.0,0.0,-11.055143922567368,0.0,0.0,0.0,0.0,0.0,-35.47704219818115,0.0,a2c
2026-01-28,0.0,0.0,0.0,0.0,0.0,0.0,0.0,0.0,0.0,0.0,0.0,0.0,0.0,0.0,0.0,0.0,0.0,0.0,-42.15392768383026,68.22439143941058,0.0,0.0,0.0,0.0,0.0,3.242061369117035e-15,0.0,0.0,-17.827963829040527,0.0,a2c
2026-01-29,0.0,0.0,3.7388837339844984e-15,0.0,0.0,0.0,0.0,0.0,0.0,0.0,0.0,0.0,0.0,0.0,0.0,0.0,0.0,0.0,-42.15461313724518,68.05867309470318,0.0,0.0,0.0,0.0,0.0,0.0,0.0,0.0,-17.828598618507385,0.0,a2c
2026-01-30,0.0,0.0,0.0,0.0,0.0,0.0,0.0,0.0,0.0,0.0,0.0,0.0,0.0,0.0,0.0,0.0,0.0,0.0,-45.80605626106262,83.01943894010041,0.0,0.0,-0.6101436913013458,0.0,0.0,0.0,0.0,0.0,-43.2805061340332,0.0,a2c
2026-02-02,0.0,0.0,0.0,0.0,0.0,0.0,0.0,0.0,0.0,0.0,0.0,0.0,0.0,0.0,0.0,0.0,0.0,0.0,-45.75238525867462,78.50420945802313,0.0,0.0,0.0,0.0,0.0,0.0,0.0,0.0,-37.256529221718665,0.0,a2c
2026-02-03,0.0,0.0,3.739652990408864e-15,0.0,0.0,0.0,0.0,0.0,0.0,-1.3146456331014633,0.0,0.0,0.0,0.0,0.0,4.0556979946463084e-63,0.0,0.0,-28.284132480621338,39.53080416437562,0.0,0.0,0.0,0.0,3.1496107744823173e-47,3.544467626664343e-31,0.0,0.0,0.0,0.0,a2c
2026-02-04,0.0,0.0,0.0,0.0,0.0,6.342397699256589,0.0,0.0,0.0,-2.311689406633377,0.0,0.0,0.0,0.0,0.0,0.0,0.0,0.0,-27.21252143383026,0.0,0.0,0.0,0.0,0.0,0.0,0.0,0.0,0.0,0.0,0.0,a2c
2026-02-05,0.0,0.0,0.0,0.0,0.0,0.0,0.0,0.0,0.0,0.0,0.0,0.0,-8.438792824745178,0.0,0.0,0.0,0.0,0.0,-32.30717480182648,62.14445313551862,0.0,0.0,-0.463259220123291,0.0,0.0,0.0,0.0,0.0,0.0,0.0,a2c
2026-02-06,0.0,0.0,0.0,0.0,0.0,0.0,0.0,0.0,0.0,0.0,0.0,0.0,-8.438792824745178,0.0,0.0,0.0,0.0,0.0,-32.30717480182648,61.64173070930969,0.0,0.0,-0.463259220123291,0.0,0.0,0.0,0.0,0.0,0.0,0.0,a2c
2026-02-09,0.0,0.0,0.0,0.0,0.0,0.0,0.0,0.0,0.0,-3.593861684203148,0.0,0.0,0.0,0.0,0.0,0.0,0.0,0.0,-30.99263608455658,48.3494877791692,0.0,0.0,-0.7874689996242523,0.0,0.0,0.0,0.0,0.0,0.0,0.0,a2c
2026-02-10,0.0,0.0,0.0,0.0,0.0,0.0,0.0,0.0,0.0,-4.617108032107353,0.0,0.0,0.0,0.0,0.0,0.0,0.0,0.0,-30.81178367137909,49.32114116472484,0.0,0.0,-0.2824656665325165,0.0,0.0,0.0,0.0,0.0,0.0,0.0,a2c
2026-02-11,0.0,0.0,0.0,0.0,0.0,0.0,0.0,0.0,0.0,0.0,0.0,0.0,-10.728193819522858,0.0,0.0,0.0,0.0,0.0,-34.606701135635376,73.45025083518718,0.0,0.0,0.0,0.0,0.0,0.0,0.0,0.0,0.0,0.0,a2c
2026-02-12,0.0,0.0,41.72246593230264,0.0,0.0,0.0,0.0,0.0,0.0,0.0,0.0,0.0,-10.728245973587036,0.0,0.0,0.0,0.0,0.0,-34.6066951751709,0.0,0.0,0.0,0.0,0.0,0.0,0.0,0.0,0.0,0.0,0.0,a2c
2026-02-13,0.0,0.0,0.0,0.0,0.0,0.0,0.0,0.0,0.0,-4.617108032107353,0.0,0.0,0.0,0.0,0.0,0.0,0.0,0.0,-30.81178367137909,49.591058510406484,0.0,0.0,-0.2824656665325165,0.0,0.0,0.0,0.0,0.0,0.0,0.0,a2c
2026-02-17,0.0,0.0,0.0,0.0,0.0,0.0,0.0,0.0,0.0,-4.617108032107353,0.0,0.0,0.0,0.0,0.0,0.0,0.0,0.0,-30.81178367137909,48.29956394319055,0.0,0.0,-0.2824656665325165,0.0,0.0,0.0,0.0,0.0,0.0,0.0,a2c
2026-02-18,0.0,0.0,0.0,0.0,0.0,0.0,0.0,0.0,0.0,-4.617108032107353,0.0,0.0,0.0,0.0,0.0,0.0,0.0,0.0,-30.81178367137909,47.17043381654917,0.0,0.0,-0.2824656665325165,0.0,0.0,0.0,0.0,0.0,0.0,0.0,a2c
2026-02-19,0.0,0.0,4.436672422698864e-15,0.0,0.0,1.3440080187832151e-31,0.0,0.0,0.0,-4.617108032107353,0.0,0.0,0.0,0.0,0.0,0.0,0.0,0.0,-30.81178367137909,46.32743491479455,0.0,0.0,-0.2824656665325165,0.0,0.0,0.0,0.0,0.0,0.0,0.0,a2c
2026-02-20,0.0,0.0,0.0,0.0,0.0,1.1969492684865167e-15,0.0,0.0,0.0,-4.617108032107353,0.0,0.0,0.0,0.0,0.0,0.0,0.0,0.0,-30.81178367137909,46.43302002748657,0.0,0.0,-0.2824656665325165,0.0,0.0,0.0,0.0,0.0,0.0,0.0,a2c
2026-02-23,0.0,0.0,4.324335410108544e-15,0.0,0.0,1.330262578482203e-31,0.0,0.0,0.0,-4.625250399112701,0.0,0.0,0.0,0.0,0.0,0.0,0.0,0.0,-30.834171175956726,46.80769053803881,0.0,0.0,-0.2766750752925873,0.0,0.0,3.686081649580055e-47,0.0,0.0,0.0,0.0,a2c
2026-02-24,0.0,0.0,0.0,0.0,0.0,0.0,0.0,0.0,0.0,-7.3126643896102905,0.0,0.0,-5.607733502984047,0.0,0.0,0.0,0.0,0.0,-37.77132332324982,68.1679033684462,0.0,0.0,0.0,0.0,0.0,0.0,0.0,0.0,0.0,0.0,a2c
2026-02-25,0.0,0.0,0.0,0.0,0.0,0.0,0.0,0.0,0.0,-7.31268897652626,0.0,0.0,-5.607833340764046,0.0,0.0,0.0,0.0,0.0,-37.771376967430115,68.26651445023464,0.0,0.0,0.0,0.0,0.0,0.0,0.0,0.0,0.0,0.0,a2c
2026-02-26,0.0,0.0,0.0,0.0,0.0,0.0,0.0,0.0,0.0,-7.31268897652626,0.0,0.0,-5.607833340764046,0.0,0.0,0.0,0.0,0.0,-37.771376967430115,68.67640159842252,0.0,0.0,0.0,0.0,0.0,0.0,0.0,0.0,0.0,0.0,a2c
2026-02-27,0.0,0.0,0.0,0.0,0.0,0.0,0.0,0.0,0.0,-7.31268897652626,0.0,0.0,-5.607833340764046,0.0,0.0,0.0,0.0,0.0,-37.771376967430115,70.66510896417363,0.0,0.0,0.0,0.0,0.0,0.0,0.0,0.0,0.0,0.0,a2c
2026-03-02,0.0,0.0,46.96031375563965,0.0,0.0,0.0,0.0,0.0,0.0,-1.4558058232069016,0.0,0.0,-8.979514241218567,0.0,0.0,0.0,0.0,0.0,-45.679110288619995,0.0,0.0,0.0,0.0,0.0,0.0,0.0,0.0,0.0,0.0,0.0,a2c
2026-03-03,0.0,0.0,0.0,0.0,0.0,0.0,0.0,0.0,0.0,-1.4558058232069016,0.0,0.0,-8.979514241218567,0.0,0.0,0.0,0.0,0.0,-45.679110288619995,80.67611981275107,0.0,0.0,0.0,0.0,0.0,0.0,0.0,0.0,0.0,0.0,a2c
2026-03-04,0.0,0.0,8.705850948641549e-15,0.0,0.0,0.0,0.0,0.0,0.0,-1.4558058232069016,0.0,0.0,-8.979514241218567,0.0,0.0,0.0,0.0,0.0,-45.679110288619995,80.27123384135663,0.0,0.0,0.0,0.0,0.0,0.0,0.0,0.0,0.0,0.0,a2c
2026-03-05,0.0,0.0,44.629482731253916,0.0,0.0,0.0,0.0,0.0,0.0,-1.4558058232069016,0.0,0.0,-8.979514241218567,0.0,0.0,0.0,0.0,0.0,-45.679110288619995,0.0,0.0,0.0,0.0,0.0,0.0,0.0,0.0,0.0,0.0,0.0,a2c
2026-03-06,0.0,0.0,0.0,0.0,0.0,0.0,0.0,0.0,0.0,-1.4558058232069016,0.0,0.0,-8.979514241218567,0.0,0.0,0.0,0.0,0.0,-45.679110288619995,81.53903543275106,0.0,0.0,0.0,0.0,0.0,0.0,0.0,0.0,0.0,0.0,a2c
2026-03-09,0.0,0.0,0.0,0.0,0.0,0.0,0.0,0.0,0.0,-1.4561492949724197,0.0,0.0,-8.979281783103943,0.0,0.0,0.0,0.0,0.0,-45.67978084087372,80.37576992970358,0.0,0.0,0.0,0.0,0.0,0.0,0.0,0.0,0.0,0.0,a2c
2026-03-10,0.0,0.0,0.0,0.0,0.0,0.0,0.0,0.0,0.0,-1.4556080102920532,0.0,0.0,-8.980070054531097,0.0,0.0,0.0,0.0,0.0,-45.67907154560089,78.94981100801492,0.0,0.0,0.0,0.0,0.0,0.0,0.0,0.0,0.0,0.0,a2c
2026-03-11,0.0,0.0,11.164553714158368,0.0,0.0,0.0,0.0,0.0,0.0,0.0,0.0,0.0,-16.35584831237793,0.0,0.0,0.0,0.0,0.0,-42.83725023269653,83.20087790489197,0.0,0.0,-8.24345126748085,0.0,0.0,0.0,0.0,0.0,0.0,0.0,a2c
2026-03-12,0.0,0.0,60.638032841326186,0.0,0.0,0.0,0.0,0.0,0.0,0.0,0.0,0.0,-18.790152668952942,0.0,0.0,0.0,0.0,0.0,-51.08514428138733,0.0,0.0,0.0,-2.790343016386032,0.0,0.0,0.0,0.0,0.0,0.0,0.0,a2c
2026-03-13,8.889420375188434e-16,0.0,0.0,0.0,0.0,2.673931587431622,0.0,0.0,0.0,0.0,0.0,0.0,-15.881411731243134,0.0,0.0,0.0,0.0,0.0,-48.22026491165161,80.18068671226501,0.0,0.0,-1.3189934194087982,0.0,0.0,8.350163842584768e-32,0.0,0.0,0.0,0.0,a2c
2026-03-16,0.0,0.0,9.61556092314411,0.0,0.0,0.0,0.0,0.0,0.0,0.0,0.0,0.0,-15.881280601024628,0.0,0.0,0.0,0.0,0.0,-48.22009801864624,80.18099069595337,0.0,0.0,-1.3189584016799927,0.0,0.0,0.0,0.0,0.0,0.0,0.0,a2c
2026-03-17,8.992793102903194e-16,0.0,8.966676374811335,0.0,0.0,0.0,0.0,0.0,0.0,0.0,0.0,0.0,-15.881280601024628,0.0,0.0,0.0,0.0,0.0,-48.22009801864624,80.18099069595337,0.0,0.0,-1.3189584016799927,0.0,0.0,0.0,0.0,0.0,0.0,0.0,a2c
2026-03-18,0.0,0.0,0.0,0.0,0.0,2.5262931379422,0.0,0.0,0.0,0.0,0.0,0.0,-15.881280601024628,0.0,0.0,0.0,0.0,0.0,-48.220095038414,80.18099665641785,0.0,0.0,-1.318959891796112,0.0,0.0,0.0,0.0,0.0,0.0,0.0,a2c
2026-03-19,0.0,0.0,7.92274369076047,0.0,0.0,0.0,0.0,0.0,0.0,0.0,0.0,0.0,-15.881280601024628,0.0,0.0,0.0,0.0,0.0,-48.22009801864624,80.18099069595337,0.0,0.0,-1.3189584016799927,0.0,0.0,0.0,0.0,0.0,0.0,0.0,a2c
2026-03-20,0.0,0.0,7.454956549839914,0.0,0.0,0.0,0.0,0.0,0.0,0.0,0.0,0.0,-15.881280601024628,0.0,0.0,0.0,0.0,0.0,-48.22009801864624,80.18099069595337,0.0,0.0,-1.3189584016799927,0.0,0.0,0.0,0.0,0.0,0.0,0.0,a2c
2026-03-23,0.0,0.0,7.607932778021673,0.0,0.0,0.0,0.0,0.0,0.0,0.0,0.0,0.0,-16.163672506809235,0.0,0.0,0.0,0.0,0.0,-48.56899380683899,79.51463460922241,0.0,0.0,-1.4134325087070465,0.0,0.0,0.0,0.0,0.0,0.0,0.0,a2c
2026-03-24,0.0,0.0,18.414518560225954,0.0,0.0,0.0,0.0,0.0,0.0,0.0,0.0,0.0,-18.82152259349823,0.0,0.0,0.0,0.0,0.0,-50.91026425361633,71.88149690628052,0.0,0.0,-3.264738619327545,0.0,0.0,0.0,0.0,0.0,0.0,0.0,a2c
2026-03-25,0.0,0.0,1.8362153477896033,0.0,0.0,0.0,0.0,0.0,0.0,0.0,0.0,0.0,-10.184065997600555,0.0,0.0,0.0,0.0,0.0,-40.298426151275635,77.08134651184082,0.0,0.0,-6.932038813829422,0.0,0.0,0.0,0.0,0.0,0.0,0.0,a2c
2026-03-26,0.0,0.0,0.0,0.0,0.0,0.0,0.0,0.0,0.0,0.0,0.0,0.0,-6.696081161499023,0.0,0.0,0.0,0.0,0.0,-42.86680519580841,65.91233957695286,0.0,0.0,-0.18822923302650452,0.0,0.0,0.0,0.0,0.0,0.0,0.0,a2c
2026-03-27,30.417333195140408,0.0,0.0,0.0,0.0,0.0,0.0,0.0,0.0,0.0,0.0,0.0,-6.692878901958466,0.0,0.0,0.0,0.0,0.0,-42.868295311927795,0.0,0.0,0.0,-0.17017200589179993,0.0,0.0,0.0,0.0,0.0,0.0,0.0,a2c
2026-03-30,0.0,0.0,0.0,0.0,0.0,0.0,0.0,0.0,0.0,0.0,0.0,0.0,-5.244943872094154,0.0,0.0,0.0,0.0,0.0,-45.446816086769104,63.94093618571447,0.0,0.0,0.0,0.0,0.0,0.0,0.0,0.0,0.0,0.0,a2c
2026-03-31,0.0,0.0,0.0,0.0,0.0,0.0,0.0,0.0,0.0,0.0,0.0,0.0,-5.244943872094154,0.0,0.0,0.0,0.0,0.0,-45.446816086769104,64.58546653003047,0.0,0.0,0.0,0.0,0.0,0.0,0.0,0.0,0.0,0.0,a2c
2026-04-01,0.0,0.0,0.0,0.0,0.0,0.0,0.0,0.0,0.0,0.0,0.0,0.0,-5.245373770594597,0.0,0.0,0.0,0.0,0.0,-45.44575810432434,64.5413238641543,0.0,0.0,0.0,0.0,0.0,0.0,0.0,0.0,0.0,0.0,a2c
2026-04-02,7.89940612726329e-31,0.0,45.11797461179755,0.0,0.0,0.0,0.0,0.0,0.0,-2.791932038962841,0.0,0.0,-5.621160939335823,0.0,0.0,0.0,0.0,0.0,-53.636234998703,1.5037837523872458e-14,0.0,-4.112086817622185,0.0,0.0,0.0,0.0,0.0,0.0,0.0,0.0,a2c
2026-04-06,0.0,0.0,45.11630413719053,0.0,0.0,0.0,0.0,0.0,0.0,-2.791932038962841,0.0,0.0,-5.621160939335823,0.0,0.0,0.0,0.0,0.0,-53.636234998703,0.0,0.0,-4.112086817622185,0.0,0.0,0.0,0.0,0.0,0.0,0.0,0.0,a2c
2026-04-07,7.800839677874069e-31,0.0,8.539744765492994e-15,0.0,0.0,0.0,0.0,0.0,0.0,-1.3348257169127464,0.0,0.0,-2.7163054794073105,0.0,0.0,0.0,0.0,0.0,-51.831793785095215,68.17095194882326,0.0,-0.45972540974617004,0.0,0.0,0.0,0.0,0.0,0.0,0.0,0.0,a2c
2026-04-08,0.0,0.0,45.597293279190225,0.0,0.0,0.0,0.0,0.0,0.0,0.0,0.0,0.0,-9.404660761356354,0.0,0.0,0.0,0.0,0.0,-51.532286405563354,0.0,0.0,-5.493764579296112,0.0,0.0,0.0,0.0,0.0,0.0,0.0,0.0,a2c
2026-04-09,0.0,0.0,4.106603912575237e-15,0.0,0.0,0.0,0.0,0.0,0.0,0.0,0.0,0.0,-5.387226119637489,0.0,0.0,0.0,0.0,0.0,-45.76576054096222,65.97626559810158,0.0,-1.642123982310295,0.0,0.0,0.0,0.0,0.0,0.0,0.0,0.0,a2c
2026-04-13,-2.2108491510152817,0.0,0.0,-8.813802196700427,67.32193231582642,-11.542622424630412,0.0,58.37293863296509,0.0,-19.963499903678894,0.0,0.0,0.0,11.870736472889028,0.0,-7.8713297843933105,0.0,0.0,-19.39619928598404,0.0,0.0,-12.732432782649994,0.0,0.0,-35.77031493186951,0.0,0.0,0.0,0.0,79.92463707923889,a2c
2026-04-14,-22.1610426902771,0.0,0.0,0.0,0.0,0.0,0.0,0.0,0.0,-26.84924006462097,0.0,0.0,40.23864104828451,0.0,0.0,-17.06729233264923,0.0,0.0,-1.8432825803756714,0.0,0.0,-12.09324523806572,0.0,0.0,-9.167351678929997,0.0,0.0,0.0,0.0,66.67416095733643,a2c
2026-04-15,-6.04544135384803,0.0,0.0,0.0,0.0,0.0,0.0,0.0,0.0,-15.22249560803175,0.0,0.0,0.0,0.0,0.0,-14.958247542381287,0.0,0.0,-0.5705714225769043,0.0,0.0,-2.8175918385386467,0.0,0.0,0.0,0.0,0.0,0.0,0.0,63.89139055504795,a2c
2026-04-16,0.0,0.0,0.0,0.0,0.0,0.0,0.0,0.0,0.0,0.0,0.0,0.0,3.934620304041662e-15,0.0,0.0,-22.852477431297302,0.0,0.0,-3.4877486526966095,0.0,0.0,0.0,37.7318001434168,0.0,0.0,0.0,0.0,0.0,0.0,0.0,a2c
2026-04-17,0.0,0.0,0.0,0.0,0.0,0.0,0.0,0.0,0.0,0.0,0.0,0.0,0.0,0.0,0.0,-24.672341346740723,0.0,0.0,0.0,0.0,0.0,0.0,0.0,0.0,0.0,0.0,0.0,0.0,0.0,61.26004073436133,a2c
2026-04-20,0.0,0.0,0.0,0.0,0.0,0.0,0.0,0.0,0.0,0.0,0.0,0.0,0.0,0.0,0.0,-25.410878658294678,0.0,0.0,-9.743450582027435,0.0,0.0,0.0,0.0,0.0,0.0,0.0,0.0,0.0,0.0,73.64482314698522,a2c
2026-04-21,0.0,0.0,0.0,0.0,42.15383637332016,0.0,0.0,0.0,0.0,0.0,0.0,0.0,0.0,0.0,0.0,-25.378498435020447,0.0,0.0,-9.658194333314896,0.0,0.0,0.0,0.0,0.0,0.0,0.0,0.0,0.0,0.0,0.0,a2c
2026-04-22,0.0,0.0,0.0,0.0,0.0,0.0,0.0,0.0,0.0,0.0,0.0,0.0,0.0,0.0,0.0,-25.41089355945587,0.0,0.0,-9.74346548318863,0.0,0.0,0.0,0.0,0.0,0.0,0.0,0.0,0.0,0.0,72.52579775921926,a2c
2026-04-23,0.0,0.0,0.0,0.0,0.0,0.0,0.0,0.0,0.0,0.0,0.0,0.0,0.0,0.0,0.0,-24.680502712726593,0.0,0.0,0.0,0.0,0.0,0.0,0.0,0.0,0.0,0.0,0.0,0.0,0.0,59.43044874645843,a2c
2026-04-24,0.0,0.0,0.0,0.0,0.0,0.0,0.0,0.0,0.0,0.0,0.0,0.0,0.0,0.0,0.0,-30.21911382675171,0.0,0.0,-10.277952998876572,0.0,0.0,0.0,0.0,0.0,0.0,0.0,0.0,0.0,0.0,82.60725793393831,a2c
2026-04-27,0.0,0.0,0.0,0.0,0.0,0.0,0.0,0.0,0.0,0.0,0.0,0.0,0.0,0.0,0.0,-31.410765647888184,0.0,0.0,-12.783695757389069,0.0,0.0,0.0,0.0,0.0,0.0,0.0,0.0,0.0,0.0,88.88950019006369,a2c
2026-04-28,0.0,0.0,0.0,0.0,0.0,0.0,0.0,0.0,0.0,0.0,0.0,0.0,0.0,51.36734465760106,0.0,-31.410765647888184,0.0,0.0,-12.783695757389069,0.0,0.0,0.0,0.0,0.0,0.0,0.0,0.0,0.0,0.0,0.0,a2c
2026-04-29,0.0,0.0,0.0,0.0,0.0,0.0,0.0,0.0,0.0,0.0,0.0,0.0,0.0,0.0,0.0,-34.56510305404663,0.0,0.0,-2.6656851172447205,0.0,0.0,0.0,0.0,0.0,0.0,0.0,0.0,0.0,0.0,87.41696490604805,a2c
2026-04-30,0.0,0.0,0.0,0.0,0.0,0.0,0.0,0.0,0.0,0.0,0.0,0.0,0.0,0.0,0.0,-26.318159699440002,0.0,0.0,-24.907822906970978,0.0,0.0,0.0,0.0,0.0,0.0,0.0,0.0,0.0,0.0,91.56538239547753,a2c
2026-05-01,0.0,0.0,0.0,0.0,15.158753525767144,0.0,0.0,0.0,0.0,0.0,0.0,0.0,0.0,0.0,0.0,-45.77781856060028,0.0,0.0,-15.929599106311798,0.0,0.0,0.0,0.0,0.0,0.0,0.0,0.0,0.0,0.0,100.0,a2c
2026-05-04,0.0,0.0,2.3174525658197397e-63,0.0,0.0,0.0,0.0,36.30845218700243,0.0,0.0,0.0,0.0,0.0,1.9708727595725576e-15,0.0,-47.63974845409393,0.0,0.0,-11.346282064914703,4.496849110741491e-31,0.0,0.0,2.821665078935055e-47,0.0,0.0,0.0,0.0,0.0,0.0,100.0,a2c
2026-05-05,0.0,0.0,0.0,0.0,2.8611077114455554,0.0,0.0,0.0,0.0,0.0,0.0,0.0,0.0,0.0,0.0,-35.617417097091675,0.0,0.0,-19.150541722774506,0.0,0.0,0.0,0.0,0.0,0.0,0.0,0.0,0.0,0.0,100.0,a2c
2026-05-06,0.0,0.0,0.0,0.0,5.374546909282707,0.0,0.0,0.0,0.0,0.0,0.0,0.0,0.0,0.0,0.0,-43.13579201698303,0.0,0.0,-6.598249077796936,0.0,0.0,0.0,0.0,0.0,0.0,0.0,0.0,0.0,0.0,100.0,a2c
2026-05-07,0.0,0.0,0.0,0.0,20.525801726946515,0.0,0.0,0.0,0.0,0.0,0.0,0.0,0.0,0.0,0.0,-47.63779640197754,0.0,0.0,-18.67762804031372,0.0,0.0,0.0,0.0,0.0,0.0,0.0,0.0,0.0,0.0,100.0,a2c
2026-05-08,0.0,0.0,0.0,0.0,4.922657541914686,0.0,0.0,0.0,0.0,0.0,0.0,0.0,0.0,0.0,0.0,-43.13766360282898,0.0,0.0,-6.6017575562000275,0.0,0.0,0.0,0.0,0.0,0.0,0.0,0.0,0.0,0.0,100.0,a2c
2026-05-11,0.0,0.0,0.0,0.0,0.0,0.0,0.0,0.0,0.0,0.0,0.0,0.0,0.0,36.42964106462907,0.0,-24.63215389416314,0.0,0.0,-6.598208099603653,0.0,0.0,0.0,0.0,0.0,0.0,0.0,0.0,0.0,0.0,0.0,a2c
2026-05-12,0.0,0.0,0.0,0.0,0.0,0.0,0.0,0.0,0.0,0.0,0.0,0.0,0.0,0.0,0.0,0.0,0.0,0.0,-6.598208099603653,0.0,0.0,0.0,0.0,0.0,0.0,0.0,0.0,0.0,0.0,7.397895347289187,a2c
2026-05-13,0.0,0.0,0.0,0.0,0.0,0.0,0.0,0.0,0.0,0.0,0.0,0.0,0.0,0.0,0.0,0.0,0.0,0.0,-6.598207354545593,0.0,0.0,0.0,0.0,0.0,0.0,0.0,0.0,0.0,0.0,7.234685881998654,a2c
2026-05-14,0.0,0.0,0.0,0.0,0.0,0.0,0.0,0.0,0.0,0.0,0.0,0.0,0.0,0.0,0.0,0.0,0.0,0.0,-6.598208099603653,0.0,0.0,0.0,0.0,0.0,0.0,0.0,0.0,0.0,0.0,7.367895254279705,a2c
2026-05-15,0.0,0.0,0.0,0.0,0.0,0.0,0.0,0.0,0.0,0.0,0.0,0.0,0.0,0.0,0.0,0.0,0.0,0.0,0.0,0.0,0.0,0.0,0.0,0.0,0.0,0.0,0.0,0.0,0.0,0.0,a2c
2026-05-18,0.0,0.0,0.0,0.0,0.0,0.0,0.0,0.0,0.0,0.0,0.0,0.0,0.0,0.0,0.0,0.0,0.0,0.0,0.0,0.0,0.0,0.0,0.0,0.0,0.0,0.0,0.0,0.0,0.0,0.0,a2c
2026-05-19,0.0,0.0,0.0,0.0,0.0,0.0,0.0,0.0,0.0,0.0,0.0,0.0,0.0,0.0,0.0,0.0,0.0,0.0,0.0,0.0,0.0,0.0,0.0,0.0,0.0,0.0,0.0,0.0,0.0,0.0,a2c
