date,portfolio_value,reward,unscaled_reward,cash,transaction_costs,trades,turbulence,risk_off,selected_model
2023-01-04,999543.2887003898,-0.04567112996102078,-456.7112996102078,785713.8838694572,214.07204408645632,14,48.617618480310206,False,ddpg
2023-01-05,990229.7120192527,-0.9313576681137086,-9313.576681137085,571670.6496336936,427.9014489173889,28,75.76188417571507,False,ddpg
2023-01-06,1002470.2822843551,1.2240570265102433,12240.570265102433,362181.83890972135,637.1809801101687,42,36.88287126590971,False,ddpg
2023-01-09,1000358.6987352371,-0.21115835491180188,-2111.5835491180187,148538.92830371857,850.6104612350467,56,27.665622415606787,False,ddpg
2023-01-10,1000424.9931328935,0.006629439765634015,66.29439765634015,0.0,999.0009990009995,67,32.68206897992657,False,ddpg
2023-01-11,1015812.2058436584,1.538721271076496,15387.212710764958,0.0,999.0009990009995,67,12.194550716494993,False,ddpg
2023-01-12,1023973.4455093791,0.8161239665720729,8161.239665720728,0.0,999.0009990009995,67,31.517460622940924,False,ddpg
2023-01-13,1025514.7425772882,0.1541297067909036,1541.2970679090358,0.0,999.0009990009995,67,18.95959843909522,False,ddpg
2023-01-17,1019372.8547767774,-0.614188780051074,-6141.88780051074,0.0,999.0009990009995,67,16.752907774513883,False,ddpg
2023-01-18,998893.2677540423,-2.0479587022735157,-20479.587022735155,0.0,999.0009990009995,67,93.66725005285348,False,ddpg
2023-01-19,990758.8484998001,-0.813441925424221,-8134.41925424221,0.0,999.0009990009995,67,29.96924214535943,False,ddpg
2023-01-20,1007373.9450780713,1.6615096578271245,16615.096578271245,0.0,999.0009990009995,67,36.12941970797391,False,ddpg
2023-01-23,1015478.1321887451,0.8104187110673753,8104.187110673753,0.0,999.0009990009995,67,41.29164800434987,False,ddpg
2023-01-24,1021254.5990466123,0.57764668578672,5776.466857867199,0.0,999.0009990009995,67,24.267918218779265,False,ddpg
2023-01-25,1021724.2784335775,0.0469679386965232,469.67938696523197,0.0,999.0009990009995,67,70.90109706442583,False,ddpg
2023-01-26,1013366.4538060651,-0.8357824627512368,-8357.824627512367,0.0,999.0009990009995,67,15.23518020865826,False,ddpg
2023-01-27,1016957.705730068,0.35912519240028923,3591.251924002892,0.0,999.0009990009995,67,78.08712783463974,False,ddpg
2023-01-30,1012222.6796173464,-0.4735026112721651,-4735.026112721651,0.0,999.0009990009995,67,111.89017051287912,False,ddpg
2023-01-31,1029154.5232891802,1.6931843671833864,16931.843671833863,0.0,999.0009990009995,67,63.07367884174347,False,ddpg
2023-02-01,1035141.9144896807,0.5987391200500425,5987.391200500425,0.0,999.0009990009995,67,33.734816310882906,False,ddpg
2023-02-02,1027694.5236774783,-0.7447390812202357,-7447.390812202357,0.0,999.0009990009995,67,26.401697821252355,False,ddpg
2023-02-03,1021201.6401437237,-0.6492883533754619,-6492.883533754618,0.0,999.0009990009995,67,77.42937474874395,False,ddpg
2023-02-06,1021560.3397814941,0.035869963777042,358.69963777041994,0.0,999.0009990009995,67,56.11819515246941,False,ddpg
2023-02-07,1032405.1757708127,1.0844835989318555,10844.835989318555,0.0,999.0009990009995,67,16.689097054582486,False,ddpg
2023-02-08,1030469.3120735026,-0.19358636973100948,-1935.8636973100947,0.0,999.0009990009995,67,35.21474062374773,False,ddpg
2023-02-09,1024424.5369839731,-0.6044775089529459,-6044.775089529459,0.0,999.0009990009995,67,22.908968136690973,False,ddpg
2023-02-10,1029182.3092277908,0.4757772243817686,4757.772243817686,0.0,999.0009990009995,67,18.04913138754658,False,ddpg
2023-02-13,1041999.9450925179,1.2817635864727084,12817.635864727083,0.0,999.0009990009995,67,16.313795799879674,False,ddpg
2023-02-14,1040715.0036365159,-0.12849414560019504,-1284.9414560019502,0.0,999.0009990009995,67,9.036396525600187,False,ddpg
2023-02-15,1040335.7940027255,-0.03792096337904222,-379.20963379042223,0.0,999.0009990009995,67,20.557400149016424,False,ddpg
2023-02-16,1023838.3032231198,-1.6497490779605695,-16497.490779605694,0.0,999.0009990009995,67,17.834731917629504,False,ddpg
2023-02-17,1029611.6289593164,0.5773325736196595,5773.325736196594,0.0,999.0009990009995,67,44.30944026337915,False,ddpg
2023-02-21,1008613.582487331,-2.0998046471985408,-20998.046471985406,0.0,999.0009990009995,67,18.711727424089204,False,ddpg
2023-02-22,1005208.0702334185,-0.34055122539125154,-3405.5122539125155,0.0,999.0009990009995,67,32.79577922415548,False,ddpg
2023-02-23,1012237.285090063,0.7029214856644511,7029.214856644511,0.0,999.0009990009995,67,9.263636067054271,False,ddpg
2023-02-24,998118.0464135332,-1.4119238676529844,-14119.238676529843,0.0,999.0009990009995,67,54.28339232253821,False,ddpg
2023-02-27,1000003.0616970204,0.18850152834872716,1885.0152834872715,0.0,999.0009990009995,67,14.233045927985344,False,ddpg
2023-02-28,994238.2747525868,-0.5764786944433581,-5764.78694443358,0.0,999.0009990009995,67,4.5887735855771,False,ddpg
2023-03-01,991890.2141408355,-0.23480606117513964,-2348.060611751396,0.0,999.0009990009995,67,38.81900733446325,False,ddpg
2023-03-02,1001612.1822500427,0.9721968109207229,9721.968109207228,0.0,999.0009990009995,67,36.74991290203244,False,ddpg
2023-03-03,1014053.5196743384,1.2441337424295722,12441.337424295722,0.0,999.0009990009995,67,53.7611377002007,False,ddpg
2023-03-06,1014294.6267787684,0.024110710442997518,241.10710442997515,0.0,999.0009990009995,67,15.9362057001613,False,ddpg
2023-03-07,1000122.1405011883,-1.417248627758003,-14172.486277580028,0.0,999.0009990009995,67,31.885617154918307,False,ddpg
2023-03-08,996568.5392968081,-0.35536012043802767,-3553.6012043802766,0.0,999.0009990009995,67,19.950066892968735,False,ddpg
2023-03-09,979899.5763615996,-1.666896293520846,-16668.96293520846,0.0,999.0009990009995,67,15.800387192936997,False,ddpg
2023-03-10,973251.8378437939,-0.6647738517805701,-6647.738517805701,0.0,999.0009990009995,67,22.22479849723993,False,ddpg
2023-03-13,971722.6297446827,-0.1529208099111216,-1529.2080991112161,0.0,999.0009990009995,67,87.73452334074322,False,ddpg
2023-03-14,985317.8795995119,1.3595249854829163,13595.249854829162,0.0,999.0009990009995,67,46.45314379454592,False,ddpg
2023-03-15,977313.4839044462,-0.8004395695065615,-8004.395695065615,0.0,999.0009990009995,67,25.895660316711407,False,ddpg
2023-03-16,994731.8437280981,1.7418359823651846,17418.359823651845,0.0,999.0009990009995,67,38.78757752703601,False,ddpg
2023-03-17,984749.0010341787,-0.9982842693919433,-9982.842693919432,0.0,999.0009990009995,67,31.9670684006825,False,ddpg
2023-03-20,993920.2778743238,0.9171276840145118,9171.276840145118,0.0,999.0009990009995,67,37.117017558330694,False,ddpg
2023-03-21,1004077.3004424049,1.0157022568081158,10157.022568081156,0.0,999.0009990009995,67,24.35202688315801,False,ddpg
2023-03-22,983843.2975302278,-2.0234002912177123,-20234.002912177122,0.0,999.0009990009995,67,17.21119963677687,False,ddpg
2023-03-23,984242.5982969366,0.0399300766708795,399.300766708795,0.0,999.0009990009995,67,25.42086769428804,False,ddpg
2023-03-24,988715.5469865956,0.447294868965901,4472.94868965901,0.0,999.0009990009995,67,12.071049584012464,False,ddpg
2023-03-27,996938.5514368544,0.82230044502588,8223.004450258799,0.0,999.0009990009995,67,17.83760129815166,False,ddpg
2023-03-28,990322.4425304928,-0.6616108906361624,-6616.108906361624,0.0,999.0009990009995,67,29.029804825258452,False,ddpg
2023-03-29,997959.077127001,0.7636634596508229,7636.634596508229,0.0,999.0009990009995,67,14.354279050407431,False,ddpg
2023-03-30,1003586.0140282002,0.5626936901199165,5626.936901199165,0.0,999.0009990009995,67,16.642893045529586,False,ddpg
2023-03-31,1017248.6763368986,1.3662662308698403,13662.662308698402,0.0,999.0009990009995,67,7.329526925423664,False,ddpg
2023-04-03,1030508.1383998701,1.325946206297155,13259.46206297155,0.0,999.0009990009995,67,10.369364957815671,False,ddpg
2023-04-05,1030044.1294653714,0.4108897908979212,4108.897908979212,0.0,34.269907271923564,10,31.85725961097818,False,ppo
2023-04-06,1035250.8870951284,0.5206757629757048,5206.757629757049,0.0,61.07871884691743,18,47.45134964624789,False,ppo
2023-04-10,1037939.874843817,0.2688987748688553,2688.9877486885525,0.0,87.81906032103674,32,14.334257866130176,False,ppo
2023-04-11,1038631.7293320057,0.06918544881887502,691.8544881887501,0.0,119.0841388192047,42,14.29517542153832,False,ppo
2023-04-12,1036519.0133826076,-0.21127159493981162,-2112.715949398116,0.0,150.41597799934462,52,13.191583384634294,False,ppo
2023-04-13,1050273.9226548558,1.375490927224816,13754.909272248158,0.0,181.68473066537288,62,12.411661098636529,False,ppo
2023-04-14,1040087.7617482445,-1.0186160906611244,-10186.160906611243,0.0,214.53035090006952,71,18.18046215691819,False,ppo
2023-04-17,1043114.8466116672,0.30270848634226716,3027.0848634226713,0.0,254.69899775676487,83,103.21866559950114,False,ppo
2023-04-18,1044998.0076918299,0.18831610801627394,1883.1610801627394,0.0,293.50200847792036,94,11.647575222331923,False,ppo
2023-04-19,1037689.4852401474,-0.7308522451682482,-7308.522451682482,0.0,316.291521057844,102,31.520587608884487,False,ppo
2023-04-20,1033906.5050498663,-0.37829801902811744,-3782.980190281174,0.0,335.08955445051515,112,90.915452011048,False,ppo
2023-04-21,1033608.9201552075,-0.029758489465876482,-297.5848946587648,0.0,357.5622581013916,122,26.392467430588724,False,ppo
2023-04-24,1034951.2756546473,0.13423554994397566,1342.3554994397566,0.0,378.23170131503457,130,34.31180965645834,False,ppo
2023-04-25,1024301.4228144609,-1.064985284018633,-10649.852840186328,0.0,396.5244518575415,139,12.414434291928682,False,ppo
2023-04-26,1025165.7952686793,0.08643724542183337,864.3724542183337,0.0,412.1907608196326,148,10.07539953673458,False,ppo
2023-04-27,1046201.9629128182,2.1036167644138914,21036.167644138914,0.0,433.42165676344194,158,70.73849520908938,False,ppo
2023-04-28,1052303.4770688354,0.610151415601722,6101.51415601722,0.0,445.36415812897127,165,52.820813725753624,False,ppo
2023-05-01,1049465.4112005173,-0.2838065868318081,-2838.065868318081,0.0,465.9028550985912,175,24.046398751102167,False,ppo
2023-05-02,1045649.9257430001,-0.3815485457517207,-3815.4854575172067,0.0,481.86416085388964,182,21.9616854377101,False,ppo
2023-05-03,1039658.1647601663,-0.5991760982833803,-5991.760982833803,0.0,494.39294372878487,190,34.42139533414799,False,ppo
2023-05-04,1030523.1679622021,-0.913499679796421,-9134.99679796421,0.0,509.23381286136737,196,20.006544962165137,False,ppo
2023-05-05,1048068.241877206,1.7545073915003917,17545.073915003915,0.0,521.4804271656949,202,19.34308597034587,False,ppo
2023-05-08,1047993.6943971777,-0.00745474800283555,-74.5474800283555,0.0,539.7985030015494,212,14.340484196436805,False,ppo
2023-05-09,1045248.450782617,-0.2745243614560692,-2745.2436145606916,0.0,556.5469362190875,219,7.605496569012365,False,ppo
2023-05-10,1049924.826061103,0.46763752784860557,4676.375278486055,0.0,572.6812815477753,225,15.29512347760191,False,ppo
2023-05-11,1045034.4830901471,-0.48903429709558843,-4890.342970955884,0.0,587.0727418443013,231,17.742412631171188,False,ppo
2023-05-12,1041062.7357752128,-0.3971747314934386,-3971.747314934386,0.0,600.9156110534905,237,50.072378469578,False,ppo
2023-05-15,1041471.9962680755,0.04092604928627843,409.2604928627843,0.0,614.0211435954438,243,11.436224070586023,False,ppo
2023-05-16,1037476.7402846848,-0.3995255983390729,-3995.255983390729,0.0,627.7848552729153,248,8.038729035274624,False,ppo
2023-05-17,1049783.3224143058,1.2306582129620947,12306.582129620945,0.0,637.1155428052409,252,17.65757511927638,False,ppo
2023-05-18,1056228.1995325412,0.6444877118235455,6444.877118235455,0.0,646.477884029248,257,18.91829957640753,False,ppo
2023-05-19,1055059.9238338284,-0.11682756987127942,-1168.275698712794,0.0,655.9344008970902,263,14.83379418760848,False,ppo
2023-05-22,1053835.466090886,-0.12244577429424972,-1224.4577429424971,0.0,662.7523154460532,267,13.984044301734905,False,ppo
2023-05-23,1042526.3404274932,-1.1309125663392712,-11309.125663392711,0.0,670.8102990943229,271,38.871016024212295,False,ppo
2023-05-24,1040832.6554641858,-0.169368496330746,-1693.6849633074598,0.0,681.6921110399476,276,29.310775061466835,False,ppo
2023-05-25,1044099.3042601708,0.3266648795985035,3266.6487959850347,0.0,687.6032267172322,281,18.11343797357665,False,ppo
2023-05-26,1057565.2791832865,1.3465974923115689,13465.974923115687,0.0,693.2671495789641,286,137.4635388604851,False,ppo
2023-05-30,1056766.713204926,-0.07985659783603624,-798.5659783603624,0.0,700.7922120067407,291,21.34586136312895,False,ppo
2023-05-31,1057051.7904601656,0.02850772552394774,285.0772552394774,0.0,709.4636538824954,295,20.33284934764629,False,ppo
2023-06-01,1071140.6459860713,1.4088855525905732,14088.855525905732,0.0,720.525039650077,300,27.303746522810496,False,ppo
2023-06-02,1086708.5034097724,1.5567857423701092,15567.857423701093,0.0,735.2063341230121,304,59.376416237883305,False,ppo
2023-06-05,1084282.2613849002,-0.24262420248722194,-2426.242024872219,0.0,750.1945331120357,309,89.29611177326537,False,ppo
2023-06-06,1076502.7197814146,-0.7779541603485588,-7779.541603485588,0.0,762.2409159721905,314,22.775727156282557,False,ppo
2023-06-07,1064174.7602786394,-1.2327959502775223,-12327.959502775222,0.0,774.3287164966819,323,21.22926632896889,False,ppo
2023-06-08,1078173.4201939078,1.399865991526842,13998.659915268421,0.0,783.255213167011,326,37.19742154955682,False,ppo
2023-06-09,1079918.8218770754,0.17454016831675545,1745.4016831675544,0.0,798.5253295317575,331,19.944281741027616,False,ppo
2023-06-12,1089613.5364956686,0.9694714618593222,9694.714618593222,0.0,811.054856587939,335,6.826302995391488,False,ppo
2023-06-13,1091446.4639749508,0.18329274792822545,1832.9274792822544,0.0,823.7667035096541,340,12.950266150467291,False,ppo
2023-06-14,1078293.7983732107,-1.3152665601740126,-13152.665601740126,0.0,835.6459690373098,346,21.186033068594497,False,ppo
2023-06-15,1093900.5313127679,1.5606732939557173,15606.732939557172,0.0,846.5177159858472,349,57.25726498251986,False,ppo
2023-06-16,1084822.5585667414,-0.907797274602647,-9077.97274602647,0.0,857.2377158056125,352,20.08400604397453,False,ppo
2023-06-20,1083375.4923652285,-0.14470662015129346,-1447.0662015129344,0.0,867.6263055578089,356,14.07037005201848,False,ppo
2023-06-21,1081771.9937788078,-0.16034985864206683,-1603.4985864206683,0.0,875.9538089225523,360,31.7499174885977,False,ppo
2023-06-22,1093305.6524390539,1.153365866024606,11533.65866024606,0.0,881.983558839797,362,18.239266518247906,False,ppo
2023-06-23,1088950.2558529885,-0.43553965860654137,-4355.396586065413,0.0,887.5083964506485,364,22.772821451920315,False,ppo
2023-06-26,1080944.0481791508,-0.8006207673837664,-8006.207673837664,0.0,892.7321247655194,366,13.272192292665302,False,ppo
2023-06-27,1092673.0112648471,1.1728963085696336,11728.963085696336,0.0,899.3638775215103,368,30.37611912458479,False,ppo
2023-06-28,1090026.0833005768,-0.2646927964270348,-2646.9279642703477,0.0,899.3638775215103,368,16.545761867174,False,ppo
2023-06-29,1095011.8412435125,0.4985757942935685,4985.757942935685,0.0,899.8523789483553,370,22.17372352011019,False,ppo
2023-06-30,1110907.7017493213,1.5895860505808843,15895.860505808841,0.0,900.3474980186445,372,30.843216227612437,False,ppo
2023-07-03,1106231.842633976,-0.4675859115345404,-4675.859115345404,0.0,901.2022732628078,374,23.440498872899305,False,ppo
2023-07-05,1102019.324380376,-0.4212518253599992,-4212.518253599992,0.0,902.0688665322508,377,20.41263934323746,False,ppo
2023-07-07,1088290.3335399213,-0.8746274143435294,-8746.274143435294,0.0,64.79071776721035,19,18.284962752591483,False,ppo
2023-07-10,1083933.6260916942,-0.43567074482270984,-4356.707448227098,3550.364572177981,128.38031355747668,39,16.819336552972377,False,ppo
2023-07-11,1087727.1107261428,0.3793484634448542,3793.484634448542,0.0,211.46763634736925,59,39.928709686498735,False,ppo
2023-07-12,1088844.8064019978,0.11176956758550369,1117.6956758550368,78.42503742403409,276.9914017664055,81,28.796278214780397,False,ppo
2023-07-13,1094280.8854417799,0.5436079039782054,5436.079039782053,0.0,338.9169653018968,101,28.291521078629387,False,ppo
2023-07-14,1107048.2804949004,1.2767395053120563,12767.395053120563,6022.738918106077,403.1151974522123,121,21.379444121698253,False,ppo
2023-07-17,1110828.9060768043,0.3780625581903849,3780.6255819038493,0.0,483.2136350388737,138,70.4336587758952,False,ppo
2023-07-18,1122538.1405812125,1.1709234504408204,11709.234504408203,6675.25720760679,550.3989805217096,159,66.08056427730558,False,ppo
2023-07-19,1126675.330247981,0.4137189666768536,4137.189666768536,0.0,619.8474808334295,174,69.49148404269322,False,ppo
2023-07-20,1119914.3931192544,-0.6760937128726626,-6760.937128726626,4604.156266243193,686.9021319388148,195,40.87635352939338,False,ppo
2023-07-21,1120807.5078103964,0.08931146911419928,893.1146911419928,0.0,759.1665682117876,211,99.37802983621256,False,ppo
2023-07-24,1122832.4411790732,0.20249333686768078,2024.9333686768077,5702.750412691157,832.9502302291576,231,25.02556343636952,False,ppo
2023-07-25,1125978.271638842,0.3145830459768884,3145.830459768884,0.0,903.380495330096,245,19.34062934044882,False,ppo
2023-07-26,1118622.1840991972,-0.7356087539644912,-7356.087539644912,950.8944925021727,973.1073025813669,263,41.71767192960108,False,ppo
2023-07-27,1105460.449239911,-1.316173485928611,-13161.734859286109,0.0,1030.6297204848186,279,66.4631599421354,False,ppo
2023-07-28,1119878.5583856367,1.4418109145725613,14418.109145725612,0.0,1099.0345394337105,297,99.81560257193722,False,ppo
2023-07-31,1121370.2187183443,0.14916603327076883,1491.6603327076882,0.0,1164.9898092735527,311,33.963074983066775,False,ppo
2023-08-01,1115041.9575849369,-0.6328261133407476,-6328.261133407475,0.0,1230.729642910317,330,45.00995203224541,False,ppo
2023-08-02,1100147.0531455863,-1.4894904439350591,-14894.90443935059,0.0,1295.6933233999505,346,87.2272001743069,False,ppo
2023-08-03,1099832.8708899985,-0.03141822555877734,-314.18225558777334,0.0,1341.0500811710178,359,12.763965384257247,False,ppo
2023-08-04,1116433.2119561462,1.6600341066147668,16600.341066147666,0.0,1372.518174221742,365,17.739431530096287,False,ppo
2023-08-07,1128877.6258676024,1.2444413911456242,12444.413911456242,0.0,1405.7317560947354,375,112.73528086120672,False,ppo
2023-08-08,1128624.991454123,-0.02526344134793617,-252.63441347936168,0.0,1440.7734608679689,382,25.973831624719097,False,ppo
2023-08-09,1120110.3121108725,-0.8514679343250581,-8514.67934325058,0.0,1469.0830928540881,389,26.609585590374515,False,ppo
2023-08-10,1123642.6735258545,0.3532361414982006,3532.361414982006,0.0,1500.421418049842,395,13.267746707060992,False,ppo
2023-08-11,1125416.4808565467,0.1773807330692187,1773.807330692187,0.0,1535.6409822409796,404,15.87150685434541,False,ppo
2023-08-14,1130504.9442332527,0.5088463376706001,5088.463376706,0.0,1571.3171377002514,411,16.57448498428913,False,ppo
2023-08-15,1123079.8205004032,-0.742512373284949,-7425.12373284949,0.0,1612.5727977066967,419,17.189451046153994,False,ppo
2023-08-16,1113070.5017850695,-1.0009318715333706,-10009.318715333706,0.0,1644.5792388125678,426,16.947347930636916,False,ppo
2023-08-17,1106949.8024338256,-0.6120699351243908,-6120.699351243908,0.0,1651.552932163884,429,10.983072747996989,False,ppo
2023-08-18,1105081.9789007327,-0.18678235330928583,-1867.8235330928583,0.0,1660.8541494968588,432,41.269363563091794,False,ppo
2023-08-21,1110483.4563461265,0.5401477445393801,5401.477445393801,0.0,1665.8441326312102,435,8.657406305720876,False,ppo
2023-08-22,1107886.3492107098,-0.2597107135416707,-2597.1071354167066,0.0,1665.911376082256,437,29.9445122960267,False,ppo
2023-08-23,1118173.7581756855,1.0287408964975737,10287.408964975737,0.0,1665.911376082256,437,17.493834565763436,False,ppo
2023-08-24,1099469.3262079793,-1.8704431967706188,-18704.431967706187,0.0,1665.911376082256,437,39.05971214915394,False,ppo
2023-08-25,1107732.4225375107,0.82630963295314,8263.0963295314,0.0,1665.911376082256,437,26.32973605574694,False,ppo
2023-08-28,1110882.0972215175,0.3149674684006721,3149.674684006721,0.0,1665.911376082256,437,17.753221609274625,False,ppo
2023-08-29,1124823.9167368885,1.3941819515370997,13941.819515370997,0.0,1669.7108033169952,439,21.149530592024732,False,ppo
2023-08-30,1127623.979703392,0.2800062966503436,2800.0629665034357,0.0,1674.1963895190502,441,24.058076102598243,False,ppo
2023-08-31,1134055.5808151993,0.6431601111807395,6431.601111807394,0.0,1678.6877378253632,443,7.785007377139129,False,ppo
2023-09-01,1137054.4822884216,0.29989014732223007,2998.9014732223004,0.0,1682.4439510778595,446,27.44391580900107,False,ppo
2023-09-05,1130731.485989607,-0.6322996298814658,-6322.996298814658,0.0,1686.228320710185,448,18.172481802708212,False,ppo
2023-09-06,1114068.374203448,-1.6663111786158988,-16663.11178615899,0.0,1686.228320710185,448,23.5354877821244,False,ppo
2023-09-07,1120086.2875935987,0.601791339015076,6017.913390150759,0.0,1690.0038016025808,451,29.189886627723546,False,ppo
2023-09-08,1127197.501925024,0.7111214331425261,7111.214331425261,0.0,1690.0038016025808,451,29.70033640782463,False,ppo
2023-09-11,1145641.6025747755,1.8444100649751491,18444.10064975149,0.0,1692.2129543681735,454,16.314158546387564,False,ppo
2023-09-12,1133877.4952648217,-1.1764107309953775,-11764.107309953775,0.0,1694.3208632288565,457,19.261185804258513,False,ppo
2023-09-13,1140541.6364103064,0.6664141145484755,6664.141145484755,0.0,1698.019837368646,460,26.98688556420595,False,ppo
2023-09-14,1148646.9349909686,0.8105298580662115,8105.298580662115,0.0,1702.024972780493,464,48.912792369501304,False,ppo
2023-09-15,1131951.3914859667,-1.6695543505001813,-16695.543505001813,0.0,1703.8502797757403,466,33.65816024102276,False,ppo
2023-09-18,1136728.6729569416,0.47772814709749073,4777.281470974907,0.0,1706.7866209497608,470,29.10435668037668,False,ppo
2023-09-19,1132600.2323537562,-0.41284406031854454,-4128.440603185445,0.0,1709.7126466234126,472,22.537390784762817,False,ppo
2023-09-20,1127097.1333681191,-0.5503098985637073,-5503.0989856370725,0.0,1712.6350269927432,474,12.813082007623391,False,ppo
2023-09-21,1103700.8278503674,-2.3396305517751723,-23396.305517751724,0.0,1714.0071022421687,476,28.420462529129736,False,ppo
2023-09-22,1101057.3177386723,-0.26435101116951554,-2643.510111695155,0.0,1715.373847472665,478,35.330990649237705,False,ppo
2023-09-25,1107223.779424474,0.6166461685801856,6166.461685801856,0.0,1716.7298138255915,480,11.476006215898304,False,ppo
2023-09-26,1087052.7822858267,-2.017099713864736,-20170.997138647363,0.0,1718.0880469999415,482,15.794606805312068,False,ppo
2023-09-27,1084430.1908580496,-0.26225914277771956,-2622.5914277771953,0.0,1720.8107692379976,484,17.763130861009607,False,ppo
2023-09-28,1086618.9175693402,0.21887267112906558,2188.7267112906557,0.0,1723.5294276505138,486,14.000315029081284,False,ppo
2023-09-29,1086504.8364329995,-0.011408113634074107,-114.08113634074107,0.0,1726.265234094375,488,24.0242126552382,False,ppo
2023-10-02,1093539.7147833616,0.7034878350362181,7034.878350362181,0.0,1729.019445035764,490,35.288262499035255,False,ppo
2023-10-03,1072167.6722585165,-2.1372042524845107,-21372.042524845107,0.0,1729.019445035764,490,32.91411815932344,False,ppo
2023-10-05,1081404.3143342002,-0.4598940595202381,-4598.940595202381,0.0,10.176847249690518,3,21.3824230929131,False,ppo
2023-10-06,1094747.630089078,1.334331575487787,13343.315754877869,0.0,20.438589685314263,7,82.668596469433,False,ppo
2023-10-09,1101896.1992003727,0.7148569111294579,7148.569111294579,0.0,36.443219968565636,12,44.490864614211134,False,ppo
2023-10-10,1105146.0820380924,0.324988283771975,3249.8828377197497,0.0,46.70702698140752,18,16.715950323565487,False,ppo
2023-10-11,1124412.3378162915,1.9266255778199062,19266.25577819906,0.0,48.91205375008166,21,22.079063113392607,False,ppo
2023-10-12,1126952.3353572527,0.25399975409612524,2539.997540961252,0.0,49.2616088666664,24,41.34331478760535,False,ppo
2023-10-13,1117720.0409880874,-0.923229436916532,-9232.29436916532,0.0,50.563689140414496,27,27.53950208152155,False,ppo
2023-10-16,1131179.393946018,1.345935295793065,13459.35295793065,0.0,51.863079518572725,30,30.99487929730559,False,ppo
2023-10-17,1124476.2042430337,-0.6703189702984411,-6703.189702984411,0.0,53.181370528452106,32,12.595080136981297,False,ppo
2023-10-18,1114727.1679602906,-0.9749036282743095,-9749.036282743094,0.0,54.500298452504644,34,20.54849869263919,False,ppo
2023-10-19,1111086.0459458502,-0.36411220144403633,-3641.1220144403633,0.0,54.500298452504644,34,76.06246066033503,False,ppo
2023-10-20,1095813.426868318,-1.5272619077532088,-15272.619077532087,0.0,56.03939974755212,36,26.537108241260057,False,ppo
2023-10-23,1094816.753427722,-0.09966734405960888,-996.6734405960888,0.0,58.18664641662451,39,36.49813885418675,False,ppo
2023-10-24,1106466.9442216638,1.165019079394173,11650.19079394173,0.0,58.685550163882624,42,30.013600488874733,False,ppo
2023-10-25,1083859.6320999921,-2.2607312121671628,-22607.312121671628,0.0,59.18839586723621,45,122.57932628698263,False,ppo
2023-10-26,1066755.7310682666,-1.7103901031725575,-17103.901031725574,0.0,59.68665073296544,48,89.65885071414698,False,ppo
2023-10-27,1080307.7934251123,1.3552062356845709,13552.062356845709,0.0,62.008060806341554,51,79.69345285431986,False,ppo
2023-10-30,1101713.2556050871,2.1405462179974886,21405.462179974886,0.0,63.39551576835478,54,83.00584989078158,False,ppo
2023-10-31,1098558.2026221398,-0.31550529829473234,-3155.052982947323,0.0,63.54039895462485,56,31.9263104002395,False,ppo
2023-11-01,1119346.3644242082,2.0788161802068355,20788.161802068353,0.0,63.64207163314229,58,71.22603219015164,False,ppo
2023-11-02,1134377.7758873897,1.503141146318149,15031.41146318149,0.0,66.75354982824142,61,26.18518942579269,False,ppo
2023-11-03,1139008.6694517613,0.46308935643716254,4630.893564371625,0.0,70.7932304058468,64,21.22437405144913,False,ppo
2023-11-06,1148847.2776600309,0.983860820826958,9838.60820826958,0.0,74.87713614207354,67,31.86281081534677,False,ppo
2023-11-07,1158260.4312957798,0.9413153635748895,9413.153635748895,0.0,78.94722753267858,70,9.559231192927705,False,ppo
2023-11-08,1159171.5232792667,0.09110919834868983,911.0919834868982,0.0,83.02791360747294,73,10.429169199508348,False,ppo
2023-11-09,1144915.367927082,-1.425615535218455,-14256.155352184549,0.0,87.07242664817565,76,12.679155735295067,False,ppo
2023-11-10,1165292.6571934691,2.0377289266387,20377.289266386997,0.0,91.10694709353132,82,56.96086097641368,False,ppo
2023-11-13,1160481.9553467103,-0.4810701846758835,-4810.701846758835,0.0,95.2132957389395,85,20.85393106516765,False,ppo
2023-11-14,1176938.7498701646,1.6456794523454272,16456.79452345427,0.0,99.30852520279481,88,18.496926586262923,False,ppo
2023-11-15,1173915.0890571089,-0.30236608130556997,-3023.6608130556997,0.0,99.79761531483578,91,36.31158943270046,False,ppo
2023-11-16,1168529.6114323426,-0.5385477624766296,-5385.477624766296,0.0,100.28493156317012,97,24.174751879968145,False,ppo
2023-11-17,1167316.4261100206,-0.12131853223219514,-1213.1853223219514,0.0,104.46902317067948,100,261.326523660882,False,ppo
2023-11-20,1174037.948360337,0.6721522250316339,6721.522250316339,0.0,105.93368151142722,103,20.06715299028469,False,ppo
2023-11-21,1163026.8246719919,-1.1011123688345077,-11011.123688345077,0.0,110.14676492205774,106,21.719074735833637,False,ppo
2023-11-22,1175065.612712899,1.2038788040907122,12038.788040907122,0.0,114.49574954435711,109,18.4294420035791,False,ppo
2023-11-24,1175633.0903674066,0.056747765450761656,567.4776545076165,0.0,115.9561521090991,112,14.396707534236214,False,ppo
2023-11-27,1176955.2443489917,0.13221539815850555,1322.1539815850554,0.0,117.4234299817159,115,5.188026950671363,False,ppo
2023-11-28,1180002.169267382,0.3046924918390345,3046.924918390345,0.0,118.88978503436374,119,6.206188310403967,False,ppo
2023-11-29,1175317.1139567976,-0.46850553105843723,-4685.055310584372,0.0,120.36292591057267,122,19.10625261361726,False,ppo
2023-11-30,1180310.2753703175,0.49931614135198765,4993.161413519876,0.0,121.83470931159034,125,16.56085006347788,False,ppo
2023-12-01,1184411.9353188141,0.4101659948496614,4101.659948496614,0.0,126.10608805614585,128,55.28563415086104,False,ppo
2023-12-04,1174655.3656386991,-0.9756569680114976,-9756.569680114975,0.0,130.19117472998795,131,32.95406893041611,False,ppo
2023-12-05,1179921.5456725387,0.526618003383954,5266.180033839541,0.0,135.1982268458383,134,26.11830442139047,False,ppo
2023-12-06,1169412.8633983142,-1.050868227422447,-10508.68227422447,0.0,142.28766653918612,138,58.56580554313221,False,ppo
2023-12-07,1179778.5359858805,1.036567258756631,10365.67258756631,0.0,148.19992640023304,142,15.139898284087552,False,ppo
2023-12-08,1179732.676357807,-0.004585962807363831,-45.859628073638305,0.0,154.13313263650784,147,14.457888226895069,False,ppo
2023-12-11,1177230.9256310163,-0.2501750726790633,-2501.750726790633,0.0,159.99669973338916,152,21.95680718431886,False,ppo
2023-12-12,1185769.70674154,0.8538781110523734,8538.781110523734,0.0,165.83412381379082,156,31.125504683023912,False,ppo
2023-12-13,1203063.4686541066,1.729376191256661,17293.76191256661,0.0,168.7896696004629,159,8.323218765605427,False,ppo
2023-12-14,1187809.7159491463,-1.5253752704960295,-15253.752704960294,0.0,176.22666857312237,164,35.356911432061196,False,ppo
2023-12-15,1194571.5724973595,0.6761856548213168,6761.856548213167,0.0,181.8562112103324,167,75.38244435094126,False,ppo
2023-12-18,1206740.9755966128,1.2169403099253309,12169.403099253308,0.0,187.51544836512886,170,18.06086248126627,False,ppo
2023-12-19,1210315.726743751,0.35747511471381876,3574.7511471381877,0.0,193.2553476302074,173,21.39679748858358,False,ppo
2023-12-20,1197084.28101181,-1.3231445731940912,-13231.44573194091,0.0,198.98237461829987,176,9.850378309504642,False,ppo
2023-12-21,1206976.4920598594,0.9892211048049387,9892.211048049387,0.0,204.9642035277111,180,17.629094254612106,False,ppo
2023-12-22,1211841.4688429742,0.48649767831147184,4864.976783114718,0.0,212.02905164670858,183,9.764918413063302,False,ppo
2023-12-26,1211607.4174692277,-0.023405137374647896,-234.05137374647893,0.0,217.3579840634178,186,85.63516202645837,False,ppo
2023-12-27,1214821.4540399604,0.32140365707327145,3214.0365707327146,0.0,222.71740823985573,190,4.770862632177803,False,ppo
2023-12-28,1217256.0046861437,0.24345506461833138,2434.550646183314,0.0,228.08812256732895,193,4.419532025398101,False,ppo
2023-12-29,1213322.2393470858,-0.39337653390578925,-3933.765339057892,0.0,233.46246986251592,198,7.285156525787727,False,ppo
2024-01-02,1211115.6694505871,-0.22065698964986952,-2206.569896498695,0.0,238.81735237305793,201,2.9550341216370395,False,ppo
2024-01-03,1208930.9583625752,-0.21847110880119727,-2184.7110880119726,0.0,244.94860703497204,204,55.326426264086855,False,ppo
2024-01-05,1196444.2397229942,-0.1580126602590317,-1580.1266025903171,0.0,162.27516942055217,9,20.258792421642408,False,ddpg
2024-01-08,1219036.4616033246,2.259222188033047,22592.22188033047,0.0,320.9542169660243,16,17.544396568746677,False,ddpg
2024-01-09,1221638.3855977468,0.26019239944221917,2601.9239944221918,0.0,483.06640744888136,24,64.45684945757168,False,ddpg
2024-01-10,1229440.8480723053,0.7802462474558503,7802.462474558502,0.0,645.0619749002288,32,17.746096975204768,False,ddpg
2024-01-11,1232406.2155540935,0.2965367481788155,2965.3674817881547,0.0,807.4868478483256,40,23.08357078340254,False,ddpg
2024-01-12,1226849.3369872365,-0.5556878566856962,-5556.878566856962,0.0,969.9057514239981,48,25.06487809218838,False,ddpg
2024-01-16,1220558.4460148585,-0.6290890972377966,-6290.890972377966,0.0,1132.9397777919175,56,41.51204583555025,False,ddpg
2024-01-17,1222286.5889913803,0.17281429765217474,1728.1429765217472,0.0,1288.004015298044,63,62.82396929734922,False,ddpg
2024-01-18,1225326.2064425764,0.3039617451196071,3039.6174511960708,0.0,1421.161008756246,73,14.763297927955936,False,ddpg
2024-01-19,1216184.6932888192,-0.9141513153757201,-9141.513153757202,0.0,1556.0679513314928,79,28.16969340802314,False,ddpg
2024-01-22,1227123.070129309,1.0938376840489916,10938.376840489917,0.0,1614.7056380075119,84,77.41309415749538,False,ddpg
2024-01-23,1230840.5820127698,0.3717511883460684,3717.5118834606837,0.0,1656.1746708362555,87,19.319717879653155,False,ddpg
2024-01-24,1226355.8622928062,-0.4484719719963614,-4484.719719963614,0.0,1697.918077576,90,166.486950653183,False,ddpg
2024-01-25,1209131.3177523327,-1.7224544540473494,-17224.544540473493,0.0,1739.6819739274513,93,20.594719431109898,False,ddpg
2024-01-26,1219809.5689029843,1.0678251150651603,10678.251150651602,0.0,1781.7736301350133,96,183.40212933892315,False,ddpg
2024-01-29,1231072.4309886429,1.1262862085658591,11262.862085658591,0.0,1824.2318623629903,99,89.31401661281859,False,ddpg
2024-01-30,1227615.065030109,-0.34573659585339483,-3457.3659585339483,0.0,1867.167662677178,104,18.36650112697265,False,ddpg
2024-01-31,1226954.596666577,-0.06604683635318652,-660.4683635318652,0.0,1909.6876274536125,108,18.88238786739136,False,ddpg
2024-02-01,1229338.446608106,0.2383849941528868,2383.849941528868,0.0,1946.372575961331,111,38.95601512267056,False,ddpg
2024-02-02,1242122.3415039233,1.2783894895817387,12783.894895817386,0.0,1978.1967515416102,115,82.9392203084131,False,ddpg
2024-02-05,1224587.9876044071,-1.7534353899516166,-17534.353899516165,0.0,2012.524423381489,117,51.54812171938917,False,ddpg
2024-02-06,1238581.3847984339,1.3993397194026738,13993.397194026737,0.0,2046.5523949216674,119,61.05227425241932,False,ddpg
2024-02-07,1256614.0183626509,1.8032633564217018,18032.633564217016,0.0,2080.3485974983873,121,24.252855506608665,False,ddpg
2024-02-08,1259715.8205880008,0.31018022253499367,3101.8022253499366,0.0,2100.100366095909,123,50.34558026350061,False,ddpg
2024-02-09,1259811.8810963652,0.009606050836434588,96.06050836434588,0.0,2100.100366095909,123,112.76770183786556,False,ddpg
2024-02-12,1255872.7238719752,-0.39391572243899575,-3939.1572243899573,0.0,2100.100366095909,123,16.640032347910388,False,ddpg
2024-02-13,1247830.7064079393,-0.804201746403589,-8042.017464035889,0.0,2100.100366095909,123,14.672717264344753,False,ddpg
2024-02-14,1253813.402978482,0.5982696570542642,5982.696570542641,0.0,2100.100366095909,123,22.438633862173575,False,ddpg
2024-02-15,1258566.2944751175,0.4752891496635508,4752.891496635508,0.0,2100.100366095909,123,11.209464000501058,False,ddpg
2024-02-16,1254800.387421086,-0.3765907054031501,-3765.9070540315006,0.0,2100.100366095909,123,25.87072585534257,False,ddpg
2024-02-20,1254858.7703908284,0.005838296974240802,58.38296974240802,0.0,2100.100366095909,123,12.582393299457834,False,ddpg
2024-02-21,1258633.3436529757,0.37745732621473727,3774.5732621473726,0.0,2100.100366095909,123,46.01644395345684,False,ddpg
2024-02-22,1276592.1297517507,1.7958786098774988,17958.78609877499,0.0,2100.100366095909,123,24.412835449876543,False,ddpg
2024-02-23,1279354.3225851953,0.27621928334445695,2762.1928334445693,0.0,2100.100366095909,123,59.83220754251535,False,ddpg
2024-02-26,1275461.3317052943,-0.38929908799009866,-3892.9908799009863,0.0,2100.100366095909,123,7.371390003327809,False,ddpg
2024-02-27,1262633.5854442378,-1.2827746261056514,-12827.746261056513,0.0,2100.100366095909,123,19.57526997359285,False,ddpg
2024-02-28,1241959.3865534286,-2.0674198890809206,-20674.198890809206,0.0,2100.100366095909,123,22.82128798718834,False,ddpg
2024-02-29,1240010.2916604849,-0.19490948929437438,-1949.0948929437436,0.0,2100.100366095909,123,21.645413638597766,False,ddpg
2024-03-01,1238061.3937621613,-0.19488978983236013,-1948.8978983236013,0.0,2100.100366095909,123,29.955807786946387,False,ddpg
2024-03-04,1229161.9107202976,-0.8899483041863656,-8899.483041863656,0.0,2100.100366095909,123,18.76406530293707,False,ddpg
2024-03-05,1208045.3818282536,-2.111652889204398,-21116.528892043978,0.0,2100.100366095909,123,42.00394520162916,False,ddpg
2024-03-06,1210448.5495977357,0.24031677694821266,2403.1677694821265,0.0,2100.100366095909,123,37.29618329421079,False,ddpg
2024-03-07,1230066.54882318,1.961799922544416,19617.99922544416,0.0,2100.100366095909,123,17.328917657880577,False,ddpg
2024-03-08,1224534.0696524677,-0.5532479170712177,-5532.479170712177,0.0,2100.100366095909,123,30.522980103711543,False,ddpg
2024-03-11,1242429.804159648,1.7895734507180285,17895.734507180285,0.0,2100.100366095909,123,23.03814183382527,False,ddpg
2024-03-12,1249934.8357078978,0.7505031548249769,7505.031548249768,0.0,2100.100366095909,123,32.47566379574073,False,ddpg
2024-03-13,1242632.4734894105,-0.7302362218487309,-7302.362218487309,0.0,2100.100366095909,123,41.846142502831064,False,ddpg
2024-03-14,1245582.5108189706,0.29500373295601456,2950.0373295601453,0.0,2100.100366095909,123,77.17964880117962,False,ddpg
2024-03-15,1243788.887698763,-0.17936231202075725,-1793.6231202075724,0.0,2100.100366095909,123,24.607835949138284,False,ddpg
2024-03-18,1239449.5683243072,-0.4339319374455838,-4339.3193744558375,0.0,2100.100366095909,123,23.59601335109103,False,ddpg
2024-03-19,1251604.9728589482,1.2155404534640954,12155.404534640955,0.0,2100.100366095909,123,13.279860962912222,False,ddpg
2024-03-20,1258943.237217203,0.7338264358254848,7338.264358254847,0.0,2100.100366095909,123,11.471727256741511,False,ddpg
2024-03-21,1262837.9101167766,0.3894672899573576,3894.6728995735757,0.0,2100.100366095909,123,17.563830526189722,False,ddpg
2024-03-22,1256099.7842171476,-0.673812589962897,-6738.125899628969,0.0,2100.100366095909,123,56.543228622738106,False,ddpg
2024-03-25,1246893.9877654007,-0.9205796451746953,-9205.796451746952,0.0,2100.100366095909,123,39.29840603566153,False,ddpg
2024-03-26,1255193.8470519737,0.8299859286573017,8299.859286573017,0.0,2100.100366095909,123,30.041986611728777,False,ddpg
2024-03-27,1260528.4300484213,0.5334582996447571,5334.582996447571,0.0,2100.100366095909,123,12.709047511125352,False,ddpg
2024-03-28,1263089.933521004,0.256150347258267,2561.50347258267,0.0,2100.100366095909,123,43.71913469161537,False,ddpg
2024-04-01,1249101.3243809808,-1.3988609140023125,-13988.609140023123,0.0,2100.100366095909,123,7.814802762748226,False,ddpg
2024-04-02,1197105.8755733876,-5.19954488075932,-51995.448807593195,0.0,2100.100366095909,123,61.451994780565144,False,ddpg
2024-04-03,1199031.2528248436,0.1925377251456026,1925.377251456026,0.0,2100.100366095909,123,42.72744405887717,False,ddpg
2024-04-04,1186555.5454806306,-1.2475707344213036,-12475.707344213035,0.0,2100.100366095909,123,49.84887556263234,False,ddpg
2024-04-08,1192759.3722451031,0.019371359527064487,193.71359527064487,0.0,12.219099092615295,5,14.109126484958152,False,ppo
2024-04-09,1201882.6697607127,0.9123297515609535,9123.297515609534,0.0,16.092373644017744,10,10.777614070533964,False,ppo
2024-04-10,1174142.6885733197,-2.773998118739296,-27739.981187392958,0.0,28.090906633242906,15,31.20888921164996,False,ppo
2024-04-11,1163748.2020416788,-1.039448653164087,-10394.486531640869,0.0,42.19305700786372,19,40.90395793575211,False,ppo
2024-04-12,1154725.6056703683,-0.9022596371310531,-9022.59637131053,0.0,58.4241159834287,22,40.12874520611408,False,ppo
2024-04-15,1156707.8756035748,0.1982269933206495,1982.269933206495,0.0,69.05491874435127,25,96.9680217257442,False,ppo
2024-04-16,1186467.2350172258,2.975935941365105,29759.35941365105,0.0,76.54910330806196,28,53.69189406231833,False,ppo
2024-04-17,1201070.004797774,1.4602769780548057,14602.769780548057,0.0,82.21151250836229,31,48.61583092059186,False,ppo
2024-04-18,1218676.5434010632,1.7606538603289286,17606.538603289286,0.0,86.65426990609971,33,91.65662040166868,False,ppo
2024-04-19,1224308.8212713473,0.5632277870284161,5632.2778702841615,0.0,90.18920724733228,36,23.082423269001534,False,ppo
2024-04-22,1213828.9850340895,-1.0479836237257814,-10479.836237257812,0.0,90.18920724733228,36,79.93760642918329,False,ppo
2024-04-23,1204869.0220238548,-0.8959963010234758,-8959.963010234758,0.0,94.30530666793499,41,42.60936741989538,False,ppo
2024-04-24,1207452.4330799715,0.2583411056116689,2583.411056116689,0.0,95.43176525893232,46,32.341927767176564,False,ppo
2024-04-25,1212975.7364129599,0.5523303332988406,5523.303332988406,0.0,97.49364094691605,49,29.80059761600538,False,ppo
2024-04-26,1220227.3825085682,0.7251646095608362,7251.646095608361,0.0,102.52591485987479,52,130.86269414025193,False,ppo
2024-04-29,1209432.3571380456,-1.0795025370522635,-10795.025370522635,0.0,104.64983919836682,55,20.130129715963243,False,ppo
2024-04-30,1189928.002223917,-1.9504354914128548,-19504.354914128548,0.0,105.0423375884038,57,26.95743169622615,False,ppo
2024-05-01,1194515.87479769,0.45878725737729115,4587.872573772911,0.0,106.10787231235878,61,62.83299781115099,False,ppo
2024-05-02,1210436.9806276306,1.5921105829940645,15921.105829940645,0.0,107.38020955579371,63,55.56694898625766,False,ppo
2024-05-03,1219359.391120754,0.8922410493123345,8922.410493123345,0.0,110.30198738456689,67,29.593440348847587,False,ppo
2024-05-06,1228382.734831558,0.9023343710804126,9023.343710804125,0.0,119.40214255236921,72,166.94864438408504,False,ppo
2024-05-07,1238923.4594199425,1.0540724588384387,10540.724588384386,0.0,119.96184005672704,75,26.90681457901295,False,ppo
2024-05-08,1243193.0857648088,0.42696263448663524,4269.626344866352,0.0,120.98048756055691,78,58.19450628185984,False,ppo
2024-05-09,1251133.3987219208,0.7940312957111979,7940.312957111979,0.0,122.02692591761839,81,16.052427754708617,False,ppo
2024-05-10,1261352.7764990644,1.0219377777143615,10219.377777143614,0.0,123.05946725900961,84,17.342163348187782,False,ppo
2024-05-13,1255773.5889669335,-0.5579187532130861,-5579.187532130862,0.0,124.86275072993563,87,29.3978147452122,False,ppo
2024-05-14,1259012.3773277001,0.32387883607666007,3238.7883607666004,0.0,126.67152077377875,90,23.947676119522814,False,ppo
2024-05-15,1270625.3854016645,1.161300807396439,11613.008073964389,0.0,136.6280380635715,96,12.562927168648113,False,ppo
2024-05-16,1272412.804402908,0.17874190012435429,1787.4190012435429,0.0,143.25490064166075,100,36.55578641823665,False,ppo
2024-05-17,1275933.4295357536,0.3520625132845482,3520.625132845482,0.0,143.49718217194012,106,124.41019879429648,False,ppo
2024-05-20,1263779.721612027,-1.2153707923726644,-12153.707923726644,0.0,149.53094269920794,110,8.739206059371924,False,ppo
2024-05-21,1274454.0189347118,1.06742973226849,10674.297322684899,0.0,159.1838767045057,114,55.78455606966713,False,ppo
2024-05-22,1269323.388333256,-0.5130630601455923,-5130.630601455923,0.0,168.87092331597034,118,33.6571321813984,False,ppo
2024-05-23,1257142.745316566,-1.2180643016689923,-12180.643016689923,0.0,178.48569244929286,122,16.409832759638583,False,ppo
2024-05-24,1246626.2068600564,-1.051653845650959,-10516.53845650959,0.0,186.3399521652911,127,47.25461510025036,False,ppo
2024-05-28,1238606.012883612,-0.8020193976444425,-8020.193976444425,0.0,192.6637022456396,131,23.74409063355145,False,ppo
2024-05-29,1206469.134188934,-3.213687869467796,-32136.878694677962,0.0,198.93357091040605,136,29.668300754837915,False,ppo
2024-05-30,1200329.513233891,-0.6139620955043007,-6139.620955043007,0.0,205.59382452272274,138,21.48214945936296,False,ppo
2024-05-31,1223703.274658231,2.3373761424340076,23373.761424340075,0.0,218.159415390626,144,251.80201311799465,False,ppo
2024-06-03,1223709.3441275891,0.0006069469358073548,6.0694693580735475,0.0,226.4728510901257,148,40.6639416910651,False,ppo
2024-06-04,1239343.3679236637,1.5634023796074559,15634.023796074558,0.0,240.53564147693214,154,39.14761371307084,False,ppo
2024-06-05,1239965.268772813,0.06219008491493296,621.9008491493296,0.0,247.24995155835134,158,26.487402423269607,False,ppo
2024-06-06,1236468.9115719935,-0.34963572008195337,-3496.357200819534,0.0,254.07401228659643,162,35.98556038089853,False,ppo
2024-06-07,1211614.1996973013,-2.4854711874692237,-24854.711874692235,0.0,257.52038710492565,166,17.991874188045003,False,ppo
2024-06-10,1221291.2236811393,0.9677023983838037,9677.023983838037,0.0,258.9275267671206,170,44.200713257302326,False,ppo
2024-06-11,1227076.8048613057,0.5785581180166454,5785.581180166453,0.0,263.3869747375036,173,24.798970608472775,False,ppo
2024-06-12,1229551.9822088082,0.24751773475024386,2475.1773475024384,0.0,267.8846814172831,176,68.46144493393396,False,ppo
2024-06-13,1237308.61010424,0.7756627895431826,7756.627895431825,0.0,280.32653905077007,181,38.03487608871248,False,ppo
2024-06-14,1235068.8068795162,-0.22398032247237862,-2239.803224723786,0.0,290.23594138716925,184,17.02455847374752,False,ppo
2024-06-17,1232742.8387866516,-0.23259680928646123,-2325.968092864612,0.0,300.08033112858084,188,7.693707685838344,False,ppo
2024-06-18,1220088.1842066613,-1.2654654579990312,-12654.65457999031,0.0,310.06498178716384,191,15.737853974470733,False,ppo
2024-06-20,1226357.2086421386,0.6269024435477332,6269.024435477331,0.0,317.16947696498084,194,16.81018650345626,False,ppo
2024-06-21,1226467.7702479921,0.011056160585349426,110.56160585349426,0.0,324.2982280198339,197,31.571631501361225,False,ppo
2024-06-24,1234744.2677001546,0.8276497452162439,8276.497452162439,0.0,330.38813531614005,200,30.043716856422268,False,ppo
2024-06-25,1221033.573291151,-1.371069440900348,-13710.694409003481,0.0,336.46863293501303,204,45.73779614140045,False,ppo
2024-06-26,1222405.5468758582,0.1371973584707128,1371.9735847071279,0.0,342.43681032938713,207,31.08594347636657,False,ppo
2024-06-27,1226574.3059065382,0.41687590306799394,4168.759030679939,0.0,348.4446509734997,211,25.971494805598976,False,ppo
2024-06-28,1258075.1166551204,3.150081074858224,31500.81074858224,0.0,351.0155625669333,214,49.2620189645376,False,ppo
2024-07-01,1236033.5529245967,-2.204156373052369,-22041.563730523685,0.0,364.8417414617982,220,289.4047818873523,False,ppo
2024-07-02,1240950.9757686593,0.49174228440625595,4917.422844062559,0.0,378.5739341950819,225,75.86377022824148,False,ppo
2024-07-03,1230069.8293273605,-1.088114644129877,-10881.14644129877,0.0,392.23817078758674,229,26.30911168991199,False,ppo
2024-07-05,1229610.8326412612,-0.045899668609933,-458.99668609932996,0.0,399.05874244993186,233,17.765478141243435,False,ppo
2024-07-09,1233030.812494365,-0.09444975239636842,-944.4975239636842,23485.31897738376,198.97775458640763,22,27.112200499728296,False,a2c
2024-07-10,1254778.21203151,2.174739953714493,21747.399537144927,0.0,361.7951021559346,37,21.166618915252208,False,a2c
2024-07-11,1259672.2290824691,0.489401705095917,4894.01705095917,0.0,524.5944076853441,52,29.09371175595772,False,a2c
2024-07-12,1271438.9239440346,1.1766694861565485,11766.694861565486,5446.481874382001,719.4126977539498,72,36.40086342508282,False,a2c
2024-07-15,1275491.7604776826,0.4052836533647962,4052.836533647962,0.0,810.7327625326421,83,31.603334749497485,False,a2c
2024-07-16,1324753.9694109638,4.926220893328125,49262.20893328125,2204.5048924262283,1005.2969654539851,103,28.979724385526076,False,a2c
2024-07-17,1353396.802676021,2.864283326505707,28642.833265057066,0.0,1034.8454164827492,110,56.50948384369781,False,a2c
2024-07-18,1338589.8696269062,-1.4806933049114654,-14806.933049114654,0.0,1132.3625450812735,118,38.59961489690985,False,a2c
2024-07-19,1332717.241634837,-0.5872627992069349,-5872.627992069349,0.0,1201.4744330023077,126,35.10203354433213,False,a2c
2024-07-22,1330779.232211541,-0.19380094232959674,-1938.0094232959673,0.0,1317.4879852538493,136,74.29025809902205,False,a2c
2024-07-23,1332651.7015707581,0.18724693592172117,1872.4693592172116,0.0,1389.286519448105,145,48.250278867518105,False,a2c
2024-07-24,1317078.495384361,-1.5573206186397235,-15573.206186397234,0.0,1458.1356219717961,155,100.83696692029818,False,a2c
2024-07-25,1310060.9006687175,-0.7017594715643442,-7017.594715643441,0.0,1526.599107979233,164,61.88074119841397,False,a2c
2024-07-26,1347496.258157124,3.7435357488406593,37435.35748840659,0.0,1604.6407504429485,172,107.3402513928965,False,a2c
2024-07-29,1343203.2112853527,-0.42930468717713377,-4293.0468717713375,0.0,1726.2374567753552,181,269.2546495674431,False,a2c
2024-07-30,1344936.2958237536,0.17330845384008717,1733.0845384008717,0.0,1825.6677706254752,188,43.32057120556378,False,a2c
2024-07-31,1366953.9021531632,2.201760632940964,22017.60632940964,0.0,1947.3422951211987,196,203.59235142627023,False,a2c
2024-08-01,1346166.6942923388,-2.078720786082442,-20787.20786082442,0.0,2090.514180761724,205,58.32743731104978,False,a2c
2024-08-02,1343945.347154254,-0.2221347138084704,-2221.347138084704,0.0,2215.1424885834226,214,71.1166409052552,False,a2c
2024-08-05,1302296.6391586643,-4.164870799558982,-41648.70799558982,0.0,2328.9827250304393,221,109.48126734293382,False,a2c
2024-08-06,1312169.8480295867,0.9873208870922449,9873.208870922448,0.0,2439.222042368256,228,55.33919406621539,False,a2c
2024-08-07,1292253.9902697066,-1.9915857759880136,-19915.857759880135,0.0,2557.227164347261,239,32.29052887604965,False,a2c
2024-08-08,1317362.885321199,2.510889505149238,25108.89505149238,0.0,2683.298030668359,247,56.64674570276469,False,a2c
2024-08-09,1313542.8558773962,-0.38200294438027776,-3820.0294438027777,0.0,2807.7737333187956,257,19.88634689113228,False,a2c
2024-08-12,1317698.088409679,0.4155232532282826,4155.232532282826,0.0,2948.2079381937665,267,11.525508266306316,False,a2c
2024-08-13,1341220.2536353755,2.352216522569652,23522.165225696517,0.0,3001.9957347463005,273,27.241765066327577,False,a2c
2024-08-14,1350418.8512334854,0.919859759810986,9198.59759810986,0.0,3014.9120702007394,278,23.91533491516006,False,a2c
2024-08-15,1376003.434536984,2.558458330349857,25584.58330349857,0.0,3027.885948941432,282,8.339510362946495,False,a2c
2024-08-16,1384346.6057408715,0.8343171203887556,8343.171203887556,0.0,3054.4891558050217,287,86.25585919615486,False,a2c
2024-08-19,1397894.8343899818,1.35482286491103,13548.2286491103,0.0,3070.8332377786287,291,11.902098236052572,False,a2c
2024-08-20,1394406.3172834776,-0.348851710650418,-3488.5171065041795,0.0,3087.219841647562,295,23.66637293885694,False,a2c
2024-08-21,1403309.4577446845,0.8903140461206902,8903.140461206902,0.0,3103.320786856169,299,17.967495962534166,False,a2c
2024-08-22,1387201.2290059794,-1.6108228738705164,-16108.228738705164,0.0,3116.582067011804,303,15.767614298489464,False,a2c
2024-08-23,1408010.9730080557,2.080974400207633,20809.74400207633,0.0,3129.637491623883,307,10.699257458898572,False,a2c
2024-08-26,1408662.2344942407,0.06512614861850162,651.2614861850161,0.0,3142.769043801277,311,18.84433346360573,False,a2c
2024-08-27,1417082.8258548703,0.8420591360629537,8420.591360629536,0.0,3155.794533776728,315,11.220256717759266,False,a2c
2024-08-28,1406086.6264907573,-1.0996199364112924,-10996.199364112923,0.0,3168.8183204726,319,12.97489238625706,False,a2c
2024-08-29,1400312.384306507,-0.5774242184250383,-5774.242184250383,0.0,3181.7184047129417,323,11.151239828429055,False,a2c
2024-08-30,1413606.6879989891,1.329430369248218,13294.303692482179,0.0,3194.70874371883,327,24.57460551102332,False,a2c
2024-09-03,1379598.2069717622,-3.40084810272269,-34008.481027226895,0.0,3207.8211607516055,331,21.530582469042567,False,a2c
2024-09-04,1376709.9260663386,-0.28882809054236863,-2888.2809054236864,0.0,3220.4816191955592,335,58.32591887707034,False,a2c
2024-09-05,1370726.092852863,-0.5983833213475533,-5983.833213475533,0.0,3233.178612040212,341,26.436209489646767,False,a2c
2024-09-06,1348498.144098891,-2.222794875397207,-22227.94875397207,0.0,3245.840649286829,346,24.72494631685621,False,a2c
2024-09-09,1375142.4976205206,2.6644353521629704,26644.353521629702,0.0,3258.2539180589342,350,24.177208767600035,False,a2c
2024-09-10,1384481.6853967446,0.9339187776223989,9339.18777622399,0.0,3270.8733373406944,355,32.60574868329152,False,a2c
2024-09-11,1407610.071972387,2.3128386575642277,23128.386575642275,0.0,3277.5177054282085,358,64.96920724697999,False,a2c
2024-09-12,1420156.1972826312,1.2546125310244272,12546.125310244272,0.0,3281.0776588377166,360,43.59296639897281,False,a2c
2024-09-13,1427034.7310741676,0.6878533791536465,6878.533791536465,0.0,3284.669387748017,362,6.123894069860578,False,a2c
2024-09-16,1433041.8083789088,0.6007077304741135,6007.077304741135,0.0,3288.1287189628197,364,20.09840429063749,False,a2c
2024-09-17,1426169.8635638196,-0.6871944815089228,-6871.944815089228,0.0,3291.561129285935,367,24.533457278323947,False,a2c
2024-09-18,1413016.633050168,-1.3153230513651624,-13153.230513651622,0.0,3295.0120752056105,369,23.329514257988407,False,a2c
2024-09-19,1422945.0354940197,0.992840244385181,9928.40244385181,0.0,3298.434776772318,371,14.57067061491714,False,a2c
2024-09-20,1421468.416022588,-0.147661947143171,-1476.6194714317098,0.0,3299.4939539797706,373,56.02775590031918,False,a2c
2024-09-23,1428940.3718815125,0.7471955858924426,7471.955858924426,0.0,3300.5442241839582,375,26.763941952914664,False,a2c
2024-09-24,1424812.5631552879,-0.4127808726224583,-4127.808726224583,0.0,3301.615117544971,377,16.736622461222332,False,a2c
2024-09-25,1426871.256136536,0.2058692981248023,2058.692981248023,0.0,3302.682653621151,379,92.86466144116775,False,a2c
2024-09-26,1437883.4462692589,1.1012190132722957,11012.190132722955,0.0,3303.74449109455,381,33.45537636401734,False,a2c
2024-09-27,1434755.5813530507,-0.31278649162082,-3127.8649162081997,0.0,3304.6358994619072,385,27.764702567915513,False,a2c
2024-09-30,1432632.6327987192,-0.2122948554331437,-2122.9485543314368,0.0,3304.6358994619072,385,16.149101607954886,False,a2c
2024-10-01,1425523.4382701102,-0.7109194528609049,-7109.194528609049,0.0,3304.6358994619072,385,15.885637277981758,False,a2c
2024-10-02,1422811.9832070635,-0.2711455063046655,-2711.4550630466547,0.0,3304.6358994619072,385,29.38156172674601,False,a2c
2024-10-03,1426922.8039674112,0.41108207603476477,4110.820760347648,0.0,3304.6358994619072,385,26.29499833300518,False,a2c
2024-10-07,1431297.6991908536,-0.3719025028831326,-3719.025028831326,0.0,14.525583383172009,7,21.136186167227955,False,ppo
2024-10-08,1449625.2863692543,1.832758717840072,18327.587178400718,0.0,25.226150787947358,12,36.90072501377408,False,ppo
2024-10-09,1461711.6445124096,1.2086358143155231,12086.35814315523,0.0,41.986138923527825,19,27.297480124382528,False,ppo
2024-10-10,1461995.844485705,0.028419997329544276,284.19997329544276,0.0,57.417770615378615,26,33.68207666136477,False,ppo
2024-10-11,1469576.6414016965,0.7580796915991465,7580.796915991465,0.0,72.41036714355234,32,11.501849404439024,False,ppo
2024-10-14,1485672.8010693705,1.6096159667673988,16096.159667673988,0.0,86.98934078367546,37,24.594128763422777,False,ppo
2024-10-15,1470721.1301418105,-1.4951670927559957,-14951.670927559957,0.0,101.7541933621208,42,20.29168000796408,False,ppo
2024-10-16,1496407.6588068285,2.568652866501804,25686.528665018035,0.0,113.7180264645742,46,79.39395202523588,False,ppo
2024-10-17,1501627.6772327796,0.5220018425951014,5220.018425951014,0.0,128.72904637971993,51,45.79271506899515,False,ppo
2024-10-18,1507463.7134521825,0.5836036219402915,5836.036219402915,0.0,140.65012332109785,56,66.23865231822454,False,ppo
2024-10-21,1512470.306639083,0.5006593186900485,5006.593186900485,0.0,152.2372144284493,60,18.53011037280465,False,ppo
2024-10-22,1496284.235779672,-1.6186070859411035,-16186.070859411035,0.0,160.5081808149286,65,25.49953514970866,False,ppo
2024-10-23,1480548.1576341195,-1.5736078145552428,-15736.078145552427,0.0,170.4520400798357,68,67.9861341064208,False,ppo
2024-10-24,1461908.702535632,-1.8639455098487439,-18639.455098487437,0.0,178.6201769121585,72,89.78473936771763,False,ppo
2024-10-25,1455751.9990840696,-0.6156703451562441,-6156.703451562441,0.0,183.53852928514664,76,94.83404988326544,False,ppo
2024-10-28,1466650.5362451558,1.0898537161086221,10898.53716108622,0.0,188.4361376788139,80,25.495083415257525,False,ppo
2024-10-29,1462509.3677647437,-0.41411684804121035,-4141.168480412103,0.0,197.04517586669755,88,27.632920974427737,False,ppo
2024-10-30,1461168.0068378584,-0.13413609268853907,-1341.3609268853907,0.0,205.6058516971612,92,20.435575907109005,False,ppo
2024-10-31,1451197.4830650515,-0.9970523772806861,-9970.52377280686,0.0,213.73198699765967,97,35.91587390436824,False,ppo
2024-11-01,1459819.8562587379,0.8622373193686362,8622.373193686362,0.0,222.4202918045356,101,80.1765193424041,False,ppo
2024-11-04,1456059.5321241259,-0.37603241346119903,-3760.3241346119903,0.0,231.15683406528154,105,44.89990632189016,False,ppo
2024-11-05,1471642.384721004,1.5582852596878074,15582.852596878074,0.0,239.9288070346767,109,40.084975082859856,False,ppo
2024-11-06,1525927.4356460627,5.428505092505878,54285.05092505878,0.0,248.76786656754794,113,18.77592428587202,False,ppo
2024-11-07,1530115.8871127584,0.41884514666956385,4188.451466695638,0.0,264.8202834441393,118,281.7223773569988,False,ppo
2024-11-08,1534678.0921450458,0.45622050322873986,4562.205032287398,0.0,280.8722411747363,123,37.195566782236526,False,ppo
2024-11-11,1536593.3429402653,0.19152507952195594,1915.2507952195592,0.0,291.5737998337619,127,43.22532446822175,False,ppo
2024-11-12,1548029.9709393976,1.1436627999132267,11436.627999132266,0.0,302.3608007877074,131,41.33672818164978,False,ppo
2024-11-13,1551115.644644214,0.30856737048164945,3085.673704816494,0.0,318.59781852179805,136,67.51364830618634,False,ppo
2024-11-14,1551300.9629190597,0.018531827484560198,185.31827484560196,0.0,335.2780797661357,142,32.3482885961526,False,ppo
2024-11-15,1541739.4144454417,-0.9561548473617993,-9561.548473617993,0.0,350.6079302466988,150,46.49293548879699,False,ppo
2024-11-18,1542103.865504509,0.036445105906738905,364.45105906738905,0.0,367.2349126456992,156,81.63534025930261,False,ppo
2024-11-19,1551007.524520438,0.8903659015928861,8903.65901592886,0.0,383.92172303686203,162,19.24608045039828,False,ppo
2024-11-20,1544063.1741252758,-0.6944350395162124,-6944.350395162124,0.0,400.2118096873413,167,26.152565806326702,False,ppo
2024-11-21,1546088.046712798,0.2024872587522259,2024.8725875222588,0.0,416.2896709623737,172,30.648702326531,False,ppo
2024-11-22,1546970.8909938098,0.08828442810117268,882.8442810117267,0.0,432.49272131176343,177,38.14306032859644,False,ppo
2024-11-25,1549447.326463819,0.24764354700092228,2476.4354700092226,0.0,448.60370731203494,182,41.881005048229014,False,ppo
2024-11-26,1561832.6994755375,1.2385373011718506,12385.373011718506,0.0,459.41847474106885,187,38.6705678070598,False,ppo
2024-11-27,1558797.1428255425,-0.30355566499950365,-3035.5566499950364,0.0,470.03043479130895,193,38.87722792081448,False,ppo
2024-11-29,1571745.6675710608,1.2948524745518342,12948.524745518342,0.0,480.69858617496084,198,13.422248432553303,False,ppo
2024-12-02,1568762.0607548915,-0.298360681616934,-2983.60681616934,0.0,491.5761443993063,201,6.2427292854642005,False,ppo
2024-12-03,1560682.7538549812,-0.8079306899910328,-8079.306899910328,0.0,502.51744402360316,204,15.403765716159093,False,ppo
2024-12-04,1568011.374830217,0.7328620975235943,7328.620975235943,0.0,513.3535326399169,208,27.423011887482552,False,ppo
2024-12-05,1571275.3787555685,0.32640039253514264,3264.003925351426,0.0,524.121972102099,211,57.50243306540289,False,ppo
2024-12-06,1568214.06347378,-0.3061315281788586,-3061.3152817885857,0.0,534.8639225618189,215,39.095580493190646,False,ppo
2024-12-09,1549448.7983839894,-1.876526508979057,-18765.26508979057,0.0,545.6504580296107,219,38.39032018727059,False,ppo
2024-12-10,1545844.8246918214,-0.3603973692168016,-3603.973692168016,0.0,556.3277645814441,224,52.950113487538616,False,ppo
2024-12-11,1555446.698251551,0.9601873559729662,9601.873559729662,0.0,567.1107993428246,228,39.38183720043356,False,ppo
2024-12-12,1550153.3801248656,-0.5293318126685452,-5293.318126685452,0.0,577.965663660885,232,26.02238766677363,False,ppo
2024-12-13,1543438.6997072222,-0.6714680417643395,-6714.680417643394,0.0,588.8219349946482,236,33.99742065677644,False,ppo
2024-12-16,1545276.7318404834,0.18380321332612076,1838.0321332612075,0.0,599.6746928632443,240,14.063638127608666,False,ppo
2024-12-17,1535582.169752489,-0.9694562087994302,-9694.562087994302,0.0,610.5496237702243,244,47.816704932631325,False,ppo
2024-12-18,1504396.3057632283,-3.118586398926075,-31185.863989260746,0.0,621.4751905686059,248,25.12844128079849,False,ppo
2024-12-19,1514506.6581621596,1.0110352398931282,10110.352398931282,0.0,631.4432305483701,251,39.55924343382152,False,ppo
2024-12-20,1530560.3523562741,1.6053694194114534,16053.694194114532,0.0,641.594213488474,253,27.955642023618218,False,ppo
2024-12-23,1538421.819319628,0.78614669633538,7861.4669633538,0.0,651.8364290566379,255,14.9911709959256,False,ppo
2024-12-24,1550098.2993786552,1.1676480059027208,11676.480059027208,0.0,662.0628485458956,257,12.752392329872382,False,ppo
2024-12-26,1555337.1362369815,0.5238836858326337,5238.836858326336,0.0,672.399842577304,259,9.213049151972104,False,ppo
2024-12-27,1539759.4053847056,-1.5577730852275855,-15577.730852275854,0.0,682.7452186685969,264,5.761818480429648,False,ppo
2024-12-30,1527495.7170175551,-1.2263688367150491,-12263.688367150491,0.0,693.0180603435173,266,4.992948809014578,False,ppo
2024-12-31,1521516.410182216,-0.5979306835339172,-5979.306835339172,0.0,703.182906265512,268,8.183240497334095,False,ppo
2025-01-02,1529112.1099875527,0.7595699805336772,7595.6998053367715,0.0,713.3712866238945,270,5.3770273493786895,False,ppo
2025-01-03,1546025.4559865815,1.6913345999028768,16913.345999028767,0.0,723.5067948388419,272,19.26171297586661,False,ppo
2025-01-07,1524462.5490758447,-2.1368316855957734,-21368.31685595773,0.0,27.788910215602954,4,24.121602661968772,False,a2c
2025-01-08,1528029.689412868,0.35671403370234184,3567.1403370234184,0.0,56.372463822548454,8,24.263409562709455,False,a2c
2025-01-10,1499527.8379483016,-2.850185146456654,-28501.85146456654,0.0,84.75742995714972,11,30.95714447113817,False,a2c
2025-01-13,1504171.902094291,0.4644064145989483,4644.064145989483,0.0,112.88224736449705,14,51.41893477739923,False,a2c
2025-01-14,1508429.4537946056,0.4257551700314507,4257.551700314507,0.0,140.92318266684316,18,36.71768872390135,False,a2c
2025-01-15,1527544.4219250507,1.911496813044511,19114.968130445108,0.0,163.23463492409448,21,15.608974988977398,False,a2c
2025-01-16,1527080.1050703537,-0.046431685469695366,-464.3168546969536,0.0,179.89096779176407,23,42.98846224177366,False,a2c
2025-01-17,1547844.4451210157,2.0764340050661936,20764.340050661936,0.0,192.7303694120258,25,51.376573739607835,False,a2c
2025-01-21,1577508.814915656,2.9664369794640457,29664.369794640457,0.0,192.7303694120258,25,21.664961185245023,False,a2c
2025-01-22,1598315.0986869722,2.0806283771316054,20806.28377131605,0.0,192.7303694120258,25,48.00602471182971,False,a2c
2025-01-23,1608499.5412736777,1.0184442586705555,10184.442586705554,0.0,192.7303694120258,25,58.56534289988798,False,a2c
2025-01-24,1594511.0834034672,-1.3988457870210522,-13988.457870210521,0.0,192.7303694120258,25,19.35101940540648,False,a2c
2025-01-27,1568125.2804367198,-2.6385802966747436,-26385.802966747433,0.0,192.7303694120258,25,14.915291065981416,False,a2c
2025-01-28,1581287.4605315868,1.3162180094867013,13162.180094867013,0.0,192.7303694120258,25,163.37033931269616,False,a2c
2025-01-29,1570019.8456457253,-1.126761488586152,-11267.61488586152,0.0,192.7303694120258,25,46.20305850953256,False,a2c
2025-01-30,1580316.7862481757,1.02969406024504,10296.940602450399,0.0,192.7303694120258,25,15.803611081570512,False,a2c
2025-01-31,1565839.1564890991,-1.4477629759076518,-14477.629759076517,0.0,192.7303694120258,25,287.0495163888387,False,a2c
2025-02-03,1559855.562759625,-0.5983593729474116,-5983.593729474115,0.0,192.7303694120258,25,37.95671274995363,False,a2c
2025-02-04,1570659.6507945,1.0804088034874992,10804.088034874992,0.0,192.7303694120258,25,29.454603678434204,False,a2c
2025-02-05,1582988.2870643213,1.232863626982132,12328.63626982132,0.0,192.7303694120258,25,97.91294144847195,False,a2c
2025-02-06,1578068.9417140905,-0.49193453502308115,-4919.345350230811,0.0,192.7303694120258,25,57.91840385373545,False,a2c
2025-02-07,1561356.815927398,-1.6712125786692604,-16712.125786692603,0.0,192.7303694120258,25,97.65768728172624,False,a2c
2025-02-10,1574893.7481722343,1.3536932244836353,13536.932244836353,0.0,192.7303694120258,25,22.855325201550695,False,a2c
2025-02-11,1577511.0365010789,0.26172883288445886,2617.2883288445887,0.0,192.7303694120258,25,49.80950445673643,False,a2c
2025-02-12,1566836.163963925,-1.0674872537153774,-10674.872537153775,0.0,192.7303694120258,25,58.67932391596635,False,a2c
2025-02-13,1581956.816499309,1.5120652535383823,15120.652535383822,0.0,192.7303694120258,25,28.10416004213912,False,a2c
2025-02-14,1576190.209763477,-0.5766606735831825,-5766.606735831825,0.0,192.7303694120258,25,14.044260305226144,False,a2c
2025-02-18,1586854.343808752,1.066413404527493,10664.134045274928,0.0,192.7303694120258,25,42.28752425022268,False,a2c
2025-02-19,1596386.2092512492,0.953186544249719,9531.86544249719,0.0,192.7303694120258,25,42.77756053119909,False,a2c
2025-02-20,1590472.7506426123,-0.5913458608636866,-5913.458608636865,0.0,192.7303694120258,25,34.18380657556831,False,a2c
2025-02-21,1567364.5026812889,-2.310824796132348,-23108.247961323475,0.0,192.7303694120258,25,73.2876375254699,False,a2c
2025-02-24,1556592.980714784,-1.0771521966504864,-10771.521966504864,0.0,192.7303694120258,25,49.17340323316469,False,a2c
2025-02-25,1557872.4606434868,0.12794799287028147,1279.4799287028147,0.0,192.7303694120258,25,39.12293914895625,False,a2c
2025-02-26,1565516.5356781022,0.7644075034615351,7644.07503461535,0.0,192.7303694120258,25,42.540791916024034,False,a2c
2025-02-27,1549139.1168746867,-1.6377418803415495,-16377.418803415494,0.0,192.7303694120258,25,27.959254899587833,False,a2c
2025-02-28,1578695.6361509203,2.9556519276233626,29556.519276233623,0.0,192.7303694120258,25,29.848066253347305,False,a2c
2025-03-03,1549694.5858673211,-2.900105028359918,-29001.05028359918,0.0,192.7303694120258,25,22.583678445950454,False,a2c
2025-03-04,1520034.574764276,-2.9660011103045196,-29660.011103045195,0.0,192.7303694120258,25,26.70918337614048,False,a2c
2025-03-05,1533907.4644009667,1.3872889636690728,13872.889636690728,0.0,192.7303694120258,25,66.78100814244291,False,a2c
2025-03-06,1516710.7639448412,-1.7196700456125429,-17196.70045612543,0.0,192.7303694120258,25,21.849175159460252,False,a2c
2025-03-07,1530608.1578746366,1.3897393929795363,13897.393929795362,0.0,192.7303694120258,25,45.79080580179416,False,a2c
2025-03-10,1514179.6268424676,-1.6428531032169005,-16428.531032169005,0.0,192.7303694120258,25,62.779344788903416,False,a2c
2025-03-11,1493340.9162743283,-2.083871056813933,-20838.71056813933,0.0,192.7303694120258,25,51.403045791399,False,a2c
2025-03-12,1503103.9382167363,0.9763021942408058,9763.021942408057,0.0,192.7303694120258,25,73.05911205905467,False,a2c
2025-03-13,1493259.526859462,-0.984441135727428,-9844.411357274279,0.0,192.7303694120258,25,31.13584142530631,False,a2c
2025-03-14,1523087.68470611,2.9828157846648016,29828.157846648013,0.0,192.7303694120258,25,37.151664350918125,False,a2c
2025-03-17,1528006.0023102344,0.4918317604124313,4918.317604124313,0.0,192.7303694120258,25,14.177209414365194,False,a2c
2025-03-18,1512735.307768314,-1.5270694541920442,-15270.694541920442,0.0,192.7303694120258,25,18.09471290180769,False,a2c
2025-03-19,1525190.6723130876,1.2455364544773708,12455.364544773707,0.0,192.7303694120258,25,22.045779006105015,False,a2c
2025-03-20,1523842.953619433,-0.13477186936545185,-1347.7186936545183,0.0,192.7303694120258,25,32.01225638806212,False,a2c
2025-03-21,1520250.108017195,-0.3592845602238085,-3592.8456022380847,0.0,192.7303694120258,25,18.332979671477005,False,a2c
2025-03-24,1542900.632984765,2.265052496757009,22650.52496757009,0.0,192.7303694120258,25,25.842454800047857,False,a2c
2025-03-25,1542110.4697780744,-0.07901632066906895,-790.1632066906895,0.0,192.7303694120258,25,21.56752096415205,False,a2c
2025-03-26,1530993.6873454042,-1.111678243267024,-11116.78243267024,0.0,192.7303694120258,25,29.39476542398248,False,a2c
2025-03-27,1525677.1811480434,-0.531650619736081,-5316.506197360809,0.0,192.7303694120258,25,21.189230655685087,False,a2c
2025-03-28,1498629.214489852,-2.704796665819129,-27047.96665819129,0.0,192.7303694120258,25,19.890250132253367,False,a2c
2025-03-31,1508071.1342834376,0.9441919793585548,9441.919793585548,0.0,192.7303694120258,25,19.058061814326965,False,a2c
2025-04-01,1515065.158864937,0.6994024581499398,6994.024581499398,0.0,192.7303694120258,25,18.437205180641385,False,a2c
2025-04-02,1518652.187682726,0.3587028817788931,3587.0288177889306,0.0,192.7303694120258,25,110.78300283840824,False,a2c
2025-04-03,1460482.039152157,-5.817014853056893,-58170.14853056893,0.0,192.7303694120258,25,16.802725403879275,False,a2c
2025-04-04,1360496.0712243125,-9.99859679278445,-99985.9679278445,0.0,192.7303694120258,25,219.6824126105259,False,a2c
2025-04-07,1364892.5140243382,0.4396442800025689,4396.4428000256885,0.0,192.7303694120258,25,223.6417130279808,False,a2c
2025-04-09,1464500.054074706,11.701375820870279,117013.75820870278,0.0,51.255671537307315,9,46.719993752271584,False,a2c
2025-04-10,1424496.0432585005,-4.000401081620553,-40004.010816205526,0.0,101.91277719984626,17,175.20379847235785,False,a2c
2025-04-11,1459746.6582673215,3.5250615008821016,35250.61500882101,0.0,144.59038295584205,25,85.56752411541706,False,a2c
2025-04-14,1464842.7217072682,0.5096063439946622,5096.063439946622,0.0,164.40843880742588,31,37.30242955994339,False,a2c
2025-04-15,1462239.0433620568,-0.2603678345211316,-2603.678345211316,0.0,184.3558622716495,37,26.743878664827236,False,a2c
2025-04-16,1416564.4943937585,-4.567454896829836,-45674.54896829835,0.0,204.21276174655662,43,11.12604238691521,False,a2c
2025-04-17,1418906.6898783902,0.2342195484631695,2342.195484631695,0.0,223.78142899262957,49,32.23275745067088,False,a2c
2025-04-21,1381112.0506101176,-3.7794639268272556,-37794.63926827256,0.0,243.71051362392322,55,227.80560901991967,False,a2c
2025-04-22,1426229.230021667,4.511717941154935,45117.179411549354,0.0,263.2294671887861,61,30.80081877684135,False,a2c
2025-04-23,1436084.244589798,0.9855014568130952,9855.014568130951,0.0,283.09226341463574,67,26.687698617951007,False,a2c
2025-04-24,1456612.5172566334,2.052827266683546,20528.27266683546,0.0,302.94487352100964,73,21.231780347181193,False,a2c
2025-04-25,1458598.4980620432,0.19859808054098393,1985.9808054098391,0.0,327.24165337320517,78,68.93075197581545,False,a2c
2025-04-28,1460087.5009670556,0.14890029050123413,1489.0029050123412,0.0,351.60152625952844,83,21.44435669023043,False,a2c
2025-04-29,1484141.0536387637,2.4053552671708167,24053.552671708167,0.0,376.03794148943365,88,7.236268412131884,False,a2c
2025-04-30,1488396.9023645222,0.4255848725758493,4255.848725758493,0.0,400.57912585941006,94,50.79923480752196,False,a2c
2025-05-01,1491175.9941459734,0.2779091781451134,2779.091781451134,0.0,425.1831003087355,99,21.230018117873925,False,a2c
2025-05-02,1516749.740787113,2.5573746641139734,25573.746641139733,0.0,450.04593866581615,104,74.06803243244819,False,a2c
2025-05-05,1509813.6323829696,-0.6936108404143481,-6936.108404143481,0.0,478.39782262380777,109,37.08696079100086,False,a2c
2025-05-06,1495960.2234686783,-1.38534089142913,-13853.4089142913,0.0,501.05969503510283,114,22.38146326168112,False,a2c
2025-05-07,1515696.856035634,1.973663256695564,19736.63256695564,0.0,517.111918899801,119,24.639032571949336,False,a2c
2025-05-08,1522257.6796584527,0.6560823622818803,6560.8236228188025,0.0,533.1555564025296,122,92.22659141204062,False,a2c
2025-05-09,1521700.7403295955,-0.05569393288572319,-556.9393288572319,0.0,549.1401545291657,126,16.45682172978958,False,a2c
2025-05-12,1573709.6163194021,5.20088759898066,52008.875989806606,0.0,565.0283347889615,130,10.917541380772349,False,a2c
2025-05-13,1586548.4470438166,1.2838830724414438,12838.830724414438,0.0,582.4466206852909,133,71.18653942423254,False,a2c
2025-05-14,1588167.7587500517,0.16193117062351667,1619.3117062351666,0.0,599.63579856378,136,101.37999272958383,False,a2c
2025-05-15,1602661.5994661544,1.4493840716102626,14493.840716102626,0.0,615.7857219005328,139,20.77466357849083,False,a2c
2025-05-16,1621215.5976172928,1.8553998151138427,18553.998151138425,0.0,616.8788040051902,141,79.95966516388066,False,a2c
2025-05-19,1630532.364445964,0.9316766828671331,9316.76682867133,0.0,617.9847075670618,143,17.074736630695554,False,a2c
2025-05-20,1625536.4455127951,-0.4995918933168985,-4995.918933168985,0.0,619.0986558766934,145,19.006037878773437,False,a2c
2025-05-21,1594839.2437958398,-3.0697201716955287,-30697.201716955286,0.0,620.2103416458016,147,7.543087697759034,False,a2c
2025-05-22,1599850.9896327876,0.5011745836947812,5011.745836947812,0.0,621.3102114736397,149,17.76749413987093,False,a2c
2025-05-23,1587805.7631739962,-1.2045226458791412,-12045.22645879141,0.0,622.3878416440707,151,7.7732842290329724,False,a2c
2025-05-27,1617658.291600141,2.9852528426144738,29852.528426144738,0.0,623.3583854595246,153,13.361508772353083,False,a2c
2025-05-28,1608204.532803893,-0.9453758796247886,-9453.758796247886,0.0,624.4519705973544,155,15.382671619212465,False,a2c
2025-05-29,1622880.775807545,1.4676243003651965,14676.243003651965,0.0,625.5361203077947,158,6.839183142749408,False,a2c
2025-05-30,1619658.2766647292,-0.32224991428158245,-3222.499142815824,0.0,626.6253854984158,160,16.251447751967113,False,a2c
2025-06-02,1620218.2223768942,0.05599457121649757,559.9457121649757,0.0,627.7305344781396,162,7.44821240140948,False,a2c
2025-06-03,1632904.2536923336,1.2686031315439381,12686.03131543938,0.0,628.839203390065,164,13.30505791963878,False,a2c
2025-06-04,1633030.2667500558,0.012601305772224443,126.01305772224443,0.0,629.9410847827835,166,8.987395845046077,False,a2c
2025-06-05,1625215.0952905207,-0.7815171459535137,-7815.171459535137,0.0,631.0281336014446,169,12.00039722183814,False,a2c
2025-06-06,1638742.7517185356,1.352765642801486,13527.65642801486,0.0,632.1166907463335,173,17.0586609652253,False,a2c
2025-06-09,1634908.8307260522,-0.3833920992483385,-3833.920992483385,0.0,632.9437277248234,175,17.88716981134734,False,a2c
2025-06-10,1641737.1660924214,0.6828335366369226,6828.335366369226,0.0,634.2675122938432,178,20.763928811023987,False,a2c
2025-06-11,1638163.0323532268,-0.35741337391946,-3574.1337391946,0.0,635.6156190115255,182,27.39261962127834,False,a2c
2025-06-12,1634425.607378342,-0.3737424974884838,-3737.424974884838,0.0,637.3231690044988,184,30.456071437006933,False,a2c
2025-06-13,1607357.0955489655,-2.7068511829376454,-27068.511829376454,0.0,639.0080765335781,188,25.00573235315646,False,a2c
2025-06-16,1620405.8705461556,1.3048774997190107,13048.774997190107,0.0,641.7518173092861,191,48.25381145855333,False,a2c
2025-06-17,1606426.3491738958,-1.3979521372259829,-13979.521372259827,0.0,644.5113672783524,194,14.326070268803036,False,a2c
2025-06-18,1599519.4657886906,-0.6906883385205176,-6906.883385205176,0.0,645.6355662557867,199,18.72959517497475,False,a2c
2025-06-20,1597211.2008539643,-0.23082649347262924,-2308.2649347262923,0.0,646.4153817485007,201,48.43175192448019,False,a2c
2025-06-23,1617109.495782554,1.9898294928589604,19898.294928589603,0.0,647.287681702408,204,13.792782069399507,False,a2c
2025-06-24,1637137.144695153,2.0027648912599076,20027.648912599074,0.0,649.9187852621411,207,55.873960985019174,False,a2c
2025-06-25,1633609.2681774222,-0.3527876517730765,-3527.876517730765,0.0,651.677820804372,211,24.548920156132027,False,a2c
2025-06-26,1653553.337360143,1.9944069182720734,19944.069182720734,0.0,653.4911714550865,215,18.71385514637764,False,a2c
2025-06-27,1674452.0980875413,2.089876072739833,20898.76072739833,0.0,655.3108774383471,218,15.55229986800074,False,a2c
2025-06-30,1687278.799095885,1.2826701008343604,12826.701008343603,0.0,657.1576884351994,222,86.30811339256124,False,a2c
2025-07-01,1697156.9636434445,0.9878164547559573,9878.164547559572,0.0,659.0156376659852,226,23.22712852072159,False,a2c
2025-07-02,1704142.710390054,0.6985746746609454,6985.746746609453,0.0,661.5477619425064,229,32.91043675496893,False,a2c
2025-07-03,1714002.0959619302,0.9859385571876308,9859.385571876308,0.0,664.1254882760293,232,32.474066765842046,False,a2c
2025-07-07,1703913.2378528737,-1.0088858109056484,-10088.858109056484,0.0,666.7274665439129,235,13.518791145274276,False,a2c
2025-07-08,1707083.3606943705,0.3170122841496719,3170.122841496719,0.0,669.3042208972806,238,9.572136225666997,False,a2c
2025-07-09,1717918.0513226825,1.0834690628312063,10834.690628312062,0.0,671.9061435563344,241,36.84980641082131,False,a2c
2025-07-11,1709452.8708178266,-0.7266251384867123,-7266.251384867122,0.0,93.08936634383852,12,25.062469778417537,False,a2c
2025-07-14,1719082.046563863,0.9629175746036461,9629.17574603646,0.0,185.09875069420863,21,15.546804192612871,False,a2c
2025-07-15,1719982.901474068,0.09008549102048856,900.8549102048855,0.0,277.6190424682422,30,20.993456832157403,False,a2c
2025-07-16,1725214.8638866444,0.5231962412576424,5231.962412576424,0.0,369.64527198890113,39,22.501610733605258,False,a2c
2025-07-17,1736416.6194043234,1.1201755517679035,11201.755517679034,0.0,453.43527040101225,48,63.63180577639162,False,a2c
2025-07-18,1717726.5202444226,-1.86900991599008,-18690.099159900798,0.0,526.4141132146578,54,31.695929157389056,False,a2c
2025-07-21,1719266.6112400838,0.1540090995661216,1540.090995661216,0.0,598.2385697484995,60,29.601552356981628,False,a2c
2025-07-22,1710510.403746955,-0.8756207493128721,-8756.20749312872,0.0,664.2700681164891,66,27.53478088843128,False,a2c
2025-07-23,1725930.32098484,1.541991723788483,15419.917237884829,0.0,717.6648685180194,71,25.500243020018136,False,a2c
2025-07-24,1698897.0243818054,-2.7033296603034485,-27033.296603034483,0.0,748.3720863423139,76,16.183173765294423,False,a2c
2025-07-25,1705284.5272693418,0.6387502887536306,6387.502887536306,0.0,766.3996128685022,79,79.33616370653021,False,a2c
2025-07-28,1714084.2339698013,0.8799706700459589,8799.706700459588,0.0,784.3658138760958,82,9.414305077454069,False,a2c
2025-07-29,1703440.750691481,-1.0643483278320405,-10643.483278320404,0.0,802.436811835897,85,22.40553650931446,False,a2c
2025-07-30,1696036.8595654394,-0.7403891126041534,-7403.891126041533,0.0,820.3696322312114,88,32.39546426754695,False,a2c
2025-07-31,1699593.5344341735,0.3556674868734088,3556.6748687340882,0.0,837.2364598971542,92,23.936344955088156,False,a2c
2025-08-01,1658945.1350204272,-4.064839941374632,-40648.399413746316,0.0,851.8768805217296,95,51.08476570468615,False,a2c
2025-08-04,1691266.4344861563,3.2321299465729156,32321.299465729157,0.0,865.3533130425666,100,73.55574951200633,False,a2c
2025-08-05,1692462.4235156032,0.11959890294468496,1195.9890294468496,0.0,878.5908945855122,104,23.706208257896627,False,a2c
2025-08-06,1693748.2516441983,0.1285828128595138,1285.828128595138,0.0,890.2673933403274,106,30.930315689888825,False,a2c
2025-08-07,1691822.7085891643,-0.192554305503401,-1925.54305503401,0.0,902.4114995046637,108,79.5283778699318,False,a2c
2025-08-08,1701836.3252238324,1.0013616634668083,10013.616634668082,0.0,914.2360366808733,110,44.92402528351943,False,a2c
2025-08-11,1707986.4670574265,0.6150141833594069,6150.141833594069,0.0,926.037256395907,112,33.16293631432844,False,a2c
2025-08-12,1722986.1731436453,1.4999706086218823,14999.706086218821,0.0,937.7648145723841,114,21.866011301947083,False,a2c
2025-08-13,1734709.4236907698,1.172325054712454,11723.250547124539,0.0,942.3636298821417,116,24.387393308184404,False,a2c
2025-08-14,1722162.5829944238,-1.2546840696346016,-12546.840696346015,0.0,942.3636298821417,116,40.74157702455513,False,a2c
2025-08-15,1704567.476316711,-1.7595106677712873,-17595.106677712873,0.0,942.3636298821417,116,26.097109400809845,False,a2c
2025-08-18,1709717.5100616245,0.5150033744913526,5150.033744913526,0.0,942.3636298821417,116,73.79918901664226,False,a2c
2025-08-19,1704545.0907543162,-0.5172419307308271,-5172.4193073082715,0.0,942.3636298821417,116,16.845619968210116,False,a2c
2025-08-20,1707121.4065287402,0.2576315774424002,2576.3157744240016,0.0,942.3636298821417,116,22.083689004020588,False,a2c
2025-08-21,1705158.6819682883,-0.19627245604519267,-1962.7245604519267,0.0,942.3636298821417,116,15.32849008543032,False,a2c
2025-08-22,1739495.1184117831,3.4336436443494867,34336.436443494866,0.0,942.3636298821417,116,20.692220948322937,False,a2c
2025-08-25,1729884.988306242,-0.9610130105541088,-9610.130105541088,0.0,942.3636298821417,116,25.76324870681077,False,a2c
2025-08-26,1741521.8587328838,1.1636870426641777,11636.870426641775,0.0,942.3636298821417,116,10.4738775664426,False,a2c
2025-08-27,1739649.6943379864,-0.1872164394897409,-1872.164394897409,0.0,942.3636298821417,116,12.739205414516498,False,a2c
2025-08-28,1740777.3697038498,0.1127675365863368,1127.675365863368,0.0,942.3636298821417,116,9.801853179307631,False,a2c
2025-08-29,1720107.6316992189,-2.06697380046309,-20669.738004630897,0.0,942.3636298821417,116,9.66448117260559,False,a2c
2025-09-02,1701435.9979450428,-1.867163375417609,-18671.633754176088,0.0,942.3636298821417,116,22.307195497575822,False,a2c
2025-09-03,1686149.3859835346,-1.528661196150817,-15286.61196150817,0.0,942.3636298821417,116,22.712867414732248,False,a2c
2025-09-04,1707382.7845118563,2.1233398528321645,21233.398528321643,0.0,942.3636298821417,116,33.48705441104379,False,a2c
2025-09-05,1688917.7305645933,-1.8465053947262933,-18465.05394726293,0.0,942.3636298821417,116,42.27843172335899,False,a2c
2025-09-08,1683574.709902172,-0.534302066242136,-5343.020662421361,0.0,942.3636298821417,116,39.09155517627307,False,a2c
2025-09-09,1688129.6235022396,0.4554913600067608,4554.913600067608,0.0,942.4384502699402,118,18.66162299305683,False,a2c
2025-09-10,1698951.5613207917,1.0821937818552134,10821.937818552135,0.0,942.4384502699402,118,51.272094005759726,False,a2c
2025-09-11,1731861.9677575324,3.2910406436740653,32910.40643674065,0.0,942.4384502699402,118,34.99044633393928,False,a2c
2025-09-12,1719546.1015658774,-1.2315866191654932,-12315.866191654932,0.0,942.4384502699402,118,26.07432985933993,False,a2c
2025-09-15,1717215.866123916,-0.23302354419613258,-2330.2354419613257,0.0,942.4384502699402,118,25.281906004627487,False,a2c
2025-09-16,1709329.0160069345,-0.788685011698166,-7886.850116981659,0.0,942.4384502699402,118,7.277344593031685,False,a2c
2025-09-17,1701091.8899962786,-0.8237126010655892,-8237.126010655891,0.0,942.4384502699402,118,14.51217559610716,False,a2c
2025-09-18,1709201.5164351205,0.8109626438841923,8109.626438841922,0.0,942.4384502699402,118,31.50604357170962,False,a2c
2025-09-19,1712072.540183336,0.2871023748215521,2871.0237482155208,0.0,942.4384502699402,118,35.90945710979476,False,a2c
2025-09-22,1712472.4619393726,0.03999217560365796,399.9217560365796,0.0,942.4384502699402,118,30.99245876863585,False,a2c
2025-09-23,1712130.9750592224,-0.0341486880150158,-341.48688015015796,0.0,942.4384502699402,118,43.096864953033275,False,a2c
2025-09-24,1702469.0013717816,-0.9661973687440856,-9661.973687440855,0.0,942.4384502699402,118,19.094251883689395,False,a2c
2025-09-25,1696165.7403486464,-0.6303261023135157,-6303.261023135156,0.0,942.4384502699402,118,14.438803042655795,False,a2c
2025-09-26,1700337.7515331507,0.41720111845042557,4172.011184504256,0.0,942.4384502699402,118,33.22077115788441,False,a2c
2025-09-29,1712169.3019154472,1.1831550382296556,11831.550382296555,0.0,942.4384502699402,118,14.879932102350011,False,a2c
2025-09-30,1729195.6690050964,1.7026367089649197,17026.367089649197,0.0,942.4384502699402,118,23.753039793313494,False,a2c
2025-10-01,1730843.2810431924,0.16476120380959475,1647.6120380959474,0.0,942.514358772011,120,52.106944227950294,False,a2c
2025-10-02,1741212.6366564624,1.0369355613270077,10369.355613270076,0.0,942.514358772011,120,76.09025960385428,False,a2c
2025-10-03,1735630.3765588785,-0.5582260097583989,-5582.260097583989,0.0,942.514358772011,120,20.682049420122244,False,a2c
2025-10-06,1715212.3339703532,-2.041804258852522,-20418.04258852522,0.0,942.514358772011,120,12.494076947843508,False,a2c
2025-10-07,1709587.7062788804,-0.5624627691472881,-5624.6276914728805,0.0,942.514358772011,120,40.65438134144287,False,a2c
2025-10-09,1701612.7441774237,-1.6470144800591981,-16470.14480059198,0.0,9.321488057379213,5,29.27899497494711,False,ppo
2025-10-10,1657418.015095016,-4.419472908240767,-44194.72908240767,0.0,18.5586223047991,10,36.8115464544952,False,ppo
2025-10-13,1685550.1964135105,2.813218131849449,28132.18131849449,0.0,29.89325429358624,15,27.00985484826291,False,ppo
2025-10-14,1684477.664150848,-0.10725322626624256,-1072.5322626624256,0.0,40.45024448316989,21,19.140923127591485,False,ppo
2025-10-15,1677607.658063145,-0.6870006087703165,-6870.006087703166,0.0,51.26935220772158,26,102.57421373969828,False,ppo
2025-10-16,1669188.8478098128,-0.8418810253332136,-8418.810253332136,0.0,61.24281662741174,29,34.34144156472899,False,ppo
2025-10-17,1675846.76505155,0.6657917241737247,6657.9172417372465,0.0,71.23562752598937,33,50.31682383478792,False,ppo
2025-10-20,1692636.7424623615,1.6789977410811465,16789.977410811465,0.0,81.23870329043791,36,101.6441975079354,False,ppo
2025-10-21,1729558.8452533889,3.6922102791027402,36922.1027910274,0.0,89.63914868527931,40,17.975170643914364,False,ppo
2025-10-22,1721394.4794140034,-0.8164365839385428,-8164.3658393854275,0.0,98.12628247688458,44,108.91458234966464,False,ppo
2025-10-23,1763071.9102123086,4.16774307983052,41677.4307983052,0.0,106.66538384138683,48,25.49655290711835,False,ppo
2025-10-24,1757711.9162749976,-0.5359993937310996,-5359.9939373109955,0.0,120.52871956222444,54,67.84864555065393,False,ppo
2025-10-27,1769138.112564998,1.1426196290000343,11426.196290000344,0.0,134.30434975530596,60,63.949834921582344,False,ppo
2025-10-28,1780787.9028808528,1.1649790315854829,11649.790315854829,0.0,142.85682461150853,65,15.25388077334,False,ppo
2025-10-29,1783017.8313981858,0.2229928517332999,2229.928517332999,0.0,151.3869611135964,69,54.719885823282425,False,ppo
2025-10-30,1778769.1863933397,-0.4248645004846156,-4248.645004846156,0.0,159.94104016706828,73,156.94677925281582,False,ppo
2025-10-31,1787729.5109629075,0.8960324569567806,8960.324569567805,0.0,170.43069412345554,78,63.54381341801227,False,ppo
2025-11-03,1773202.7061388595,-1.4526804824047956,-14526.804824047957,0.0,178.97379973111694,82,106.59611886437784,False,ppo
2025-11-04,1747979.5000243005,-2.522320611455897,-25223.20611455897,0.0,187.39226065226978,87,36.36640141626896,False,ppo
2025-11-05,1758276.3418671582,1.0296841842857656,10296.841842857655,0.0,195.7609354183256,91,50.52182737464038,False,ppo
2025-11-06,1741070.3240017702,-1.7206017865387957,-17206.017865387956,0.0,206.20859653554743,96,68.94502221104551,False,ppo
2025-11-07,1741768.955309448,0.06986313076778315,698.6313076778315,0.0,215.1933888301245,101,30.211083026450883,False,ppo
2025-11-10,1777988.7357121403,3.621978040269227,36219.78040269227,0.0,226.52079510256334,106,18.53528168642901,False,ppo
2025-11-11,1782295.397935282,0.43066622231416407,4306.66222314164,0.0,237.91591648186974,112,14.052773808867103,False,ppo
2025-11-12,1797029.6078849419,1.4734209949659882,14734.209949659882,0.0,249.5137032158413,117,27.485343998267076,False,ppo
2025-11-13,1770163.231596162,-2.686637628877978,-26866.37628877978,0.0,261.5164036267746,121,39.69392303076164,False,ppo
2025-11-14,1762442.402875003,-0.7720828721159139,-7720.828721159139,0.0,273.10323397733225,126,109.99499726265934,False,ppo
2025-11-17,1739511.6692561698,-2.293073361883313,-22930.73361883313,0.0,284.64572602712093,131,19.057761061051032,False,ppo
2025-11-18,1718733.9942416167,-2.0777675014553125,-20777.675014553126,0.0,296.07724545984115,136,25.163000544522717,False,ppo
2025-11-19,1732404.3681759643,1.3670373934347648,13670.373934347648,0.0,306.02285294995585,139,81.62744678487198,False,ppo
2025-11-20,1703135.92115645,-2.9268447019514396,-29268.447019514395,0.0,315.91275342016394,142,30.44066059133724,False,ppo
2025-11-21,1717721.8138293887,1.458589267293876,14585.89267293876,0.0,321.4791689465699,145,65.57911578642762,False,ppo
2025-11-24,1727174.966499376,0.9453152669987409,9453.152669987408,0.0,328.3167163955021,149,30.417985652667355,False,ppo
2025-11-25,1736744.9232767895,0.9569956777413376,9569.956777413376,0.0,339.5109951684299,154,51.040359093884085,False,ppo
2025-11-26,1741738.0234060874,0.4993100129297935,4993.1001292979345,0.0,356.4081141910232,159,34.658799434929946,False,ppo
2025-11-28,1749706.1610445015,0.7968137638414046,7968.137638414045,0.0,371.6904975877463,163,16.6439540998065,False,ppo
2025-12-01,1743269.7023900955,-0.6436458654406015,-6436.458654406015,0.0,380.9909931378244,167,12.726336639221856,False,ppo
2025-12-02,1754461.7360090266,1.1192033618931194,11192.033618931193,0.0,396.29796018837607,172,28.854597107532317,False,ppo
2025-12-03,1759353.9337321036,0.4892197723076912,4892.197723076912,0.0,414.4462796890402,177,54.445938847232405,False,ppo
2025-12-04,1753153.3616642212,-0.6200572067882401,-6200.5720678824,0.0,423.73208723294505,181,39.27629495857744,False,ppo
2025-12-05,1744363.15939284,-0.8790202271381161,-8790.20227138116,0.0,433.0652692048097,185,30.799934391888595,False,ppo
2025-12-08,1736909.0499528833,-0.7454109439956723,-7454.109439956723,0.0,442.4108590639771,189,40.3331133573004,False,ppo
2025-12-09,1724230.5897653473,-1.2678460187535967,-12678.460187535966,0.0,455.21500928277123,194,46.338631961806925,False,ppo
2025-12-10,1739910.8100343503,1.5680220269002954,15680.220269002954,0.0,467.8339618052625,199,93.58226149236071,False,ppo
2025-12-11,1755315.228954428,1.540441892007785,15404.41892007785,0.0,480.5098199586565,204,49.53589152611215,False,ppo
2025-12-12,1744878.4356929963,-1.0436793261431856,-10436.793261431856,0.0,490.33182504120566,207,66.71637501990885,False,ppo
2025-12-15,1743565.908922967,-0.1312526770029217,-1312.526770029217,0.0,500.6593894490043,211,26.047317218052797,False,ppo
2025-12-16,1733542.2239034467,-1.0023685019520345,-10023.685019520344,0.0,512.3435311991532,215,26.13123821760052,False,ppo
2025-12-17,1718529.6764230244,-1.5012547480422305,-15012.547480422303,0.0,524.0261954119613,219,21.17883681675798,False,ppo
2025-12-18,1720318.139828497,0.17884634054726922,1788.463405472692,0.0,535.770903980949,223,28.98846367474967,False,ppo
2025-12-19,1732296.2720733555,1.1978132244858426,11978.132244858425,0.0,547.4059784683028,227,17.960046997237747,False,ppo
2025-12-22,1730864.4244646928,-0.1431847608662676,-1431.847608662676,0.0,558.9253038560909,231,50.383344306889065,False,ppo
2025-12-23,1743849.381084898,1.2984956620205195,12984.956620205194,0.0,570.9430404559884,234,27.50726766298306,False,ppo
2025-12-24,1751664.741035183,0.7815359950284939,7815.359950284938,0.0,585.5605686700123,238,9.989967210226954,False,ppo
2025-12-26,1761083.0826926043,0.941834165742132,9418.341657421319,0.0,600.3045767145727,242,7.435941228614147,False,ppo
2025-12-29,1752257.3914024755,-0.8825691290128743,-8825.691290128743,0.0,615.0641335266567,247,7.095392843723077,False,ppo
2025-12-30,1747909.8153230778,-0.43475760793976953,-4347.576079397695,0.0,629.7639390873021,252,7.450297478738111,False,ppo
2025-12-31,1740556.8945971974,-0.7352920725880424,-7352.920725880424,0.0,644.4532881252366,256,4.286974644303776,False,ppo
2026-01-02,1752496.5547896265,1.193966019242909,11939.660192429088,0.0,659.0849331653208,260,9.44232652619707,False,ppo
2026-01-05,1771427.0902656962,1.8930535476069665,18930.535476069665,0.0,673.7652706200369,264,62.06075584889606,False,ppo
2026-01-06,1790194.53930364,1.8767449037943735,18767.449037943734,0.0,687.9384711446562,269,57.89576581644821,False,ppo
2026-01-07,1771533.9843259854,-1.866055497765448,-18660.55497765448,0.0,700.3888655147517,272,37.98529923463193,False,ppo
2026-01-09,1786639.1741552826,0.3070041576500517,3070.041576500517,0.0,52.40989869734983,5,53.73970690679282,False,a2c
2026-01-12,1797536.2961040128,1.0897121948730202,10897.1219487302,0.0,70.05552435208602,8,40.45051457274912,False,a2c
2026-01-13,1798560.784827236,0.10244887232233305,1024.4887232233305,0.0,91.36992229788363,11,60.10514349560986,False,a2c
2026-01-14,1798311.081554401,-0.02497032728351187,-249.7032728351187,0.0,120.26615353164284,17,93.939073055734,False,a2c
2026-01-15,1813521.2863116432,1.5210204757242232,15210.20475724223,0.0,147.41206202770317,23,20.90743741305318,False,a2c
2026-01-16,1808283.930917529,-0.5237355394114275,-5237.3553941142745,0.0,174.69918592881635,29,44.69832734519,False,a2c
2026-01-20,1742087.3605971006,-6.619657032042835,-66196.57032042835,0.0,201.6141011417297,36,38.16213395715244,False,a2c
2026-01-21,1759179.9545864053,1.7092593989304734,17092.593989304733,0.0,226.92972727293812,42,71.24106135402418,False,a2c
2026-01-22,1781280.9531159857,2.2100998529580425,22100.99852958042,0.0,252.46544768263433,48,34.28003031334408,False,a2c
2026-01-23,1789761.4524824938,0.8480499366508099,8480.499366508098,0.0,277.6594904320053,54,37.821290508506706,False,a2c
2026-01-26,1780628.1972545122,-0.9133255227981601,-9133.255227981601,0.0,304.00344081555454,60,33.55587768321075,False,a2c
2026-01-27,1784904.1422036209,0.42759449491086415,4275.944949108642,0.0,330.01921739921715,66,24.40733112408433,False,a2c
2026-01-28,1779434.0352151403,-0.5470106988480548,-5470.106988480547,0.0,344.651135469544,70,73.27424714548738,False,a2c
2026-01-29,1799950.8742107318,2.0516838995591504,20516.838995591504,0.0,359.1095559785468,74,23.952750785735734,False,a2c
2026-01-30,1790025.3462277888,-0.9925527982942993,-9925.527982942993,0.0,376.9838239085269,78,145.39293439634696,False,a2c
2026-02-02,1790977.127392002,0.09517811642130837,951.7811642130837,0.0,394.187052333477,81,166.19500889721786,False,a2c
2026-02-03,1797353.5624605499,0.6376435068547959,6376.4350685479585,0.0,403.09327335340026,88,101.05481219939637,False,a2c
2026-02-04,1817288.6907910341,1.9935128330484266,19935.128330484265,0.0,412.0012551358958,91,77.94600408255108,False,a2c
2026-02-05,1806426.5593347398,-1.086213145629433,-10862.13145629433,0.0,426.6148444903055,95,100.99049507131198,False,a2c
2026-02-06,1860506.6111843293,5.408005184958945,54080.05184958945,0.0,441.28416465437533,99,46.467565542469714,False,a2c
2026-02-09,1854680.375473065,-0.5826235711264192,-5826.235711264191,0.0,452.99969940105774,103,98.93058258883904,False,a2c
2026-02-10,1859920.9832882518,0.5240607815186726,5240.607815186726,0.0,464.5311701749152,107,40.14149515381968,False,a2c
2026-02-11,1858743.3357336412,-0.11776475546106231,-1177.647554610623,0.0,481.63113572239604,110,39.49753583837209,False,a2c
2026-02-12,1846947.9182853526,-1.179541744828853,-11795.41744828853,0.0,498.677624058453,113,70.65687086353631,False,a2c
2026-02-13,1841180.7952034224,-0.5767123081930214,-5767.1230819302145,0.0,510.4288991722697,117,175.32276431947506,False,a2c
2026-02-17,1843511.0906920899,0.23302954886674415,2330.2954886674415,0.0,522.0824250041554,121,48.7588569915936,False,a2c
2026-02-18,1844976.364242124,0.1465273550034035,1465.273550034035,0.0,533.4785164287193,125,53.728194943374454,False,a2c
2026-02-19,1847036.6093961955,0.20602451540715994,2060.2451540715992,0.0,544.6792312180654,131,24.092924337993654,False,a2c
2026-02-20,1860844.0612650476,1.3807451868852136,13807.451868852137,0.0,555.9239282548208,136,17.897215443581796,False,a2c
2026-02-23,1853725.0744089447,-0.7118986856102943,-7118.986856102943,0.0,567.2965678763603,143,19.779727516128577,False,a2c
2026-02-24,1861824.7660993473,0.8099691690402572,8099.691690402571,0.0,584.0703262123409,147,138.47234429896665,False,a2c
2026-02-25,1863210.1033636918,0.1385337264344562,1385.3372643445618,0.0,600.8832725410282,151,16.227143762636057,False,a2c
2026-02-26,1836070.0912070544,-2.7140012156637385,-27140.012156637385,0.0,617.596542980562,155,22.413092636633657,False,a2c
2026-02-27,1836201.8165345176,0.013172532746312209,131.72532746312208,0.0,634.3500271185164,159,30.157515971744782,False,a2c
2026-03-02,1834898.3022054709,-0.13035143290467097,-1303.5143290467097,0.0,654.0931019707374,163,116.13308131186692,False,a2c
2026-03-03,1814975.186498487,-1.9923115706983954,-19923.115706983954,0.0,673.5583138587784,167,29.692971284851723,False,a2c
2026-03-04,1832013.7549829222,1.7038568484435324,17038.568484435324,0.0,692.6737912482855,172,32.15346075492004,False,a2c
2026-03-05,1797168.6615982137,-3.4845093384708514,-34845.09338470851,0.0,712.046293295666,176,25.390943939847272,False,a2c
2026-03-06,1771500.9722864449,-2.566768931176886,-25667.68931176886,0.0,730.8544057575057,180,42.72271854349243,False,a2c
2026-03-09,1785046.2618201422,1.3545289533697302,13545.289533697302,0.0,749.3494710330942,184,18.71579903290413,False,a2c
2026-03-10,1797741.111079067,1.2694849258924834,12694.849258924833,0.0,767.7235135033287,188,39.4108118930203,False,a2c
2026-03-11,1792413.197521563,-0.5327913557504071,-5327.913557504071,0.0,791.8741911862005,193,22.63659244194979,False,a2c
2026-03-12,1762488.6784281768,-2.9924519093386133,-29924.51909338613,0.0,817.6893609832032,197,19.582520891589574,False,a2c
2026-03-13,1758956.5811244925,-0.35320973036843356,-3532.0973036843357,0.0,839.9024749796437,204,55.921905414164016,False,a2c
2026-03-16,1772373.600307875,1.3417019183382626,13417.019183382625,0.0,862.3217626330078,209,14.16434054219441,False,a2c
2026-03-17,1766311.719533383,-0.6061880774492165,-6061.880774492165,0.0,884.6518845256228,215,14.413961532736115,False,a2c
2026-03-18,1745694.6803240979,-2.0617039209285055,-20617.039209285052,0.0,906.7953483980117,220,21.512876852618984,False,a2c
2026-03-19,1736570.7259366934,-0.912395438740449,-9123.95438740449,0.0,928.503996274651,225,27.363972336956692,False,a2c
2026-03-20,1709537.4580725632,-2.7033267864130206,-27033.267864130205,0.0,949.9513748155482,230,11.95061581423409,False,a2c
2026-03-23,1734676.1823072326,2.513872423466947,25138.72423466947,0.0,971.2555232067818,235,28.892057075748266,False,a2c
2026-03-24,1734072.850721194,-0.06033315860386938,-603.3315860386938,0.0,995.6496743640622,240,25.865786987689855,False,a2c
2026-03-25,1766070.0103009657,3.1997159579771806,31997.159579771804,0.0,1014.369381639449,245,25.13444312582931,False,a2c
2026-03-26,1738815.3893425867,-2.7254620958379006,-27254.620958379004,0.0,1030.1210456160945,249,19.91617999000028,False,a2c
2026-03-27,1718351.725136362,-2.0463664206224728,-20463.664206224727,0.0,1045.5067494089105,253,20.00493160829202,False,a2c
2026-03-30,1712251.26258638,-0.6100462549982127,-6100.462549982127,0.0,1060.820571271329,256,23.676531359505088,False,a2c
2026-03-31,1758741.9426549228,4.649068006854295,46490.68006854295,0.0,1076.0909286259775,259,25.12482690604281,False,a2c
2026-04-01,1763239.1122625782,0.44971696076553785,4497.169607655378,0.0,1091.6338233341025,262,30.626102002357264,False,a2c
2026-04-02,1763924.4497025814,0.06853374400031753,685.3374400031753,0.0,1110.653827827516,269,108.45003087542922,False,a2c
2026-04-06,1766241.7445576056,0.23172948550242,2317.2948550242,0.0,1129.600869492413,274,16.390040432946243,False,a2c
2026-04-07,1755699.2430250547,-1.05425015325509,-10542.501532550901,0.0,1146.0942817826926,281,15.878372885546812,False,a2c
2026-04-08,1808078.5291203433,5.237928609528859,52379.28609528858,0.0,1165.6084631222425,285,31.42195102954647,False,a2c
2026-04-09,1829014.0082164304,2.0935479096087164,20935.47909608716,0.0,1181.8786461382756,290,65.99859718959914,False,a2c
2026-04-13,1833098.0853337767,0.07052886173340958,705.2886173340958,0.0,64.63006854276985,12,17.307858430510993,False,a2c
2026-04-14,1855428.3871846716,2.2330301850894934,22330.30185089493,0.0,99.94488342242909,20,39.67366934885395,False,a2c
2026-04-15,1845872.9084672001,-0.9555478717471474,-9555.478717471473,0.0,115.90964881365153,26,29.585500016084524,False,a2c
2026-04-16,1832265.172744678,-1.3607735722522019,-13607.735722522018,0.0,130.93211710250836,30,35.28639175695144,False,a2c
2026-04-17,1860604.98652056,2.8339813775881892,28339.813775881892,0.0,146.21122299980772,32,45.21398091304883,False,a2c
2026-04-20,1847298.7415853883,-1.3306244935171678,-13306.244935171677,0.0,164.9736447244895,35,29.191759632999904,False,a2c
2026-04-21,1812920.0324814548,-3.437870910393354,-34378.709103933536,0.0,183.96861082677756,38,28.28024900378083,False,a2c
2026-04-22,1822932.9937571085,1.0012961275653682,10012.961275653683,0.0,202.7502731969925,41,46.0190253530192,False,a2c
2026-04-23,1822420.8246241696,-0.051216913293884135,-512.1691329388414,0.0,218.18581902714152,43,30.134000955295605,False,a2c
2026-04-24,1830472.6287802262,0.8051804156056606,8051.804156056605,0.0,239.9793341862937,46,65.11354668480777,False,a2c
2026-04-27,1832577.333325598,0.21047045453717,2104.7045453717,0.0,263.05546327606777,49,45.34798111871942,False,a2c
2026-04-28,1827353.3298395206,-0.5224003486077301,-5224.003486077301,0.0,286.33621539873855,52,39.457216556939414,False,a2c
2026-04-29,1821209.7392334882,-0.6143590606032405,-6143.590606032405,0.0,308.6230720671449,55,62.19310874478485,False,a2c
2026-04-30,1812125.140076097,-0.9084599157391117,-9084.599157391116,0.0,332.044409224103,58,147.95521138315104,False,a2c
2026-05-01,1818564.166864755,0.6439026788657997,6439.026788657996,0.0,365.35707963325854,62,79.93508691807241,False,a2c
2026-05-04,1816139.3950377172,-0.2424771827037912,-2424.771827037912,0.0,398.3297818347671,70,55.49464113437189,False,a2c
2026-05-05,1816994.724536424,0.08553294987068512,855.3294987068512,0.0,425.6397694312716,74,24.882497333338232,False,a2c
2026-05-06,1849133.702215333,3.213897767890897,32138.977678908966,0.0,454.18837236512286,78,20.302062044991075,False,a2c
2026-05-07,1843653.9460143098,-0.5479756201023236,-5479.756201023236,0.0,489.62925405114316,82,69.01287161486354,False,a2c
2026-05-08,1846555.7452170362,0.29017992027264555,2901.7992027264554,0.0,517.9225096084213,86,23.851451138450024,False,a2c
2026-05-11,1850099.9042803128,0.35441590632766024,3544.159063276602,0.0,534.6794147753786,89,41.25648978889527,False,a2c
2026-05-12,1858396.5581814093,0.8296653901096434,8296.653901096433,0.0,536.5690993404812,91,46.95093700460447,False,a2c
2026-05-13,1884243.3293029405,2.584677112153126,25846.77112153126,0.0,538.4570700089007,93,22.668537179072377,False,a2c
2026-05-14,1898385.0943658778,1.4141765062937282,14141.76506293728,0.0,540.3963236586989,95,45.94945955798242,False,a2c
2026-05-15,1859447.6431334862,-3.893745123239164,-38937.45123239164,0.0,540.3963236586989,95,104.44288943087147,False,a2c
2026-05-18,1870957.8854145296,1.1510242281043437,11510.242281043436,0.0,540.3963236586989,95,40.504563911475735,False,a2c
2026-05-19,1865087.1940419364,-0.5870691372593166,-5870.691372593166,0.0,540.3963236586989,95,36.39092334639857,False,a2c
