date,portfolio_value,reward,unscaled_reward,cash,transaction_costs,trades,turbulence,risk_off,strategy
2023-01-04,1001360.1519032607,0.1360151903260732,1360.151903260732,821500.903252812,178.32077597121685,16,48.617618480310206,False,A2C
2023-01-05,993435.2557938659,-0.7924896109394846,-7924.896109394846,641461.795353713,358.18002462166555,32,75.76188417571507,False,A2C
2023-01-06,1004213.0374177042,1.0777781623838354,10777.781623838353,465299.0784034164,534.1667548417419,48,36.88287126590971,False,A2C
2023-01-09,1005440.1645428024,0.12271271250981372,1227.1271250981372,285424.3114893188,713.8618266839973,64,27.665622415606787,False,A2C
2023-01-10,1007481.3462302648,0.20411816874623764,2041.1816874623764,104483.60706764131,894.6217711611976,80,32.68206897992657,False,A2C
2023-01-11,1020899.7238763551,1.3418377646090347,13418.377646090346,0.0,999.000999000999,89,12.194550716494993,False,A2C
2023-01-12,1027607.2509857377,0.6707527109382558,6707.527109382558,0.0,1220.7914441290618,104,31.517460622940924,False,A2C
2023-01-13,1029907.6757243592,0.2300424738621572,2300.424738621572,0.0,1442.584346153304,119,18.95959843909522,False,A2C
2023-01-17,1015013.5154969157,-1.4894160227443558,-14894.160227443557,0.0,1625.9225932864592,133,16.752907774513883,False,A2C
2023-01-18,995820.7697212979,-1.9192745775617777,-19192.745775617776,0.0,1804.245855430588,147,93.66725005285348,False,A2C
2023-01-19,988489.5578924988,-0.7331211828799103,-7331.211828799103,0.0,1967.129828111819,160,29.96924214535943,False,A2C
2023-01-20,1000062.3348256865,1.1572776933187736,11572.776933187735,0.0,2135.4104361381073,176,36.12941970797391,False,A2C
2023-01-23,1012349.7127466893,1.2287377921002802,12287.377921002802,0.0,2172.893141761965,182,41.29164800434987,False,A2C
2023-01-24,1009423.1546841238,-0.2926558062565513,-2926.558062565513,0.0,2198.824551409164,187,24.267918218779265,False,A2C
2023-01-25,1007921.6610815069,-0.15014936026169454,-1501.4936026169453,0.0,2220.5742708768257,191,70.90109706442583,False,A2C
2023-01-26,1022971.0632288388,1.5049402147331974,15049.402147331974,0.0,2222.239242915398,193,15.23518020865826,False,A2C
2023-01-27,1021713.7416705159,-0.12573215583229905,-1257.3215583229903,0.0,2225.0222086445247,195,78.08712783463974,False,A2C
2023-01-30,1014304.7921930976,-0.740894947741821,-7408.949477418209,0.0,2227.0416828439165,197,111.89017051287912,False,A2C
2023-01-31,1033062.0421462735,1.8757249953175896,18757.249953175895,0.0,2227.0416828439165,197,63.07367884174347,False,A2C
2023-02-01,1037989.0498344204,0.49270076881469,4927.007688146899,0.0,2227.0416828439165,197,33.734816310882906,False,A2C
2023-02-02,1041439.4945783658,0.345044474394538,3450.4447439453797,0.0,2227.0416828439165,197,26.401697821252355,False,A2C
2023-02-03,1030561.6623385567,-1.0877832239809098,-10877.832239809097,0.0,2227.0416828439165,197,77.42937474874395,False,A2C
2023-02-06,1028313.5261606661,-0.22481361778905848,-2248.136177890585,0.0,2227.0416828439165,197,56.11819515246941,False,A2C
2023-02-07,1040344.9272139837,1.203140105331759,12031.40105331759,0.0,2227.0416828439165,197,16.689097054582486,False,A2C
2023-02-08,1034583.1865002709,-0.5761740713712876,-5761.740713712876,0.0,2230.404227002037,199,35.21474062374773,False,A2C
2023-02-09,1028153.3560244809,-0.642983047578996,-6429.8304757899605,0.0,2230.404227002037,199,22.908968136690973,False,A2C
2023-02-10,1030378.8110886284,0.2225455064147478,2225.455064147478,0.0,2230.404227002037,199,18.04913138754658,False,A2C
2023-02-13,1046407.6996766018,1.602888858797343,16028.88858797343,0.0,2230.404227002037,199,16.313795799879674,False,A2C
2023-02-14,1042766.0529880348,-0.3641646688567009,-3641.646688567009,0.0,2230.404227002037,199,9.036396525600187,False,A2C
2023-02-15,1045370.5255738571,0.26044725858223394,2604.472585822339,0.0,2230.404227002037,199,20.557400149016424,False,A2C
2023-02-16,1029181.6519603136,-1.6188873613543577,-16188.873613543577,0.0,2230.404227002037,199,17.834731917629504,False,A2C
2023-02-17,1031828.08889614,0.2646436935826438,2646.4369358264375,0.0,2230.404227002037,199,44.30944026337915,False,A2C
2023-02-21,1010124.6867438869,-2.170340215225308,-21703.402152253082,0.0,2230.404227002037,199,18.711727424089204,False,A2C
2023-02-22,1006763.3343001995,-0.3361352443687385,-3361.3524436873845,0.0,2230.404227002037,199,32.79577922415548,False,A2C
2023-02-23,1011366.4157806652,0.46030814804657133,4603.081480465713,0.0,2230.404227002037,199,9.263636067054271,False,A2C
2023-02-24,999842.2695932875,-1.1524146187377744,-11524.146187377743,0.0,2230.404227002037,199,54.28339232253821,False,A2C
2023-02-27,1002505.0452389849,0.26627756456973734,2662.7756456973734,0.0,2230.404227002037,199,14.233045927985344,False,A2C
2023-02-28,994607.1792210693,-0.7897866017915541,-7897.866017915541,0.0,2230.404227002037,199,4.5887735855771,False,A2C
2023-03-01,995558.0622529082,0.09508830318389228,950.8830318389228,0.0,2230.404227002037,199,38.81900733446325,False,A2C
2023-03-02,1013053.6551326292,1.7495592879720965,17495.592879720964,0.0,2230.404227002037,199,36.74991290203244,False,A2C
2023-03-03,1024294.2515579553,1.1240596425326075,11240.596425326074,0.0,2230.404227002037,199,53.7611377002007,False,A2C
2023-03-06,1022362.1990211959,-0.1932052536759409,-1932.052536759409,0.0,2236.5573064698638,201,15.9362057001613,False,A2C
2023-03-07,1007930.3473297022,-1.443185169149365,-14431.851691493648,0.0,2236.5573064698638,201,31.885617154918307,False,A2C
2023-03-08,1006744.3901245061,-0.11859572051961441,-1185.957205196144,0.0,2236.5573064698638,201,19.950066892968735,False,A2C
2023-03-09,990568.7666908131,-1.6175623433692963,-16175.623433692963,0.0,2236.5573064698638,201,15.800387192936997,False,A2C
2023-03-10,978208.0583306218,-1.236070836019132,-12360.708360191318,0.0,2236.5573064698638,201,22.22479849723993,False,A2C
2023-03-13,976182.6530662354,-0.20254052643864418,-2025.4052643864416,0.0,2236.868420564868,203,87.73452334074322,False,A2C
2023-03-14,990853.8289244038,1.4671175858168397,14671.175858168397,0.0,2236.868420564868,203,46.45314379454592,False,A2C
2023-03-15,983465.6942744062,-0.7388134649997578,-7388.134649997577,0.0,2242.8887774532077,205,25.895660316711407,False,A2C
2023-03-16,1002710.8976903985,1.9245203415992322,19245.20341599232,0.0,2246.342604744002,207,38.78757752703601,False,A2C
2023-03-17,991089.8722243705,-1.1621025466028019,-11621.025466028019,0.0,2249.845334354178,209,31.9670684006825,False,A2C
2023-03-20,998239.8287958461,0.7149956571475603,7149.956571475603,0.0,2253.329388943225,211,37.117017558330694,False,A2C
2023-03-21,1013142.4188375829,1.490259004173684,14902.59004173684,0.0,2253.329388943225,211,24.35202688315801,False,A2C
2023-03-22,993663.4420102432,-1.9478976827339736,-19478.976827339735,0.0,2256.8917071855685,213,17.21119963677687,False,A2C
2023-03-23,996814.2222102842,0.31507802000410157,3150.7802000410156,0.0,2256.8917071855685,213,25.42086769428804,False,A2C
2023-03-24,1001506.3782188719,0.46921560085876846,4692.1560085876845,0.0,2256.8917071855685,213,12.071049584012464,False,A2C
2023-03-27,1002273.4511659428,0.07670729470709339,767.0729470709339,0.0,2259.5184393072414,215,17.83760129815166,False,A2C
2023-03-28,998964.0893882088,-0.3309361777734012,-3309.3617777340114,0.0,2259.5184393072414,215,29.029804825258452,False,A2C
2023-03-29,1010426.7408184157,1.146265143020684,11462.65143020684,0.0,2261.810567624008,217,14.354279050407431,False,A2C
2023-03-30,1013306.283436938,0.28795426185223044,2879.542618522304,0.0,2264.0720544009805,219,16.642893045529586,False,A2C
2023-03-31,1028082.4910341253,1.4776207597187372,14776.207597187371,0.0,2266.8664683461684,222,7.329526925423664,False,A2C
2023-04-03,1031686.0993830473,0.36036083489219894,3603.608348921989,0.0,2269.3854758820025,224,10.369364957815671,False,A2C
2023-04-05,1024714.424979506,-0.3252721764015849,-3252.7217640158487,0.0,136.52969721569113,12,31.85725961097818,False,A2C
2023-04-06,1028011.2057678641,0.32967807883581846,3296.7807883581845,0.0,231.7381873770236,23,47.45134964624789,False,A2C
2023-04-10,1031202.0487507915,0.31908429829273377,3190.8429829273377,0.0,317.62506143044817,33,14.334257866130176,False,A2C
2023-04-11,1030383.2196986713,-0.08188290521202143,-818.8290521202143,0.0,402.80722221936077,43,14.29517542153832,False,A2C
2023-04-12,1032982.9488406857,0.2599729142014403,2599.729142014403,0.0,498.905158644167,53,13.191583384634294,False,A2C
2023-04-13,1048786.9737931823,1.5804024952496636,15804.024952496635,0.0,581.9004323632979,62,12.411661098636529,False,A2C
2023-04-14,1044426.7999176343,-0.4360173875547946,-4360.1738755479455,0.0,636.0317087724575,68,18.18046215691819,False,A2C
2023-04-17,1050315.4074786971,0.5888607561062789,5888.607561062789,0.0,693.4828957699814,74,103.21866559950114,False,A2C
2023-04-18,1051054.8684777636,0.07394609990664758,739.4609990664758,0.0,734.9160027459072,80,11.647575222331923,False,A2C
2023-04-19,1053000.2328747264,0.1945364396962803,1945.3643969628029,0.0,751.2399381665992,84,31.520587608884487,False,A2C
2023-04-20,1047761.1172832432,-0.5239115591483191,-5239.115591483191,0.0,767.1876830073729,87,90.915452011048,False,A2C
2023-04-21,1056009.361905763,0.8248244622519706,8248.244622519705,0.0,767.485290962299,89,26.392467430588724,False,A2C
2023-04-24,1055227.8853886414,-0.07814765171215404,-781.4765171215404,0.0,767.485290962299,89,34.31180965645834,False,A2C
2023-04-25,1041760.5148460008,-1.3467370542640567,-13467.370542640567,0.0,767.485290962299,89,12.414434291928682,False,A2C
2023-04-26,1045267.501835187,0.35069869891861455,3506.9869891861454,0.0,767.485290962299,89,10.07539953673458,False,A2C
2023-04-27,1066840.3521403254,2.157285030513839,21572.85030513839,0.0,767.8805074153057,91,70.73849520908938,False,A2C
2023-04-28,1073534.3350714345,0.6693982931109146,6693.982931109145,0.0,770.1430668559443,94,52.820813725753624,False,A2C
2023-05-01,1075843.3233485003,0.23089882770658007,2308.9882770658005,0.0,770.1430668559443,94,24.046398751102167,False,A2C
2023-05-02,1069978.3034852974,-0.5865019863202935,-5865.019863202934,0.0,773.7202295950028,97,21.9616854377101,False,A2C
2023-05-03,1066337.8347789901,-0.36404687063072344,-3640.4687063072342,0.0,773.7202295950028,97,34.42139533414799,False,A2C
2023-05-04,1058005.8094602432,-0.8332025318746921,-8332.02531874692,0.0,773.7202295950028,97,20.006544962165137,False,A2C
2023-05-05,1074398.8978625878,1.6393088402344613,16393.088402344612,0.0,774.1336444810095,100,19.34308597034587,False,A2C
2023-05-08,1073328.938356394,-0.10699595061938745,-1069.9595061938744,0.0,776.3911281624726,102,14.340484196436805,False,A2C
2023-05-09,1069403.6723840528,-0.3925265972341178,-3925.265972341178,0.0,778.6940589770193,104,7.605496569012365,False,A2C
2023-05-10,1071729.446593658,0.23257742096052972,2325.774209605297,0.0,778.6940589770193,104,15.29512347760191,False,A2C
2023-05-11,1065968.612208027,-0.5760834385631141,-5760.83438563114,0.0,780.9898076086143,106,17.742412631171188,False,A2C
2023-05-12,1061202.557721204,-0.4766054486823036,-4766.054486823035,0.0,781.4460687980356,109,50.072378469578,False,A2C
2023-05-15,1061159.033236498,-0.004352448470587842,-43.52448470587842,0.0,786.1590586152882,111,11.436224070586023,False,A2C
2023-05-16,1052492.6477527074,-0.8666385483790655,-8666.385483790655,0.0,788.4338076215631,113,8.038729035274624,False,A2C
2023-05-17,1060389.840328317,0.7897192575609545,7897.192575609545,0.0,790.6932432626445,116,17.65757511927638,False,A2C
2023-05-18,1069628.770552132,0.9238930223815144,9238.930223815143,0.0,793.0221504339212,118,18.91829957640753,False,A2C
2023-05-19,1059584.936289976,-1.0043834262156162,-10043.83426215616,0.0,793.773359494153,120,14.83379418760848,False,A2C
2023-05-22,1046475.9830414134,-1.3108953248562525,-13108.953248562524,0.0,793.773359494153,120,13.984044301734905,False,A2C
2023-05-23,1033978.7100469987,-1.2497272994414672,-12497.272994414672,0.0,793.773359494153,120,38.871016024212295,False,A2C
2023-05-24,1029115.974794064,-0.4862735252934741,-4862.735252934741,0.0,793.773359494153,120,29.310775061466835,False,A2C
2023-05-25,1032278.6494262164,0.31626746321524263,3162.674632152426,0.0,793.773359494153,120,18.11343797357665,False,A2C
2023-05-26,1040996.6220218445,0.8717972595628118,8717.972595628118,0.0,793.773359494153,120,137.4635388604851,False,A2C
2023-05-30,1037416.1736200724,-0.3580448401772068,-3580.4484017720674,0.0,793.773359494153,120,21.34586136312895,False,A2C
2023-05-31,1033480.120350643,-0.3936053269429482,-3936.0532694294816,0.0,793.773359494153,120,20.33284934764629,False,A2C
2023-06-01,1031253.7462067073,-0.22263741439356236,-2226.3741439356236,0.0,793.773359494153,120,27.303746522810496,False,A2C
2023-06-02,1051061.6956087502,1.98079494020429,19807.949402042897,0.0,793.773359494153,120,59.376416237883305,False,A2C
2023-06-05,1043331.2256826549,-0.7730469926095335,-7730.469926095334,0.0,793.773359494153,120,89.29611177326537,False,A2C
2023-06-06,1042597.7881234477,-0.07334375592072029,-733.4375592072029,0.0,793.773359494153,120,22.775727156282557,False,A2C
2023-06-07,1034823.7609130684,-0.7774027210379253,-7774.027210379252,0.0,793.773359494153,120,21.22926632896889,False,A2C
2023-06-08,1040234.663844845,0.5410902931776597,5410.902931776596,0.0,793.773359494153,120,37.19742154955682,False,A2C
2023-06-09,1044750.2860293344,0.45156221844893885,4515.622184489388,0.0,793.773359494153,120,19.944281741027616,False,A2C
2023-06-12,1048418.0388768567,0.3667752847522264,3667.752847522264,0.0,793.773359494153,120,6.826302995391488,False,A2C
2023-06-13,1049519.419876929,0.11013810000722297,1101.3810000722297,0.0,793.773359494153,120,12.950266150467291,False,A2C
2023-06-14,1064237.8153311836,1.47183954542547,14718.3954542547,0.0,793.773359494153,120,21.186033068594497,False,A2C
2023-06-15,1077258.7983684929,1.3020983037309255,13020.983037309254,0.0,793.773359494153,120,57.25726498251986,False,A2C
2023-06-16,1075066.1217163936,-0.21926766520992388,-2192.6766520992387,0.0,793.773359494153,120,20.08400604397453,False,A2C
2023-06-20,1064084.478180385,-1.0981643536008663,-10981.643536008662,0.0,793.773359494153,120,14.07037005201848,False,A2C
2023-06-21,1060156.876955369,-0.39276012250159403,-3927.60122501594,0.0,793.773359494153,120,31.7499174885977,False,A2C
2023-06-22,1069500.0873930287,0.934321043765964,9343.21043765964,0.0,793.773359494153,120,18.239266518247906,False,A2C
2023-06-23,1060956.0494977052,-0.8544037895323476,-8544.037895323476,0.0,793.773359494153,120,22.772821451920315,False,A2C
2023-06-26,1060075.412961618,-0.08806365360871424,-880.6365360871423,0.0,793.773359494153,120,13.272192292665302,False,A2C
2023-06-27,1070341.9675362373,1.026655457461928,10266.55457461928,0.0,793.773359494153,120,30.37611912458479,False,A2C
2023-06-28,1069924.494417873,-0.04174731183643453,-417.4731183643453,0.0,793.773359494153,120,16.545761867174,False,A2C
2023-06-29,1071685.8734931992,0.17613790753262584,1761.3790753262583,0.0,793.773359494153,120,22.17372352011019,False,A2C
2023-06-30,1076470.0496826437,0.4784176189444494,4784.1761894444935,0.0,793.773359494153,120,30.843216227612437,False,A2C
2023-07-03,1073814.3983419165,-0.26556513407272286,-2655.6513407272287,0.0,793.773359494153,120,23.440498872899305,False,A2C
2023-07-05,1069688.2908431706,-0.41261074987459,-4126.1074987459,0.0,793.773359494153,120,20.41263934323746,False,A2C
2023-07-07,1048791.2112209476,-1.1711945417233742,-11711.945417233741,16859.867318927227,165.3874501729702,15,18.284962752591483,False,A2C
2023-07-10,1053461.3167670467,0.4670105546099134,4670.105546099134,0.0,226.38964064665842,22,16.819336552972377,False,A2C
2023-07-11,1060525.9747811235,0.7064658014076762,7064.658014076762,14526.285333347707,395.03043160226514,36,39.928709686498735,False,A2C
2023-07-12,1066405.2904944033,0.5879315713279881,5879.315713279881,0.0,454.4446751754919,43,28.796278214780397,False,A2C
2023-07-13,1071215.3402537727,0.48100497593693436,4810.0497593693435,4095.536964930224,611.1736713704414,56,28.291521078629387,False,A2C
2023-07-14,1072812.5788730723,0.15972386192996055,1597.2386192996055,0.0,649.8027803595049,65,21.379444121698253,False,A2C
2023-07-17,1075338.5174504695,0.2525938577397261,2525.938577397261,0.0,733.4252480252678,74,70.4336587758952,False,A2C
2023-07-18,1084168.8951723902,0.883037772192061,8830.37772192061,0.0,808.9496247376646,81,66.08056427730558,False,A2C
2023-07-19,1082743.7268539174,-0.14251683184728028,-1425.1683184728029,0.0,863.2694323232032,87,69.49148404269322,False,A2C
2023-07-20,1076625.3479210236,-0.6118378932893742,-6118.378932893742,0.0,893.6701466978308,91,40.87635352939338,False,A2C
2023-07-21,1080770.9122010218,0.41455642799981873,4145.564279998187,0.0,924.3632876831346,95,99.37802983621256,False,A2C
2023-07-24,1081720.3735969116,0.09494613958897535,949.4613958897535,0.0,954.1923440738884,99,25.02556343636952,False,A2C
2023-07-25,1083675.7484324167,0.19553748355051503,1955.3748355051503,0.0,964.2524129832524,102,19.34062934044882,False,A2C
2023-07-26,1075394.263060984,-0.8281485371432733,-8281.485371432733,0.0,967.2731052202691,105,41.71767192960108,False,A2C
2023-07-27,1049733.0371901991,-2.566122587078484,-25661.225870784838,0.0,970.2846436065248,107,66.4631599421354,False,A2C
2023-07-28,1058401.3067361088,0.8668269545909716,8668.269545909716,0.0,973.9556381964845,109,99.81560257193722,False,A2C
2023-07-31,1060605.9832282327,0.22046764921238646,2204.6764921238646,0.0,976.3664549620444,111,33.963074983066775,False,A2C
2023-08-01,1056583.3877741876,-0.4022595454045106,-4022.5954540451057,0.0,977.4651559429054,113,45.00995203224541,False,A2C
2023-08-02,1043541.0897174358,-1.304229805675184,-13042.298056751839,0.0,980.1842080454309,115,87.2272001743069,False,A2C
2023-08-03,1043633.4588392519,0.00923691218161257,92.3691218161257,0.0,981.3868826892054,118,12.763965384257247,False,A2C
2023-08-04,1042056.4746470789,-0.15769841921729968,-1576.9841921729967,0.0,981.3868826892054,118,17.739431530096287,False,A2C
2023-08-07,1052014.8924452881,0.9958417798209237,9958.417798209237,0.0,981.6653865082578,120,112.73528086120672,False,A2C
2023-08-08,1043781.8580666846,-0.8233034378603566,-8233.034378603566,0.0,982.777024449632,122,25.973831624719097,False,A2C
2023-08-09,1042768.0262910909,-0.10138317755936878,-1013.8317755936878,0.0,983.2779503827219,125,26.609585590374515,False,A2C
2023-08-10,1041737.04501461,-0.10309812764808303,-1030.9812764808303,0.0,983.779687131708,128,13.267746707060992,False,A2C
2023-08-11,1041398.7232896006,-0.03383217250094749,-338.3217250094749,0.0,984.8994490356679,130,15.87150685434541,False,A2C
2023-08-14,1041973.9290587942,0.057520576919359155,575.2057691935915,0.0,985.4038944097209,132,16.57448498428913,False,A2C
2023-08-15,1033344.9555248399,-0.8628973533954238,-8628.973533954239,0.0,985.9045670929902,134,17.189451046153994,False,A2C
2023-08-16,1031100.2251665171,-0.22447303583228495,-2244.7303583228495,0.0,986.1009724784712,136,16.947347930636916,False,A2C
2023-08-17,1021751.3931049814,-0.9348832061535679,-9348.832061535679,0.0,986.6976021502069,138,10.983072747996989,False,A2C
2023-08-18,1023108.0220541407,0.13566289491592906,1356.6289491592906,0.0,988.7726277011194,141,41.269363563091794,False,A2C
2023-08-21,1021807.8498178697,-0.13001722362709697,-1300.1722362709697,0.0,989.7718681245237,144,8.657406305720876,False,A2C
2023-08-22,1015395.4791820869,-0.6412370635782835,-6412.370635782834,0.0,989.7895354604052,146,29.9445122960267,False,A2C
2023-08-23,1015639.6893779442,0.024421019585733304,244.21019585733302,0.0,990.1167265478251,149,17.493834565763436,False,A2C
2023-08-24,1002219.9541109202,-1.3419735267024022,-13419.735267024022,0.0,990.1167265478251,149,39.05971214915394,False,A2C
2023-08-25,1011375.2335040895,0.9155279393169331,9155.27939316933,0.0,990.1167265478251,149,26.32973605574694,False,A2C
2023-08-28,1016173.1310763031,0.47978975722135514,4797.897572213551,0.0,990.4803020170339,151,17.753221609274625,False,A2C
2023-08-29,1029444.81711577,1.3271686039466877,13271.686039466877,0.0,992.9389317149472,155,21.149530592024732,False,A2C
2023-08-30,1030474.585628585,0.10297685128150043,1029.7685128150042,0.0,995.4181645702517,157,24.058076102598243,False,A2C
2023-08-31,1026937.2315050843,-0.35373541235006417,-3537.3541235006414,0.0,997.4339320731892,160,7.785007377139129,False,A2C
2023-09-01,1031237.8632396653,0.4300631734580966,4300.631734580966,0.0,999.0395114967057,162,27.44391580900107,False,A2C
2023-09-05,1022706.461993272,-0.8531401246393333,-8531.401246393332,0.0,1000.6348472441924,165,18.172481802708212,False,A2C
2023-09-06,1020472.5616527519,-0.22339003405200783,-2233.9003405200783,0.0,1002.2173468587795,167,23.5354877821244,False,A2C
2023-09-07,1012450.6512378844,-0.8021910414867452,-8021.910414867452,0.0,1003.6991322501112,169,29.189886627723546,False,A2C
2023-09-08,1016227.5797531491,0.3776928515264648,3776.928515264648,0.0,1004.8734193727231,176,29.70033640782463,False,A2C
2023-09-11,1018922.0425935248,0.26944628403757237,2694.4628403757238,0.0,1007.892515579221,178,16.314158546387564,False,A2C
2023-09-12,1015619.24959783,-0.3302792995694792,-3302.792995694792,0.0,1009.737260550034,180,19.261185804258513,False,A2C
2023-09-13,1020705.2947704123,0.5086045172582264,5086.045172582264,0.0,1011.0348240769758,182,26.98688556420595,False,A2C
2023-09-14,1027816.3484257349,0.7111053655322641,7111.053655322641,0.0,1012.0412602548718,186,48.912792369501304,False,A2C
2023-09-15,1016461.5783250197,-1.1354770100715221,-11354.77010071522,0.0,1013.5920064942801,188,33.65816024102276,False,A2C
2023-09-18,1015983.5235111673,-0.04780548138524173,-478.0548138524173,0.0,1015.4637378210107,190,29.10435668037668,False,A2C
2023-09-19,1013109.9267077353,-0.28735968034319814,-2873.5968034319812,0.0,1017.8221381945253,192,22.537390784762817,False,A2C
2023-09-20,1004223.4410631083,-0.8886485644627014,-8886.485644627013,0.0,1019.0878693568114,194,12.813082007623391,False,A2C
2023-09-21,988689.9364055812,-1.5533504657527084,-15533.504657527083,0.0,1020.3796161190631,196,28.420462529129736,False,A2C
2023-09-22,982242.7399078812,-0.6447196497699944,-6447.196497699943,0.0,1020.3796161190631,196,35.330990649237705,False,A2C
2023-09-25,982996.2589868642,0.0753519078982994,753.519078982994,0.0,1020.3796161190631,196,11.476006215898304,False,A2C
2023-09-26,971009.8390366636,-1.1986419950200595,-11986.419950200594,0.0,1020.794206680224,199,15.794606805312068,False,A2C
2023-09-27,967384.8074921418,-0.36250315445218007,-3625.0315445218007,0.0,1020.794206680224,199,17.763130861009607,False,A2C
2023-09-28,968775.0540333537,0.13902465412118473,1390.2465412118472,0.0,1020.794206680224,199,14.000315029081284,False,A2C
2023-09-29,984411.026142855,1.563597210950125,15635.97210950125,0.0,1020.794206680224,199,24.0242126552382,False,A2C
2023-10-02,983096.7908994313,-0.1314235243423609,-1314.235243423609,0.0,1020.794206680224,199,35.288262499035255,False,A2C
2023-10-03,974410.0062375653,-0.8686784661866026,-8686.784661866026,0.0,1020.794206680224,199,32.91411815932344,False,A2C
2023-10-05,979697.8372208144,-0.4693734582016478,-4693.734582016477,0.0,90.32187000343654,9,21.3824230929131,False,A2C
2023-10-06,995515.9882342245,1.581815101341007,15818.151013410068,0.0,176.10823085556922,17,82.668596469433,False,A2C
2023-10-09,998406.8179000507,0.2890829665826168,2890.829665826168,0.0,261.6369648407815,24,44.490864614211134,False,A2C
2023-10-10,1000838.883456165,0.24320655561143067,2432.0655561143067,0.0,347.48802787994794,31,16.715950323565487,False,A2C
2023-10-11,1006480.2178240691,0.5641334367904114,5641.334367904114,0.0,433.3359213874926,38,22.079063113392607,False,A2C
2023-10-12,1003643.1367062319,-0.2837081117837224,-2837.0811178372237,0.0,515.8584310941058,45,41.34331478760535,False,A2C
2023-10-13,1011454.9913209332,0.7811854614701356,7811.854614701355,0.0,575.337407304211,51,27.53950208152155,False,A2C
2023-10-16,1022719.2570520919,1.1264265731158667,11264.265731158666,0.0,624.7874777627517,60,30.99487929730559,False,A2C
2023-10-17,1025721.6762994789,0.3002419247386977,3002.419247386977,0.0,669.3327617910151,65,12.595080136981297,False,A2C
2023-10-18,1023891.5579072346,-0.18301183922442144,-1830.1183922442142,0.0,713.8308996272265,72,20.54849869263919,False,A2C
2023-10-19,1017750.5646300972,-0.6140993277137401,-6140.993277137401,0.0,757.4481160756708,78,76.06246066033503,False,A2C
2023-10-20,1011750.0989028463,-0.6000465727250907,-6000.465727250907,0.0,787.8350100794748,82,26.537108241260057,False,A2C
2023-10-23,1007192.0125588693,-0.45580863439770186,-4558.086343977018,0.0,805.664558558364,84,36.49813885418675,False,A2C
2023-10-24,1022554.8881536145,1.5362875594745158,15362.875594745157,0.0,805.664558558364,84,30.013600488874733,False,A2C
2023-10-25,1017876.3169571362,-0.4678571196478326,-4678.571196478326,0.0,805.664558558364,84,122.57932628698263,False,A2C
2023-10-26,1003697.9727570239,-1.4178344200112276,-14178.344200112275,0.0,805.664558558364,84,89.65885071414698,False,A2C
2023-10-27,993449.8190103025,-1.0248153746721336,-10248.153746721335,0.0,805.664558558364,84,79.69345285431986,False,A2C
2023-10-30,1015031.5252678476,2.158170625754504,21581.706257545036,0.0,805.664558558364,84,83.00584989078158,False,A2C
2023-10-31,1026449.1470499597,1.1417621782112168,11417.621782112168,0.0,805.664558558364,84,31.9263104002395,False,A2C
2023-11-01,1020007.5130187117,-0.6441634031248047,-6441.634031248047,0.0,805.664558558364,84,71.22603219015164,False,A2C
2023-11-02,1040006.4963270209,1.9998983308309224,19998.983308309224,0.0,805.664558558364,84,26.18518942579269,False,A2C
2023-11-03,1045287.6484558457,0.5281152128824732,5281.152128824732,0.0,805.664558558364,84,21.22437405144913,False,A2C
2023-11-06,1046026.7415723256,0.07390931164799258,739.0931164799258,0.0,805.664558558364,84,31.86281081534677,False,A2C
2023-11-07,1055061.5499382233,0.9034808365897742,9034.808365897741,0.0,805.664558558364,84,9.559231192927705,False,A2C
2023-11-08,1051553.0611237674,-0.3508488814455923,-3508.4888144559227,0.0,805.664558558364,84,10.429169199508348,False,A2C
2023-11-09,1044759.4289942536,-0.6793632129513776,-6793.632129513776,0.0,805.7979742227186,86,12.679155735295067,False,A2C
2023-11-10,1047848.7753884902,0.3089346394236549,3089.346394236549,0.0,805.7979742227186,86,56.96086097641368,False,A2C
2023-11-13,1043411.3018056457,-0.4437473582844483,-4437.473582844483,0.0,805.7979742227186,86,20.85393106516765,False,A2C
2023-11-14,1051064.0014459072,0.7652699640261476,7652.699640261475,0.0,805.7979742227186,86,18.496926586262923,False,A2C
2023-11-15,1056397.1348836292,0.5333133437721991,5333.133437721991,0.0,806.582123801508,88,36.31158943270046,False,A2C
2023-11-16,1054943.727076622,-0.14534078070071993,-1453.4078070071992,0.0,806.582123801508,88,24.174751879968145,False,A2C
2023-11-17,1048070.4370334094,-0.687329004321259,-6873.29004321259,0.0,806.582123801508,88,261.326523660882,False,A2C
2023-11-20,1049796.2467058566,0.17258096724472707,1725.8096724472707,0.0,806.582123801508,88,20.06715299028469,False,A2C
2023-11-21,1054417.082435771,0.4620835729914252,4620.835729914252,0.0,806.582123801508,88,21.719074735833637,False,A2C
2023-11-22,1062874.1884430898,0.8457106007318944,8457.106007318944,0.0,806.582123801508,88,18.4294420035791,False,A2C
2023-11-24,1066173.458400656,0.3299269957566168,3299.269957566168,0.0,806.582123801508,88,14.396707534236214,False,A2C
2023-11-27,1064619.488851449,-0.15539695492070169,-1553.9695492070168,0.0,806.582123801508,88,5.188026950671363,False,A2C
2023-11-28,1066988.0930821477,0.23686042306986638,2368.6042306986637,0.0,806.582123801508,88,6.206188310403967,False,A2C
2023-11-29,1067948.427567558,0.0960334485410247,960.334485410247,0.0,806.582123801508,88,19.10625261361726,False,A2C
2023-11-30,1082630.7656370422,1.4682338069484338,14682.338069484336,0.0,806.582123801508,88,16.56085006347788,False,A2C
2023-12-01,1093773.4586759359,1.1142693038893632,11142.69303889363,0.0,806.582123801508,88,55.28563415086104,False,A2C
2023-12-04,1099867.6164888344,0.6094157812898513,6094.157812898513,0.0,806.582123801508,88,32.95406893041611,False,A2C
2023-12-05,1101249.467641009,0.13818511521746404,1381.8511521746404,0.0,806.582123801508,88,26.11830442139047,False,A2C
2023-12-06,1103385.803848589,0.21363362075800543,2136.336207580054,0.0,806.582123801508,88,58.56580554313221,False,A2C
2023-12-07,1098681.5849026043,-0.4704218945984729,-4704.218945984729,0.0,806.582123801508,88,15.139898284087552,False,A2C
2023-12-08,1098387.768098893,-0.02938168037112337,-293.81680371123366,0.0,806.582123801508,88,14.457888226895069,False,A2C
2023-12-11,1109507.7077586278,1.1119939659734723,11119.939659734722,0.0,806.582123801508,88,21.95680718431886,False,A2C
2023-12-12,1115568.367783016,0.6060660024388228,6060.660024388228,0.0,806.582123801508,88,31.125504683023912,False,A2C
2023-12-13,1125596.4401810118,1.002807239799574,10028.07239799574,0.0,807.2887037043884,90,8.323218765605427,False,A2C
2023-12-14,1115204.074663877,-1.0392365517134778,-10392.365517134778,0.0,808.115682490763,93,35.356911432061196,False,A2C
2023-12-15,1114079.9742905966,-0.11241003732804675,-1124.1003732804675,0.0,808.115682490763,93,75.38244435094126,False,A2C
2023-12-18,1113149.632435392,-0.09303418552046643,-930.3418552046642,0.0,808.6217234162208,96,18.06086248126627,False,A2C
2023-12-19,1116076.3536477182,0.29267212123263164,2926.721212326316,0.0,808.9709824717311,101,21.39679748858358,False,A2C
2023-12-20,1102879.4714671487,-1.319688218056946,-13196.882180569459,0.0,809.4471174811911,103,9.850378309504642,False,A2C
2023-12-21,1112392.1382633334,0.9512666796184611,9512.66679618461,0.0,809.9176805266715,105,17.629094254612106,False,A2C
2023-12-22,1069485.447472716,-4.290669079061738,-42906.69079061738,0.0,810.3915804628984,108,9.764918413063302,False,A2C
2023-12-26,1072284.3143946424,0.2798866921926383,2798.866921926383,0.0,810.8711439174228,110,85.63516202645837,False,A2C
2023-12-27,1073021.600549751,0.07372861551085953,737.2861551085953,0.0,810.8711439174228,110,4.770862632177803,False,A2C
2023-12-28,1080098.1786107104,0.7076578060959466,7076.578060959466,0.0,810.8711439174228,110,4.419532025398101,False,A2C
2023-12-29,1081502.629281422,0.14044506707114635,1404.4506707114633,0.0,811.3531485352894,112,7.285156525787727,False,A2C
2024-01-02,1085498.4476482132,0.3995818366791355,3995.818366791355,0.0,811.3531485352894,112,2.9550341216370395,False,A2C
2024-01-03,1074920.109052171,-1.0578338596042247,-10578.338596042247,0.0,811.3531485352894,112,55.326426264086855,False,A2C
2024-01-05,1065792.4184446512,-0.6238680796072353,-6238.680796072353,943.133909939852,168.97570385245973,16,20.258792421642408,False,A2C
2024-01-08,1070457.5378891844,0.46651194445332517,4665.119444533251,0.0,307.4799599139298,26,17.544396568746677,False,A2C
2024-01-09,1066419.7673103868,-0.4037770578797674,-4037.770578797674,0.0,412.6189405356496,33,64.45684945757168,False,A2C
2024-01-10,1072051.1223257661,0.5631355015379377,5631.355015379377,0.0,517.0390503039407,39,17.746096975204768,False,A2C
2024-01-11,1076016.021664834,0.39648993390679826,3964.8993390679825,0.0,623.4632160195305,47,23.08357078340254,False,A2C
2024-01-12,1073242.6500908816,-0.2773371573952492,-2773.371573952492,0.0,729.5194942764394,54,25.06487809218838,False,A2C
2024-01-16,1059287.9933994752,-1.3954656691406389,-13954.656691406388,0.0,794.1525276311196,60,41.51204583555025,False,A2C
2024-01-17,1056378.8416023655,-0.2909151797109749,-2909.151797109749,0.0,795.6503669050019,62,62.82396929734922,False,A2C
2024-01-18,1062177.5741265325,0.5798732524167048,5798.732524167048,0.0,797.1321939139292,64,14.763297927955936,False,A2C
2024-01-19,1069690.3452992698,0.7512771172737237,7512.771172737237,0.0,798.6169095295326,66,28.16969340802314,False,A2C
2024-01-22,1066801.4455159376,-0.2888899783332134,-2888.8997833321337,0.0,800.1162735700746,68,77.41309415749538,False,A2C
2024-01-23,1076258.5216754996,0.9457076159561985,9457.076159561984,0.0,801.6251684124658,71,19.319717879653155,False,A2C
2024-01-24,1066390.0552021037,-0.9868466473395937,-9868.466473395936,0.0,801.6251684124658,71,166.486950653183,False,A2C
2024-01-25,1077721.6265566095,1.1331571354505838,11331.571354505837,0.0,801.6251684124658,71,20.594719431109898,False,A2C
2024-01-26,1079373.2607269972,0.1651634170387639,1651.6341703876387,0.0,803.1903621595939,74,183.40212933892315,False,A2C
2024-01-29,1089219.1666204487,0.9845905893451534,9845.905893451534,0.0,804.806762817014,76,89.31401661281859,False,A2C
2024-01-30,1098542.2876959061,0.9323121075457428,9323.121075457428,0.0,806.4098205875645,79,18.36650112697265,False,A2C
2024-01-31,1078825.9531474055,-1.97163345485006,-19716.3345485006,0.0,808.0288897550101,81,18.88238786739136,False,A2C
2024-02-01,1079278.8982802704,0.045294513286487204,452.945132864872,0.0,808.3826766048988,85,38.95601512267056,False,A2C
2024-02-02,1074052.1049359646,-0.5226793344305829,-5226.793344305829,0.0,808.7376330754818,87,82.9392203084131,False,A2C
2024-02-05,1063008.0471531937,-1.1044057782770833,-11044.057782770833,0.0,809.0895621210828,89,51.54812171938917,False,A2C
2024-02-06,1074391.2855966156,1.13832384434219,11383.238443421898,0.0,809.4352456369102,92,61.05227425241932,False,A2C
2024-02-07,1080123.7863509492,0.5732500754333567,5732.500754333567,0.0,809.7785901327213,94,24.252855506608665,False,A2C
2024-02-08,1076748.8310740744,-0.33749552768748253,-3374.9552768748254,0.0,810.1459990909602,96,50.34558026350061,False,A2C
2024-02-09,1081378.3512397616,0.4629520165687194,4629.520165687194,0.0,810.5149445695872,98,112.76770183786556,False,A2C
2024-02-12,1093024.4183500702,1.164606711030868,11646.067110308679,0.0,810.8836936469172,100,16.640032347910388,False,A2C
2024-02-13,1080196.1533590555,-1.282826499101473,-12828.26499101473,0.0,812.8963662489306,102,14.672717264344753,False,A2C
2024-02-14,1087637.8878888693,0.7441734529813752,7441.734529813752,0.0,813.2648103740923,104,22.438633862173575,False,A2C
2024-02-15,1095318.1978132506,0.768030992438132,7680.309924381319,0.0,813.6320781602008,109,11.209464000501058,False,A2C
2024-02-16,1084340.344183411,-1.0977853629839607,-10977.853629839607,0.0,814.0008490490518,111,25.87072585534257,False,A2C
2024-02-20,1085776.7304105088,0.1436386227097828,1436.386227097828,0.0,814.3719507533478,113,12.582393299457834,False,A2C
2024-02-21,1094293.8293033456,0.8517098892836832,8517.098892836832,0.0,814.7102828631207,115,46.01644395345684,False,A2C
2024-02-22,1102382.762918258,0.8088933614912444,8088.933614912443,0.0,815.081647625634,117,24.412835449876543,False,A2C
2024-02-23,1104664.0619247698,0.22812990065116903,2281.29900651169,0.0,815.4566683405094,119,59.83220754251535,False,A2C
2024-02-26,1098170.9430760825,-0.6493118848687272,-6493.118848687272,0.0,816.9298399469021,122,7.371390003327809,False,A2C
2024-02-27,1097841.2036965443,-0.032973937953822315,-329.73937953822315,0.0,817.3121083697494,124,19.57526997359285,False,A2C
2024-02-28,1096668.8788074264,-0.11723248891178518,-1172.3248891178519,0.0,817.6456788345407,126,22.82128798718834,False,A2C
2024-02-29,1095672.3971080047,-0.0996481699421769,-996.481699421769,0.0,817.9806694397107,129,21.645413638597766,False,A2C
2024-03-01,1090737.0114609553,-0.4935385647049407,-4935.3856470494065,0.0,818.3149916849275,131,29.955807786946387,False,A2C
2024-03-04,1084853.4832101858,-0.588352825076948,-5883.528250769479,0.0,818.6508177123675,133,18.76406530293707,False,A2C
2024-03-05,1077906.2399583415,-0.694724325184431,-6947.243251844309,0.0,818.9875627301312,136,42.00394520162916,False,A2C
2024-03-06,1082460.5273364813,0.4554287378139794,4554.287378139794,0.0,819.3246417618423,139,37.29618329421079,False,A2C
2024-03-07,1084322.012975256,0.18614856387746986,1861.4856387746986,0.0,819.657662958362,141,17.328917657880577,False,A2C
2024-03-08,1086383.8387721663,0.2061825796910329,2061.825796910329,0.0,819.9878918816552,143,30.522980103711543,False,A2C
2024-03-11,1093368.4086650766,0.698456989291031,6984.569892910309,0.0,820.3179537057362,148,23.03814183382527,False,A2C
2024-03-12,1093989.7588992347,0.06213502341581043,621.3502341581043,0.0,820.6531949412768,150,32.47566379574073,False,A2C
2024-03-13,1100456.8666171315,0.6467107717896812,6467.107717896812,0.0,820.9884361768173,152,41.846142502831064,False,A2C
2024-03-14,1090553.6083071236,-0.9903258310007863,-9903.258310007863,0.0,821.3247633912076,155,77.17964880117962,False,A2C
2024-03-15,1086583.7405273304,-0.3969867779793218,-3969.867779793218,0.0,821.6569965053219,157,24.607835949138284,False,A2C
2024-03-18,1085866.8027083687,-0.07169378189616837,-716.9378189616837,0.0,821.986891317861,159,23.59601335109103,False,A2C
2024-03-19,1095384.5579250923,0.9517755216723541,9517.75521672354,0.0,822.3204618339931,161,13.279860962912222,False,A2C
2024-03-20,1103178.154660266,0.7793596735173604,7793.5967351736035,0.0,822.7187262646793,163,11.471727256741511,False,A2C
2024-03-21,1106717.629765126,0.35394751048600304,3539.47510486003,0.0,824.6854075620859,165,17.563830526189722,False,A2C
2024-03-22,1077210.0829309018,-2.9507546834224136,-29507.546834224137,0.0,826.5291474488928,167,56.543228622738106,False,A2C
2024-03-25,1071293.3291523745,-0.5916753778527258,-5916.753778527258,0.0,827.7546299647631,169,39.29840603566153,False,A2C
2024-03-26,1070938.150944438,-0.03551782079364639,-355.1782079364639,0.0,828.4373953120916,171,30.041986611728777,False,A2C
2024-03-27,1084076.7721992296,1.3138621254791507,13138.621254791506,0.0,829.1198272571138,173,12.709047511125352,False,A2C
2024-03-28,1084344.912795655,0.02681405964253936,268.1405964253936,0.0,829.813785977065,175,43.71913469161537,False,A2C
2024-04-01,1073594.0015800516,-1.0750911215603352,-10750.911215603352,0.0,829.813785977065,175,7.814802762748226,False,A2C
2024-04-02,1064400.952976983,-0.9193048603068572,-9193.048603068572,0.0,830.516345433109,177,61.451994780565144,False,A2C
2024-04-03,1058268.0843615723,-0.6132868615410757,-6132.868615410756,0.0,830.516345433109,177,42.72744405887717,False,A2C
2024-04-04,1046782.8126314487,-1.1485271730123554,-11485.271730123553,0.0,830.516345433109,177,49.84887556263234,False,A2C
2024-04-08,1055824.6038564504,0.4410109584789258,4410.1095847892575,0.0,62.78532617988349,8,14.109126484958152,False,A2C
2024-04-09,1060211.2384383576,0.43866345819071867,4386.634581907187,0.0,124.12758245303979,16,10.777614070533964,False,A2C
2024-04-10,1046077.5711618037,-1.4133667276553927,-14133.667276553926,0.0,183.71167477139804,23,31.20888921164996,False,A2C
2024-04-11,1058221.5722402744,1.2144001078470728,12144.001078470726,0.0,235.27562728530052,30,40.90395793575211,False,A2C
2024-04-12,1055393.1851797204,-0.28283870605539996,-2828.3870605539996,0.0,257.90898978398104,36,40.12874520611408,False,A2C
2024-04-15,1049843.6574376032,-0.5549527742117178,-5549.527742117179,0.0,283.4165159328226,43,96.9680217257442,False,A2C
2024-04-16,1046072.5619019552,-0.3771095535648056,-3771.0955356480554,0.0,313.06315255515926,50,53.69189406231833,False,A2C
2024-04-17,1052032.847893373,0.5960285991417943,5960.285991417943,0.0,342.7819172304611,58,48.61583092059186,False,A2C
2024-04-18,1054317.5181372943,0.2284670243921224,2284.670243921224,0.0,372.54936685120776,65,91.65662040166868,False,A2C
2024-04-19,1053571.5046815989,-0.07460134556954727,-746.0134556954727,0.0,402.9055989389295,75,23.082423269001534,False,A2C
2024-04-22,1058511.6356632817,0.49401309816828,4940.1309816828,0.0,433.7799854061732,82,79.93760642918329,False,A2C
2024-04-23,1061540.7110337568,0.30290753704751844,3029.075370475184,0.0,458.6085614530186,89,42.60936741989538,False,A2C
2024-04-24,1063363.951389444,0.1823240355687216,1823.240355687216,0.0,476.62704841768584,93,32.341927767176564,False,A2C
2024-04-25,1059246.0424830897,-0.4117908906354336,-4117.908906354336,0.0,494.88599721798744,97,29.80059761600538,False,A2C
2024-04-26,1059139.8676009206,-0.010617488216911443,-106.17488216911443,0.0,513.3019426352236,102,130.86269414025193,False,A2C
2024-04-29,1054815.2832000013,-0.43245844009192663,-4324.584400919266,0.0,523.6243695498331,107,20.130129715963243,False,A2C
2024-04-30,1042076.9855940009,-1.2738297606000444,-12738.297606000444,0.0,526.8593668213463,110,26.95743169622615,False,A2C
2024-05-01,1037481.090265261,-0.4595895328739891,-4595.895328739891,0.0,528.5093460762589,113,62.83299781115099,False,A2C
2024-05-02,1041953.1857195365,0.4472095454275492,4472.095454275492,0.0,529.2417493551349,117,55.56694898625766,False,A2C
2024-05-03,1045743.1325420986,0.37899468225621386,3789.9468225621385,0.0,530.8890001702906,120,29.593440348847587,False,A2C
2024-05-06,1055304.113491634,0.9560980949535268,9560.980949535267,0.0,531.6257897312686,122,166.94864438408504,False,A2C
2024-05-07,1065915.125533576,1.0611012041941985,10611.012041941985,0.0,534.8237575084555,125,26.90681457901295,False,A2C
2024-05-08,1068436.6252174012,0.2521499683825299,2521.4996838252987,0.0,537.454751467359,128,58.19450628185984,False,A2C
2024-05-09,1073666.76202559,0.5230136808188866,5230.136808188865,0.0,540.6912798516906,132,16.052427754708617,False,A2C
2024-05-10,1073280.0324951813,-0.038672953040874564,-386.72953040874563,0.0,543.5259639498266,135,17.342163348187782,False,A2C
2024-05-13,1077697.3255066448,0.441729301146348,4417.29301146348,0.0,545.7407485284658,138,29.3978147452122,False,A2C
2024-05-14,1074342.5402950211,-0.33547852116236465,-3354.7852116236463,0.0,548.973572046698,141,23.947676119522814,False,A2C
2024-05-15,1080562.4122936712,0.6219871998650022,6219.871998650022,0.0,552.2059240550525,144,12.562927168648113,False,A2C
2024-05-16,1082037.5979961313,0.14751857024601195,1475.1857024601195,0.0,555.2123601309883,148,36.55578641823665,False,A2C
2024-05-17,1082761.950319968,0.0724352323836647,724.352323836647,0.0,555.9163166685873,151,124.41019879429648,False,A2C
2024-05-20,1076564.3548453678,-0.6197595474600094,-6197.595474600093,0.0,556.6208896410254,154,8.739206059371924,False,A2C
2024-05-21,1073709.820613433,-0.28545342319349293,-2854.5342319349293,0.0,559.6744575798726,157,55.78455606966713,False,A2C
2024-05-22,1071301.5200713065,-0.24083005421264098,-2408.3005421264097,0.0,562.8487304418294,160,33.6571321813984,False,A2C
2024-05-23,1060542.7630459336,-1.0758757025372936,-10758.757025372935,0.0,563.1662243321994,162,16.409832759638583,False,A2C
2024-05-24,1062213.36392403,0.16706008780964185,1670.6008780964185,0.0,564.3479168574781,170,47.25461510025036,False,A2C
2024-05-28,1055638.2184404377,-0.6575145483592293,-6575.145483592292,0.0,565.5250420375684,172,23.74409063355145,False,A2C
2024-05-29,1047892.2607216106,-0.7745957718827063,-7745.957718827063,0.0,566.6986171254425,177,29.668300754837915,False,A2C
2024-05-30,1062642.8003668308,1.4750539645220153,14750.539645220153,0.0,569.0116129730104,180,21.48214945936296,False,A2C
2024-05-31,1071530.5060196063,0.8887705652775476,8887.705652775476,0.0,570.2527199239906,185,251.80201311799465,False,A2C
2024-06-03,1067775.9951494432,-0.37545108701630964,-3754.510870163096,0.0,573.273976506992,188,40.6639416910651,False,A2C
2024-06-04,1079302.3938436816,1.1526398694238393,11526.398694238393,0.0,574.8529603206314,193,39.14761371307084,False,A2C
2024-06-05,1084202.0361717627,0.4899642328081187,4899.642328081187,0.0,578.5147714728878,197,26.487402423269607,False,A2C
2024-06-06,1092018.2978637256,0.7816261691962835,7816.261691962834,0.0,582.080864553747,202,35.98556038089853,False,A2C
2024-06-07,1097636.9266316341,0.5618628767908551,5618.628767908551,0.0,585.6993974975385,205,17.991874188045003,False,A2C
2024-06-10,1092389.6603856352,-0.5247266245998908,-5247.266245998908,0.0,589.3106772268926,212,44.200713257302326,False,A2C
2024-06-11,1089648.71221095,-0.274094817468524,-2740.94817468524,0.0,592.9149132340095,215,24.798970608472775,False,A2C
2024-06-12,1073757.1131487521,-1.5891599062197843,-15891.599062197842,0.0,594.5326653897787,217,68.46144493393396,False,A2C
2024-06-13,1076963.4444282106,0.3206331279458478,3206.331279458478,0.0,596.1451155187785,219,38.03487608871248,False,A2C
2024-06-14,1073607.867310002,-0.3355577118208632,-3355.577118208632,0.0,597.7540311915556,221,17.02455847374752,False,A2C
2024-06-17,1083898.80181068,1.0290934500677977,10290.934500677977,0.0,599.3686021079509,223,7.693707685838344,False,A2C
2024-06-18,1089041.3365860188,0.5142534775338834,5142.534775338834,0.0,600.9835260863599,225,15.737853974470733,False,A2C
2024-06-20,1098939.07652933,0.9897739943311318,9897.739943311317,0.0,604.5758924308348,228,16.81018650345626,False,A2C
2024-06-21,1102236.9602953023,0.32978837659722193,3297.883765972219,0.0,605.975080575358,231,31.571631501361225,False,A2C
2024-06-24,1105489.7527742828,0.3252792478980497,3252.7924789804965,0.0,607.3821970839409,234,30.043716856422268,False,A2C
2024-06-25,1091326.3845348293,-1.4163368239453529,-14163.368239453528,0.0,608.7891688104042,236,45.73779614140045,False,A2C
2024-06-26,1087951.9330370652,-0.3374451497764094,-3374.451497764094,0.0,610.1611002763278,238,31.08594347636657,False,A2C
2024-06-27,1076728.5765558176,-1.1223356481247582,-11223.356481247582,0.0,611.5230408567392,240,25.971494805598976,False,A2C
2024-06-28,1012956.4363224129,-6.37721402334047,-63772.1402334047,0.0,612.8868637196133,242,49.2620189645376,False,A2C
2024-07-01,1015231.0116516119,0.2274575329198968,2274.5753291989677,0.0,612.8868637196133,242,289.4047818873523,False,A2C
2024-07-02,1025196.0994758457,0.9965087824233808,9965.087824233808,0.0,612.8868637196133,242,75.86377022824148,False,A2C
2024-07-03,1023006.876558954,-0.2189222916891682,-2189.222916891682,0.0,612.8868637196133,242,26.30911168991199,False,A2C
2024-07-05,1025908.812964878,0.29019364059240327,2901.9364059240324,0.0,612.8868637196133,242,17.765478141243435,False,A2C
2024-07-09,1006212.8843032904,-0.4851782809864148,-4851.782809864148,0.0,24.78002325755954,7,27.112200499728296,False,A2C
2024-07-10,1007455.2163220202,0.1242332018729765,1242.332018729765,0.0,51.37323568773495,12,21.166618915252208,False,A2C
2024-07-11,1010065.1457474637,0.2609929425443523,2609.9294254435226,0.0,74.2973370855135,16,29.09371175595772,False,A2C
2024-07-12,1015881.8990012167,0.5816753253753064,5816.753253753064,0.0,119.49569209441933,23,36.40086342508282,False,A2C
2024-07-15,1014994.7564628208,-0.08871425383959432,-887.1425383959431,0.0,168.21289856778353,29,31.603334749497485,False,A2C
2024-07-16,1022510.1793037219,0.7515422840901069,7515.422840901069,0.0,217.22628883706102,35,28.979724385526076,False,A2C
2024-07-17,1031987.9126687043,0.9477733364982415,9477.733364982414,0.0,263.48828987634624,40,56.50948384369781,False,A2C
2024-07-18,1019887.9275173508,-1.2099985151353525,-12099.985151353525,0.0,306.8373154930575,43,38.59961489690985,False,A2C
2024-07-19,1013092.356974032,-0.6795570543318754,-6795.570543318754,0.0,348.0366130325535,47,35.10203354433213,False,A2C
2024-07-22,1024653.4669446088,1.1561109970576828,11561.109970576828,0.0,382.49369433050026,53,74.29025809902205,False,A2C
2024-07-23,1014479.616185467,-1.0173850759141847,-10173.850759141846,0.0,417.9713904461071,58,48.250278867518105,False,A2C
2024-07-24,989399.7887060624,-2.507982747940463,-25079.82747940463,0.0,452.78555642855986,64,100.83696692029818,False,A2C
2024-07-25,982453.7899211895,-0.694599878487282,-6945.99878487282,0.0,490.6625317420472,72,61.88074119841397,False,A2C
2024-07-26,1012306.3811406961,2.9852591219506577,29852.591219506576,0.0,526.737731396298,77,107.3402513928965,False,A2C
2024-07-29,1018693.0690433972,0.6386687902701088,6386.687902701088,0.0,569.1229821106455,81,269.2546495674431,False,A2C
2024-07-30,1010035.2856447726,-0.8657783398624627,-8657.783398624626,0.0,610.5110350113151,84,43.32057120556378,False,A2C
2024-07-31,1015229.8483228732,0.5194562678100658,5194.562678100658,0.0,649.8909117346018,88,203.59235142627023,False,A2C
2024-08-01,1010925.468745813,-0.43043795770602306,-4304.37957706023,0.0,687.3728040960667,92,58.32743731104978,False,A2C
2024-08-02,1015200.0817704017,0.42746130245886743,4274.613024588674,0.0,724.2701567733518,97,71.1166409052552,False,A2C
2024-08-05,983688.1344801325,-3.1511947290269195,-31511.947290269192,0.0,770.6068237295265,101,109.48126734293382,False,A2C
2024-08-06,987493.602241273,0.38054677611405496,3805.4677611405496,0.0,800.9216055459707,110,55.33919406621539,False,A2C
2024-08-07,984389.730601959,-0.31038716393139915,-3103.871639313991,0.0,831.1667592699068,114,32.29052887604965,False,A2C
2024-08-08,998449.2259736739,1.4059495371714816,14059.495371714816,0.0,858.8189392030124,118,56.64674570276469,False,A2C
2024-08-09,997724.9101736448,-0.0724315800029086,-724.315800029086,0.0,876.3166151060533,122,19.88634689113228,False,A2C
2024-08-12,998919.0903614535,0.1194180187808699,1194.180187808699,0.0,890.5955092594944,125,11.525508266306316,False,A2C
2024-08-13,1015966.1355069119,1.7047045145458426,17047.045145458425,0.0,904.8933255079552,129,27.241765066327577,False,A2C
2024-08-14,1018677.6924329811,0.2711556926069199,2711.556926069199,0.0,912.0175565677058,132,23.91533491516006,False,A2C
2024-08-15,1038022.048413276,1.9344355980294874,19344.355980294873,0.0,919.1644240557579,135,8.339510362946495,False,A2C
2024-08-16,1041013.1951428732,0.299114672959724,2991.1467295972398,0.0,933.1903087489028,139,86.25585919615486,False,A2C
2024-08-19,1043122.455374391,0.21092602315178374,2109.2602315178374,0.0,945.955054763,142,11.902098236052572,False,A2C
2024-08-20,1046937.1434438487,0.3814688069457654,3814.688069457654,0.0,958.6836414793589,146,23.66637293885694,False,A2C
2024-08-21,1050562.473205616,0.3625329761767294,3625.329761767294,0.0,971.4826155017955,149,17.967495962534166,False,A2C
2024-08-22,1047932.0013166319,-0.2630471888984088,-2630.471888984088,0.0,988.0035827793449,152,15.767614298489464,False,A2C
2024-08-23,1054333.0197399468,0.6401018423314905,6401.018423314905,0.0,1004.4967544877095,155,10.699257458898572,False,A2C
2024-08-26,1057124.9296491062,0.2791909909159411,2791.9099091594107,0.0,1017.2819535854366,158,18.84433346360573,False,A2C
2024-08-27,1062941.2587714116,0.5816329122305383,5816.329122305382,0.0,1030.10362918637,161,11.220256717759266,False,A2C
2024-08-28,1056058.3840383184,-0.6882874733093195,-6882.874733093195,0.0,1043.0464244081747,164,12.97489238625706,False,A2C
2024-08-29,1062566.876185879,0.6508492147560697,6508.492147560697,0.0,1049.870125998881,167,11.151239828429055,False,A2C
2024-08-30,1068214.6408748443,0.5647764688965167,5647.764688965166,0.0,1057.1948731332745,170,24.57460551102332,False,A2C
2024-09-03,1058234.512238048,-0.998012863679626,-9980.12863679626,0.0,1070.2319644462336,173,21.530582469042567,False,A2C
2024-09-04,1060417.5408276226,0.21830285895746201,2183.02858957462,0.0,1086.1837377584725,176,58.32591887707034,False,A2C
2024-09-05,1058718.7938722766,-0.16987469553460832,-1698.746955346083,0.0,1102.2233260793246,179,26.436209489646767,False,A2C
2024-09-06,1053856.6955261028,-0.4862098346173763,-4862.098346173763,0.0,1118.1655932451672,182,24.72494631685621,False,A2C
2024-09-09,1053887.474834213,0.003077930811024271,30.77930811024271,0.0,1134.1393381833218,187,24.177208767600035,False,A2C
2024-09-10,1054035.7692566253,0.014829442241229118,148.29442241229117,0.0,1150.3891180967705,190,32.60574868329152,False,A2C
2024-09-11,1052988.366819654,-0.10474024369714316,-1047.4024369714316,0.0,1164.2198591340866,193,64.96920724697999,False,A2C
2024-09-12,1057257.6778468648,0.42693110272109047,4269.311027210904,0.0,1176.587388708981,196,43.59296639897281,False,A2C
2024-09-13,1064980.7816722314,0.7723103825366591,7723.10382536659,0.0,1189.0121782618571,199,6.123894069860578,False,A2C
2024-09-16,1072768.1882407016,0.7787406568470179,7787.406568470178,0.0,1201.5238798584871,203,20.09840429063749,False,A2C
2024-09-17,1069773.4611914759,-0.2994727049225709,-2994.727049225709,0.0,1209.277232520794,207,24.533457278323947,False,A2C
2024-09-18,1068296.4418424778,-0.14770193489980885,-1477.0193489980884,0.0,1223.4136805352641,210,23.329514257988407,False,A2C
2024-09-19,1064944.096824317,-0.3352345018160762,-3352.3450181607623,0.0,1240.6803644238578,213,14.57067061491714,False,A2C
2024-09-20,1076281.3564680736,1.1337259643756552,11337.259643756552,0.0,1263.056693277509,216,56.02775590031918,False,A2C
2024-09-23,1076227.399057372,-0.005395741070155054,-53.95741070155054,0.0,1276.4996159323646,219,26.763941952914664,False,A2C
2024-09-24,1071635.6257500246,-0.45917733073474376,-4591.773307347437,0.0,1292.4902250729476,223,16.736622461222332,False,A2C
2024-09-25,1071500.4464829557,-0.01351792670688592,-135.1792670688592,0.0,1308.0280600692615,226,92.86466144116775,False,A2C
2024-09-26,1075251.8849825682,0.3751438499612501,3751.438499612501,0.0,1314.1058776764617,229,33.45537636401734,False,A2C
2024-09-27,1079517.556905742,0.42656719231738244,4265.671923173824,0.0,1330.6373797149454,232,27.764702567915513,False,A2C
2024-09-30,1078053.6434625064,-0.14639134432356804,-1463.9134432356802,0.0,1344.867188968777,235,16.149101607954886,False,A2C
2024-10-01,1080500.7083679866,0.2447064905480249,2447.064905480249,0.0,1357.111019966017,239,15.885637277981758,False,A2C
2024-10-02,1067029.0440143805,-1.3471664353606059,-13471.664353606058,0.0,1365.3967171071454,242,29.38156172674601,False,A2C
2024-10-03,1063528.3890656559,-0.3500654948724667,-3500.6549487246666,0.0,1377.4544434794175,245,26.29499833300518,False,A2C
2024-10-07,1053723.0370126585,-1.0738806537869388,-10738.806537869386,0.0,8.957163123944271,4,21.136186167227955,False,A2C
2024-10-08,1055360.429112215,0.16373920995565133,1637.3920995565134,0.0,15.939199357813763,6,36.90072501377408,False,A2C
2024-10-09,1068858.6372045313,1.3498208092316288,13498.208092316288,0.0,24.956179722667002,8,27.297480124382528,False,A2C
2024-10-10,1070760.088136531,0.19014509319995995,1901.4509319995993,0.0,36.01473855482345,10,33.68207666136477,False,A2C
2024-10-11,1073009.8694988145,0.22497813622835094,2249.781362283509,0.0,48.324761243205415,12,11.501849404439024,False,A2C
2024-10-14,1080705.7005596044,0.7695831060789992,7695.831060789991,0.0,60.68003478346643,14,24.594128763422777,False,A2C
2024-10-15,1050565.328030726,-3.0140372528878507,-30140.372528878506,0.0,72.95258918463412,16,20.29168000796408,False,A2C
2024-10-16,1068697.4477823519,1.8132119751625928,18132.119751625927,0.0,85.30335997518311,18,79.39395202523588,False,A2C
2024-10-17,1065345.0160707608,-0.3352431711591082,-3352.4317115910817,0.0,97.92785006225294,20,45.79271506899515,False,A2C
2024-10-18,1065530.0116328392,0.018499556207843125,184.99556207843125,0.0,110.47112294216674,22,66.23865231822454,False,A2C
2024-10-21,1061121.18798863,-0.44088236442091877,-4408.8236442091875,0.0,122.9422032771584,24,18.53011037280465,False,A2C
2024-10-22,1056601.4369211905,-0.451975106743956,-4519.75106743956,0.0,135.19671098152867,26,25.49953514970866,False,A2C
2024-10-23,1045178.5848284017,-1.1422852092788789,-11422.852092788788,0.0,149.23881175135682,28,67.9861341064208,False,A2C
2024-10-24,1038930.544643416,-0.624804018498573,-6248.04018498573,0.0,163.20706301616005,33,89.78473936771763,False,A2C
2024-10-25,1035487.5810231469,-0.34429636202690894,-3442.9636202690895,0.0,175.80424189086992,38,94.83404988326544,False,A2C
2024-10-28,1042438.0612195164,0.695048019636958,6950.480196369579,0.0,188.3711402176358,41,25.495083415257525,False,A2C
2024-10-29,1036517.4750664379,-0.5920586153078592,-5920.586153078591,0.0,200.94760194932658,46,27.632920974427737,False,A2C
2024-10-30,1039125.9765860538,0.2608501519615995,2608.5015196159948,0.0,215.29477894518539,49,20.435575907109005,False,A2C
2024-10-31,1033487.3202751378,-0.5638656310916064,-5638.656310916063,0.0,229.28713060153385,51,35.91587390436824,False,A2C
2024-11-01,1036717.393223082,0.32300729479441653,3230.072947944165,0.0,244.1687775800436,53,80.1765193424041,False,A2C
2024-11-04,1028762.8050041164,-0.7954588218965568,-7954.588218965568,0.0,257.740494461359,55,44.89990632189016,False,A2C
2024-11-05,1038403.6898019888,0.9640884797872394,9640.884797872393,0.0,272.2878443378744,57,40.084975082859856,False,A2C
2024-11-06,1073191.1885259002,3.4787498723911474,34787.49872391147,0.0,286.9937940904935,59,18.77592428587202,False,A2C
2024-11-07,1079394.5859355615,0.6203397409661208,6203.397409661207,0.0,300.12534340692133,61,281.7223773569988,False,A2C
2024-11-08,1090030.0170965556,1.0635431160994107,10635.431160994107,0.0,312.50310638157185,65,37.195566782236526,False,A2C
2024-11-11,1092062.3108113192,0.20322937147635967,2032.2937147635967,0.0,325.10538094518216,67,43.22532446822175,False,A2C
2024-11-12,1079406.9128880259,-1.2655397923293292,-12655.397923293292,0.0,338.3120570232379,71,41.33672818164978,False,A2C
2024-11-13,1073885.2996240996,-0.5521613263926236,-5521.613263926236,0.0,349.94132387724187,73,67.51364830618634,False,A2C
2024-11-14,1065206.3334860946,-0.8678966138005024,-8678.966138005024,0.0,361.00640098912925,75,32.3482885961526,False,A2C
2024-11-15,1059275.1278605405,-0.5931205625554081,-5931.205625554081,0.0,365.74807772480943,77,46.49293548879699,False,A2C
2024-11-18,1059920.3795293164,0.06452516687759198,645.2516687759198,0.0,365.74807772480943,77,81.63534025930261,False,A2C
2024-11-19,1052383.537811735,-0.7536841717581498,-7536.841717581498,0.0,365.74807772480943,77,19.24608045039828,False,A2C
2024-11-20,1065312.712010697,1.292917419896205,12929.17419896205,0.0,365.74807772480943,77,26.152565806326702,False,A2C
2024-11-21,1070021.3573449822,0.47086453342852186,4708.645334285218,0.0,365.74807772480943,77,30.648702326531,False,A2C
2024-11-22,1063399.5374502188,-0.6621819894763409,-6621.819894763408,0.0,365.74807772480943,77,38.14306032859644,False,A2C
2024-11-25,1077446.728421573,1.4047190971354255,14047.190971354255,0.0,365.74807772480943,77,41.881005048229014,False,A2C
2024-11-26,1080901.083041678,0.34543546201048886,3454.3546201048885,0.0,365.74807772480943,77,38.6705678070598,False,A2C
2024-11-27,1085506.1203109808,0.4605037269302877,4605.037269302877,0.0,365.74807772480943,77,38.87722792081448,False,A2C
2024-11-29,1087145.8712328377,0.16397509218568448,1639.7509218568448,0.0,365.74807772480943,77,13.422248432553303,False,A2C
2024-12-02,1085258.6574692852,-0.18872137635524852,-1887.213763552485,0.0,365.74807772480943,77,6.2427292854642005,False,A2C
2024-12-03,1080483.149976422,-0.47755074928631075,-4775.5074928631075,0.0,365.74807772480943,77,15.403765716159093,False,A2C
2024-12-04,1081930.5988510144,0.14474488745923156,1447.4488745923154,0.0,365.74807772480943,77,27.423011887482552,False,A2C
2024-12-05,1066133.3483890945,-1.5797250461919932,-15797.250461919932,0.0,365.74807772480943,77,57.50243306540289,False,A2C
2024-12-06,1045397.7975352934,-2.0735550853801077,-20735.550853801076,0.0,365.74807772480943,77,39.095580493190646,False,A2C
2024-12-09,1050326.5852280767,0.4928787692783284,4928.787692783284,0.0,365.74807772480943,77,38.39032018727059,False,A2C
2024-12-10,1048463.3459500995,-0.18632392779771473,-1863.2392779771471,0.0,365.74807772480943,77,52.950113487538616,False,A2C
2024-12-11,1027644.5584269408,-2.081878752315871,-20818.78752315871,0.0,365.74807772480943,77,39.38183720043356,False,A2C
2024-12-12,1017389.0265300304,-1.0255531896910397,-10255.531896910397,0.0,365.74807772480943,77,26.02238766677363,False,A2C
2024-12-13,1020696.1714780991,0.3307144948068657,3307.144948068657,0.0,365.74807772480943,77,33.99742065677644,False,A2C
2024-12-16,1002132.667055388,-1.8563504422711092,-18563.504422711092,0.0,365.74807772480943,77,14.063638127608666,False,A2C
2024-12-17,994529.7562230973,-0.7602910832290655,-7602.910832290654,0.0,365.74807772480943,77,47.816704932631325,False,A2C
2024-12-18,990524.8889662892,-0.4004867256808095,-4004.8672568080947,0.0,365.74807772480943,77,25.12844128079849,False,A2C
2024-12-19,990827.2058471062,0.030231688081694304,302.316880816943,0.0,365.74807772480943,77,39.55924343382152,False,A2C
2024-12-20,1002513.3068446456,1.168610099753947,11686.10099753947,0.0,365.74807772480943,77,27.955642023618218,False,A2C
2024-12-23,1011160.6845510326,0.8647377706386964,8647.377706386964,0.0,365.74807772480943,77,14.9911709959256,False,A2C
2024-12-24,1015665.2392559263,0.450455470489373,4504.55470489373,0.0,365.74807772480943,77,12.752392329872382,False,A2C
2024-12-26,1020352.9873390023,0.46877480830759743,4687.748083075974,0.0,365.74807772480943,77,9.213049151972104,False,A2C
2024-12-27,1014872.1533845308,-0.5480833954471513,-5480.833954471514,0.0,365.74807772480943,77,5.761818480429648,False,A2C
2024-12-30,1006969.228922553,-0.7902924461977789,-7902.924461977789,0.0,365.74807772480943,77,4.992948809014578,False,A2C
2024-12-31,1007013.9103672002,0.004468144464713987,44.68144464713987,0.0,365.74807772480943,77,8.183240497334095,False,A2C
2025-01-02,1006533.7030104563,-0.04802073567438638,-480.2073567438638,0.0,365.74807772480943,77,5.3770273493786895,False,A2C
2025-01-03,1015917.8832766383,0.9384180266182055,9384.180266182055,0.0,365.74807772480943,77,19.26171297586661,False,A2C
2025-01-07,1017828.3997649078,-0.08185222910956946,-818.5222910956946,0.0,196.46165201911202,14,24.121602661968772,False,A2C
2025-01-08,1021741.7623059229,0.39133625410151435,3913.3625410151435,0.0,359.3974604118528,22,24.263409562709455,False,A2C
2025-01-10,1005629.2772427087,-1.6112485063214206,-16112.485063214204,0.0,513.6168012312032,30,30.95714447113817,False,A2C
2025-01-13,1014773.4876375678,0.9144210394859081,9144.210394859081,0.0,667.1754009502794,40,51.41893477739923,False,A2C
2025-01-14,1017048.8793207054,0.22753916831376264,2275.3916831376264,0.0,823.7764017735295,48,36.71768872390135,False,A2C
2025-01-15,1036420.7948499757,1.9371915529270307,19371.915529270307,0.0,966.7492125147035,56,15.608974988977398,False,A2C
2025-01-16,1040166.0112838263,0.3745216433850583,3745.2164338505827,0.0,1071.6477962071444,62,42.98846224177366,False,A2C
2025-01-17,1042193.4562299,0.20274449460736943,2027.4449460736942,0.0,1098.818778910964,65,51.376573739607835,False,A2C
2025-01-21,1047934.3349266076,0.5740878696707543,5740.878696707543,0.0,1126.3509208412993,68,21.664961185245023,False,A2C
2025-01-22,1056665.5507342624,0.8731215807654895,8731.215807654895,0.0,1148.3052457145532,71,48.00602471182971,False,A2C
2025-01-23,1062942.6089271856,0.6277058192923199,6277.058192923199,0.0,1148.3052457145532,71,58.56534289988798,False,A2C
2025-01-24,1058518.7691245934,-0.4423839802592294,-4423.839802592294,0.0,1148.3052457145532,71,19.35101940540648,False,A2C
2025-01-27,1059054.8174451536,0.053604832056025044,536.0483205602504,0.0,1148.3052457145532,71,14.915291065981416,False,A2C
2025-01-28,1062810.8143869727,0.37559969418190886,3755.9969418190885,0.0,1148.3052457145532,71,163.37033931269616,False,A2C
2025-01-29,1062764.813861743,-0.004600052522961051,-46.0005252296105,0.0,1148.7236249213042,74,46.20305850953256,False,A2C
2025-01-30,1074449.525997283,1.1684712135539856,11684.712135539856,0.0,1149.1248459545905,76,15.803611081570512,False,A2C
2025-01-31,1065538.4226491782,-0.891110334810475,-8911.103348104749,0.0,1149.1248459545905,76,287.0495163888387,False,A2C
2025-02-03,1069334.8841530173,0.37964615038391203,3796.4615038391203,0.0,1149.1248459545905,76,37.95671274995363,False,A2C
2025-02-04,1052501.6068602928,-1.6833277292724467,-16833.277292724466,0.0,1149.1248459545905,76,29.454603678434204,False,A2C
2025-02-05,1065842.636134712,1.3341029274419183,13341.029274419183,0.0,1149.1248459545905,76,97.91294144847195,False,A2C
2025-02-06,1066725.2479204065,0.08826117856944912,882.6117856944912,0.0,1149.1248459545905,76,57.91840385373545,False,A2C
2025-02-07,1061697.4078525596,-0.5027840067846934,-5027.840067846933,0.0,1160.0909977999913,79,97.65768728172624,False,A2C
2025-02-10,1063786.963257498,0.20895554049385248,2089.5554049385246,0.0,1171.0741920431751,81,22.855325201550695,False,A2C
2025-02-11,1063480.009387756,-0.030695386974210852,-306.9538697421085,0.0,1177.2033061355119,83,49.80950445673643,False,A2C
2025-02-12,1061840.7042801406,-0.16393051076154225,-1639.3051076154225,0.0,1180.8557537857553,85,58.67932391596635,False,A2C
2025-02-13,1069320.5369801922,0.7479832700051601,7479.8327000516,0.0,1191.9671204095198,88,28.10416004213912,False,A2C
2025-02-14,1061956.9505447184,-0.7363586435473757,-7363.586435473757,0.0,1203.2093653323614,90,14.044260305226144,False,A2C
2025-02-18,1068815.2515987107,0.685830105399224,6858.301053992239,0.0,1214.3940743878686,92,42.28752425022268,False,A2C
2025-02-19,1074940.9237341608,0.6125672135450179,6125.672135450179,0.0,1225.6710053813683,94,42.77756053119909,False,A2C
2025-02-20,1061370.7306633457,-1.3570193070815177,-13570.193070815178,0.0,1236.8426552760739,96,34.18380657556831,False,A2C
2025-02-21,1053924.0084617636,-0.7446722201582044,-7446.722201582044,0.0,1237.0885373123283,98,73.2876375254699,False,A2C
2025-02-24,1058972.987736362,0.5048979274598416,5048.979274598416,0.0,1237.0885373123283,98,49.17340323316469,False,A2C
2025-02-25,1065453.8301928772,0.648084245651518,6480.84245651518,0.0,1237.0885373123283,98,39.12293914895625,False,A2C
2025-02-26,1058389.7936753954,-0.7064036517481785,-7064.036517481785,0.0,1245.9253727193475,101,42.540791916024034,False,A2C
2025-02-27,1057902.6141217127,-0.048717955368268305,-487.17955368268304,0.0,1254.719503301222,103,27.959254899587833,False,A2C
2025-02-28,1078919.8836582745,2.10172695365618,21017.2695365618,0.0,1258.9839909121065,106,29.848066253347305,False,A2C
2025-03-03,1069349.4254922913,-0.9570458165983204,-9570.458165983204,0.0,1260.7002853604145,110,22.583678445950454,False,A2C
2025-03-04,1050220.1766683867,-1.9129248823904665,-19129.248823904665,0.0,1262.4123684487265,112,26.70918337614048,False,A2C
2025-03-05,1059898.2562350677,0.9678079566681059,9678.079566681059,0.0,1262.4123684487265,112,66.78100814244291,False,A2C
2025-03-06,1042861.6563852273,-1.7036599849840395,-17036.599849840393,0.0,1262.4123684487265,112,21.849175159460252,False,A2C
2025-03-07,1042604.5708085187,-0.02570855767086614,-257.0855767086614,0.0,1262.4123684487265,112,45.79080580179416,False,A2C
2025-03-10,1024583.4288358019,-1.8021141972716783,-18021.14197271678,0.0,1262.4123684487265,112,62.779344788903416,False,A2C
2025-03-11,1014670.6694554305,-0.9912759380371426,-9912.759380371426,0.0,1262.4123684487265,112,51.403045791399,False,A2C
2025-03-12,1009711.2909758014,-0.4959378479629057,-4959.3784796290565,0.0,1265.0938572014088,114,73.05911205905467,False,A2C
2025-03-13,1008339.6323971786,-0.13716585786228536,-1371.6585786228536,0.0,1265.0938572014088,114,31.13584142530631,False,A2C
2025-03-14,1022171.527719374,1.3831895322195489,13831.895322195489,0.0,1265.0938572014088,114,37.151664350918125,False,A2C
2025-03-17,1033905.3864211679,1.1733858701793827,11733.858701793826,0.0,1265.0938572014088,114,14.177209414365194,False,A2C
2025-03-18,1024314.1255642006,-0.9591260856967303,-9591.260856967303,0.0,1265.0938572014088,114,18.09471290180769,False,A2C
2025-03-19,1030629.000711951,0.6314875147750485,6314.875147750485,0.0,1265.0938572014088,114,22.045779006105015,False,A2C
2025-03-20,1031165.6735842853,0.05366728723342531,536.672872334253,0.0,1265.0938572014088,114,32.01225638806212,False,A2C
2025-03-21,1024237.8482005359,-0.6927825383749442,-6927.825383749441,0.0,1265.0938572014088,114,18.332979671477005,False,A2C
2025-03-24,1036572.2724657331,1.2334424265197246,12334.424265197245,0.0,1265.0938572014088,114,25.842454800047857,False,A2C
2025-03-25,1021998.5642351249,-1.457370823060826,-14573.70823060826,0.0,1265.0938572014088,114,21.56752096415205,False,A2C
2025-03-26,1019212.662912012,-0.2785901323112892,-2785.901323112892,0.0,1265.0938572014088,114,29.39476542398248,False,A2C
2025-03-27,1017877.8436880135,-0.13348192239984638,-1334.8192239984637,0.0,1265.0938572014088,114,21.189230655685087,False,A2C
2025-03-28,1010698.5839808017,-0.717925970721175,-7179.25970721175,0.0,1265.0938572014088,114,19.890250132253367,False,A2C
2025-03-31,1023591.382586702,1.2892798605900258,12892.798605900256,0.0,1273.0172251620284,116,19.058061814326965,False,A2C
2025-04-01,1019135.9461504422,-0.445543643625977,-4455.43643625977,0.0,1281.1164886835463,118,18.437205180641385,False,A2C
2025-04-02,1022538.9979775541,0.34030518271118637,3403.0518271118635,0.0,1281.1164886835463,118,110.78300283840824,False,A2C
2025-04-03,995458.6176038195,-2.708038037373463,-27080.38037373463,0.0,1281.1164886835463,118,16.802725403879275,False,A2C
2025-04-04,930652.3703912359,-6.480624721258355,-64806.24721258355,0.0,1283.8565092585532,120,219.6824126105259,False,A2C
2025-04-07,924402.9492632947,-0.6249421127941227,-6249.421127941227,0.0,1290.0168997040546,122,223.6417130279808,False,A2C
2025-04-09,980697.8209869673,6.911065319185378,69110.65319185378,0.0,117.57597974683699,10,46.719993752271584,False,A2C
2025-04-10,955673.3350403141,-2.502448594665318,-25024.48594665318,0.0,202.50078249832737,18,175.20379847235785,False,A2C
2025-04-11,972753.00624235,1.7079671202035855,17079.671202035854,0.0,283.71859009296935,25,85.56752411541706,False,A2C
2025-04-14,983803.1302735172,1.1050124031167246,11050.124031167245,0.0,369.9698821132727,33,37.30242955994339,False,A2C
2025-04-15,981649.0588428847,-0.21540714306324954,-2154.0714306324953,0.0,452.7653989195094,40,26.743878664827236,False,A2C
2025-04-16,958431.2681856218,-2.32177906572629,-23217.7906572629,0.0,463.81291523463074,45,11.12604238691521,False,A2C
2025-04-17,970395.9562562263,1.1964688070604461,11964.688070604461,0.0,471.04914570640483,47,32.23275745067088,False,A2C
2025-04-21,952108.7759437903,-1.8287180312435958,-18287.180312435958,0.0,472.4045527434252,49,227.80560901991967,False,A2C
2025-04-22,976598.6746188411,2.448989867505082,24489.89867505082,0.0,473.8088834817396,51,30.80081877684135,False,A2C
2025-04-23,980591.9980007887,0.39933233819475866,3993.3233819475863,0.0,476.320615400722,53,26.687698617951007,False,A2C
2025-04-24,988115.60427319,0.7523606272401289,7523.606272401288,0.0,478.83526102709067,55,21.231780347181193,False,A2C
2025-04-25,999872.9439748753,1.175733970168524,11757.33970168524,0.0,481.37320980037384,57,68.93075197581545,False,A2C
2025-04-28,1000725.7012976122,0.08527573227368994,852.7573227368994,0.0,482.9608642858052,59,21.44435669023043,False,A2C
2025-04-29,1008164.8595026485,0.7439158205036307,7439.158205036307,0.0,485.4823948678752,61,7.236268412131884,False,A2C
2025-04-30,1010784.1627698925,0.2619303267244017,2619.3032672440168,0.0,486.97538803692066,63,50.79923480752196,False,A2C
2025-05-01,1010427.1373180026,-0.03570254518898437,-357.0254518898437,0.0,488.4871912110007,65,21.230018117873925,False,A2C
2025-05-02,1024809.2983588834,1.4382161040880719,14382.161040880717,0.0,490.00148173377266,68,74.06803243244819,False,A2C
2025-05-05,1020270.9816531059,-0.45383167057774265,-4538.316705777426,0.0,491.55887914703067,72,37.08696079100086,False,A2C
2025-05-06,1008623.8517699173,-1.1647129883188638,-11647.129883188638,0.0,493.1228628140368,75,22.38146326168112,False,A2C
2025-05-07,1015551.2590492357,0.6927407279318432,6927.407279318431,0.0,496.1637692180054,77,24.639032571949336,False,A2C
2025-05-08,1015479.7949705138,-0.007146407872193959,-71.46407872193959,0.0,499.2133150749264,79,92.22659141204062,False,A2C
2025-05-09,1008975.2910751007,-0.6504503895413131,-6504.5038954131305,0.0,500.73623770888537,82,16.45682172978958,False,A2C
2025-05-12,1038781.811982272,2.9806520907171303,29806.520907171303,0.0,502.2481545341083,85,10.917541380772349,False,A2C
2025-05-13,1037145.7288366221,-0.1636083145649871,-1636.0831456498709,0.0,504.42213172170113,88,71.18653942423254,False,A2C
2025-05-14,1038138.6879252385,0.09929590886164225,992.9590886164224,0.0,506.5746387737025,91,101.37999272958383,False,A2C
2025-05-15,1051605.8405440392,1.346715261880064,13467.15261880064,0.0,508.7460264232688,94,20.77466357849083,False,A2C
2025-05-16,1061641.2109685866,1.0035370424547465,10035.370424547464,0.0,510.90770783289423,97,79.95966516388066,False,A2C
2025-05-19,1065160.1086472992,0.3518897678712616,3518.8976787126157,0.0,513.1116634892048,100,17.074736630695554,False,A2C
2025-05-20,1063997.6245237323,-0.11624841235668865,-1162.4841235668864,0.0,515.3137155888829,104,19.006037878773437,False,A2C
2025-05-21,1049733.7570179102,-1.4263867505822099,-14263.867505822098,0.0,517.5092052822572,107,7.543087697759034,False,A2C
2025-05-22,1053587.922324583,0.38541653066726866,3854.1653066726863,0.0,519.6740041124164,111,17.76749413987093,False,A2C
2025-05-23,1051432.2943122694,-0.21556280123135077,-2155.6280123135075,0.0,521.8283643280976,115,7.7732842290329724,False,A2C
2025-05-27,1070089.4262817255,1.8657131969456096,18657.131969456095,0.0,523.9915617924074,118,13.361508772353083,False,A2C
2025-05-28,1061302.5380159423,-0.87868882657832,-8786.8882657832,0.0,526.1819849594369,122,15.382671619212465,False,A2C
2025-05-29,1068294.0533086276,0.6991515292685246,6991.515292685246,0.0,528.3640581726005,125,6.839183142749408,False,A2C
2025-05-30,1067671.6561628683,-0.062239714575931436,-622.3971457593143,0.0,530.5432006810984,128,16.251447751967113,False,A2C
2025-06-02,1068411.1932416763,0.07395370788080619,739.5370788080618,0.0,532.7581798406964,131,7.44821240140948,False,A2C
2025-06-03,1075932.2512573507,0.7521058015674353,7521.058015674353,0.0,534.9958382442542,134,13.30505791963878,False,A2C
2025-06-04,1073955.9430201622,-0.19763082371884957,-1976.3082371884957,0.0,537.2386629097965,137,8.987395845046077,False,A2C
2025-06-05,1066000.2587643429,-0.7955684255819302,-7955.684255819301,0.0,539.4683641099181,141,12.00039722183814,False,A2C
2025-06-06,1075770.9627565132,0.9770703992170282,9770.703992170282,0.0,541.6671474936844,144,17.0586609652253,False,A2C
2025-06-09,1072023.985033164,-0.37469777233491186,-3746.9777233491186,0.0,543.1476610464352,146,17.88716981134734,False,A2C
2025-06-10,1076918.5290789898,0.48945440458257217,4894.544045825722,0.0,544.5296370706795,148,20.763928811023987,False,A2C
2025-06-11,1072357.4534201077,-0.4561075658882037,-4561.075658882037,0.0,545.2404564145995,152,27.39261962127834,False,A2C
2025-06-12,1081896.5040201012,0.9539050599993439,9539.05059999344,0.0,545.9420032008267,154,30.456071437006933,False,A2C
2025-06-13,1067646.833875231,-1.424967014487018,-14249.670144870179,0.0,545.9420032008267,154,25.00573235315646,False,A2C
2025-06-16,1077387.818685632,0.9740984810400988,9740.984810400987,0.0,546.2267399066485,156,48.25381145855333,False,A2C
2025-06-17,1065382.6047841262,-1.2005213901505807,-12005.213901505806,0.0,547.1233863676664,159,14.326070268803036,False,A2C
2025-06-18,1072239.3571072074,0.6856752323081251,6856.75232308125,0.0,548.0821068889177,161,18.72959517497475,False,A2C
2025-06-20,1073309.8385401024,0.10704814328949433,1070.4814328949433,0.0,549.7558629167963,163,48.43175192448019,False,A2C
2025-06-23,1085263.0605043732,1.1953221964270808,11953.221964270808,0.0,551.2726591137348,165,13.792782069399507,False,A2C
2025-06-24,1093647.2092853172,0.838414878094406,8384.148780944059,0.0,553.8109812370502,167,55.873960985019174,False,A2C
2025-06-25,1096248.7109582098,0.2601501672892599,2601.501672892599,0.0,558.1047564302163,169,24.548920156132027,False,A2C
2025-06-26,1100818.716791104,0.457000583289424,4570.00583289424,0.0,562.3598160577027,171,18.71385514637764,False,A2C
2025-06-27,1113134.4273403762,1.2315710549272132,12315.710549272131,0.0,566.573938440271,174,15.55229986800074,False,A2C
2025-06-30,1119807.1991386958,0.6672771798319649,6672.771798319649,0.0,568.0335377692447,176,86.30811339256124,False,A2C
2025-07-01,1122123.9084070227,0.2316709268326871,2316.709268326871,0.0,569.4881337256662,178,23.22712852072159,False,A2C
2025-07-02,1125318.5100050913,0.3194601598068606,3194.6015980686057,0.0,570.9914244400711,180,32.91043675496893,False,A2C
2025-07-03,1132100.371664725,0.6781861659633694,6781.861659633694,0.0,573.1843234459516,182,32.474066765842046,False,A2C
2025-07-07,1124851.65808995,-0.724871357477503,-7248.713574775029,0.0,575.394071737053,184,13.518791145274276,False,A2C
2025-07-08,1116211.60900782,-0.8640049082129961,-8640.04908212996,0.0,577.6252802442218,186,9.572136225666997,False,A2C
2025-07-09,1123770.4411039767,0.7558832096156665,7558.832096156664,0.0,579.0965011835103,188,36.84980641082131,False,A2C
2025-07-11,1123566.5059732718,-0.5832924720241921,-5832.924720241921,0.0,227.11422844285815,13,25.062469778417537,False,A2C
2025-07-14,1121863.9190491722,-0.17025869240995964,-1702.5869240995962,0.0,455.93941199509146,25,15.546804192612871,False,A2C
2025-07-15,1119420.2962376594,-0.2443622811512789,-2443.6228115127888,0.0,607.9687528058662,34,20.993456832157403,False,A2C
2025-07-16,1125017.721757714,0.5597425520054531,5597.42552005453,0.0,679.2198419525982,40,22.501610733605258,False,A2C
2025-07-17,1130252.842210147,0.5235120452433126,5235.120452433126,0.0,750.9170757340593,46,63.63180577639162,False,A2C
2025-07-18,1125343.7855019844,-0.49090567081626507,-4909.0567081626505,0.0,828.6226793532389,52,31.695929157389056,False,A2C
2025-07-21,1125407.761900962,0.006397639897768386,63.97639897768386,0.0,863.7165544876729,57,29.601552356981628,False,A2C
2025-07-22,1130319.1716999258,0.4911409798963694,4911.409798963694,0.0,896.3634947109666,62,27.53478088843128,False,A2C
2025-07-23,1138986.707641425,0.8667535941499286,8667.535941499285,0.0,930.9657831449337,67,25.500243020018136,False,A2C
2025-07-24,1136191.146622335,-0.27955610190900043,-2795.5610190900043,0.0,966.5008440087635,71,16.183173765294423,False,A2C
2025-07-25,1140271.6170933775,0.40804704710424416,4080.4704710424417,0.0,991.1022245162404,77,79.33616370653021,False,A2C
2025-07-28,1140559.8363514175,0.02882192580399569,288.2192580399569,0.0,1015.7092076752785,81,9.414305077454069,False,A2C
2025-07-29,1136670.402076957,-0.3889434274460422,-3889.434274460422,0.0,1043.7965957582467,85,22.40553650931446,False,A2C
2025-07-30,1124538.6251580652,-1.213177691889182,-12131.77691889182,0.0,1071.6644102865366,89,32.39546426754695,False,A2C
2025-07-31,1115686.1628456346,-0.8852462312430609,-8852.462312430609,0.0,1097.6303485974904,93,23.936344955088156,False,A2C
2025-08-01,1106277.0121234327,-0.9409150722201914,-9409.150722201914,0.0,1123.3015408963722,97,51.08476570468615,False,A2C
2025-08-04,1116812.034367147,1.0535022243714194,10535.022243714193,0.0,1144.1215866982634,101,73.55574951200633,False,A2C
2025-08-05,1117255.7161321677,0.044368176502082496,443.6817650208249,0.0,1167.3024647242273,105,23.706208257896627,False,A2C
2025-08-06,1132369.2226276766,1.5113506495508833,15113.506495508833,0.0,1175.228376970698,108,30.930315689888825,False,A2C
2025-08-07,1132975.939993823,0.06067173661463894,606.7173661463894,0.0,1180.1749815354153,110,79.5283778699318,False,A2C
2025-08-08,1135814.691970498,0.2838751976675121,2838.751976675121,0.0,1187.6669430603972,112,44.92402528351943,False,A2C
2025-08-11,1136260.502549492,0.04458105789939873,445.8105789939873,0.0,1187.6669430603972,112,33.16293631432844,False,A2C
2025-08-12,1139099.305936684,0.2838803387191845,2838.8033871918446,0.0,1187.6669430603972,112,21.866011301947083,False,A2C
2025-08-13,1141050.337411814,0.1951031475130003,1951.031475130003,0.0,1187.6669430603972,112,24.387393308184404,False,A2C
2025-08-14,1137837.24829409,-0.3213089117723983,-3213.089117723983,0.0,1187.6669430603972,112,40.74157702455513,False,A2C
2025-08-15,1137627.983359044,-0.020926493504596876,-209.26493504596874,0.0,1187.6669430603972,112,26.097109400809845,False,A2C
2025-08-18,1141540.836887996,0.39128535289519933,3912.853528951993,0.0,1187.6669430603972,112,73.79918901664226,False,A2C
2025-08-19,1148374.4524095692,0.6833615521573229,6833.615521573228,0.0,1187.6669430603972,112,16.845619968210116,False,A2C
2025-08-20,1152642.464037374,0.4268011627804721,4268.011627804721,0.0,1187.6669430603972,112,22.083689004020588,False,A2C
2025-08-21,1139106.8291597883,-1.3535634877585574,-13535.634877585573,0.0,1187.6669430603972,112,15.32849008543032,False,A2C
2025-08-22,1146289.5393201504,0.7182710160362069,7182.710160362069,0.0,1187.6669430603972,112,20.692220948322937,False,A2C
2025-08-25,1132719.7228472584,-1.3569816472891951,-13569.816472891951,0.0,1187.6669430603972,112,25.76324870681077,False,A2C
2025-08-26,1133915.562870835,0.11958400235765149,1195.8400235765148,0.0,1187.6669430603972,112,10.4738775664426,False,A2C
2025-08-27,1135167.0962933246,0.12515334224896507,1251.5334224896505,0.0,1187.6669430603972,112,12.739205414516498,False,A2C
2025-08-28,1133728.4488715737,-0.14386474217509385,-1438.6474217509383,0.0,1187.6669430603972,112,9.801853179307631,False,A2C
2025-08-29,1137379.142421102,0.3650693549528253,3650.693549528253,0.0,1187.6669430603972,112,9.66448117260559,False,A2C
2025-09-02,1140582.535025719,0.3203392604617169,3203.3926046171687,0.0,1187.6669430603972,112,22.307195497575822,False,A2C
2025-09-03,1142175.5251777451,0.15929901520260611,1592.990152026061,0.0,1187.6669430603972,112,22.712867414732248,False,A2C
2025-09-04,1155497.4730895713,1.3321947911826195,13321.947911826195,0.0,1187.6669430603972,112,33.48705441104379,False,A2C
2025-09-05,1152067.4083326468,-0.34300647569245196,-3430.0647569245193,0.0,1187.6669430603972,112,42.27843172335899,False,A2C
2025-09-08,1156802.154672917,0.47347463402701545,4734.746340270154,0.0,1187.6669430603972,112,39.09155517627307,False,A2C
2025-09-09,1160790.6943552035,0.3988539682286559,3988.5396822865587,0.0,1187.6669430603972,112,18.66162299305683,False,A2C
2025-09-10,1148457.3142915906,-1.2333380063612946,-12333.380063612945,0.0,1187.6669430603972,112,51.272094005759726,False,A2C
2025-09-11,1165659.066586846,1.7201752295255428,17201.752295255428,0.0,1187.6669430603972,112,34.99044633393928,False,A2C
2025-09-12,1160183.3864471265,-0.5475680139719509,-5475.680139719509,0.0,1187.6669430603972,112,26.07432985933993,False,A2C
2025-09-15,1159080.9489354098,-0.11024375117167365,-1102.4375117167365,0.0,1187.6669430603972,112,25.281906004627487,False,A2C
2025-09-16,1160171.4173993696,0.1090468463959871,1090.4684639598709,0.0,1187.6669430603972,112,7.277344593031685,False,A2C
2025-09-17,1166202.3215632555,0.6030904163885862,6030.904163885862,0.0,1187.6669430603972,112,14.51217559610716,False,A2C
2025-09-18,1161345.6241494978,-0.4856697413757676,-4856.697413757676,0.0,1187.6669430603972,112,31.50604357170962,False,A2C
2025-09-19,1159546.6109717863,-0.17990131777115168,-1799.0131777115166,0.0,1187.6669430603972,112,35.90945710979476,False,A2C
2025-09-22,1152175.8367349133,-0.7370774236873026,-7370.774236873025,0.0,1187.6669430603972,112,30.99245876863585,False,A2C
2025-09-23,1149154.2524649613,-0.3021584269952029,-3021.584269952029,0.0,1187.6669430603972,112,43.096864953033275,False,A2C
2025-09-24,1146298.0061875624,-0.28562462773988956,-2856.2462773988955,0.0,1187.6669430603972,112,19.094251883689395,False,A2C
2025-09-25,1144928.9547223048,-0.13690514652575367,-1369.0514652575366,0.0,1187.6669430603972,112,14.438803042655795,False,A2C
2025-09-26,1150699.7328560655,0.5770778133760672,5770.778133760672,0.0,1187.6669430603972,112,33.22077115788441,False,A2C
2025-09-29,1152920.6192960602,0.22208864399946762,2220.886439994676,0.0,1187.6669430603972,112,14.879932102350011,False,A2C
2025-09-30,1166385.1435816283,1.3464524285568158,13464.524285568157,0.0,1187.6669430603972,112,23.753039793313494,False,A2C
2025-10-01,1177895.8478870597,1.151070430543134,11510.70430543134,0.0,1187.6669430603972,112,52.106944227950294,False,A2C
2025-10-02,1175690.6348799514,-0.22052130071083084,-2205.2130071083084,0.0,1187.6669430603972,112,76.09025960385428,False,A2C
2025-10-03,1177770.1232705559,0.20794883906044997,2079.4883906044997,0.0,1187.6669430603972,112,20.682049420122244,False,A2C
2025-10-06,1175497.3233815506,-0.2272799889005255,-2272.799889005255,0.0,1187.6669430603972,112,12.494076947843508,False,A2C
2025-10-07,1178503.7243997848,0.30064010182342027,3006.4010182342026,0.0,1187.6669430603972,112,40.65438134144287,False,A2C
2025-10-09,1168350.8514064813,-0.37853178628503814,-3785.317862850381,0.0,94.40811797040634,7,29.27899497494711,False,A2C
2025-10-10,1149858.6055004285,-1.849224590605288,-18492.245906052878,0.0,183.7061068556686,14,36.8115464544952,False,A2C
2025-10-13,1150796.0729546037,0.0937467454175232,937.467454175232,0.0,242.86963968861113,19,27.00985484826291,False,A2C
2025-10-14,1165552.826435489,1.4756753480885412,14756.75348088541,0.0,278.6459538968043,23,19.140923127591485,False,A2C
2025-10-15,1168868.1122005626,0.3315285765073495,3315.285765073495,0.0,328.20644658898397,27,102.57421373969828,False,A2C
2025-10-16,1158448.7876732068,-1.0419324527355842,-10419.324527355842,0.0,377.0918850060883,30,34.34144156472899,False,A2C
2025-10-17,1168936.564345223,1.0487776672016131,10487.77667201613,0.0,402.7701859790341,32,50.31682383478792,False,A2C
2025-10-20,1177802.2810276994,0.8865716682476458,8865.716682476457,0.0,428.67013733214344,34,101.6441975079354,False,A2C
2025-10-21,1179708.296082342,0.19060150546426885,1906.0150546426885,0.0,437.65327046210314,36,17.975170643914364,False,A2C
2025-10-22,1181863.1515641247,0.21548554817826954,2154.8554817826953,0.0,437.65327046210314,36,108.91458234966464,False,A2C
2025-10-23,1179686.236743141,-0.21769148209837733,-2176.914820983773,0.0,437.65327046210314,36,25.49655290711835,False,A2C
2025-10-24,1190468.8353164336,1.0782598573292606,10782.598573292606,0.0,437.65327046210314,36,67.84864555065393,False,A2C
2025-10-27,1191193.0206601238,0.07241853436902165,724.1853436902165,0.0,437.65327046210314,36,63.949834921582344,False,A2C
2025-10-28,1187672.6032963046,-0.35204173638192005,-3520.4173638192,0.0,437.65327046210314,36,15.25388077334,False,A2C
2025-10-29,1171919.6349585429,-1.5752968337761704,-15752.968337761702,0.0,437.65327046210314,36,54.719885823282425,False,A2C
2025-10-30,1162944.5954069681,-0.8975039551574737,-8975.039551574737,0.0,437.65327046210314,36,156.94677925281582,False,A2C
2025-10-31,1162520.0374989943,-0.04245579079738818,-424.5579079738818,0.0,437.65327046210314,36,63.54381341801227,False,A2C
2025-11-03,1150108.7564608508,-1.241128103814344,-12411.28103814344,0.0,437.65327046210314,36,106.59611886437784,False,A2C
2025-11-04,1149374.0683393357,-0.07346881215150934,-734.6881215150934,0.0,437.65327046210314,36,36.36640141626896,False,A2C
2025-11-05,1145685.2290224656,-0.3688839316870086,-3688.839316870086,0.0,437.65327046210314,36,50.52182737464038,False,A2C
2025-11-06,1144487.7784943585,-0.1197450528107118,-1197.4505281071179,0.0,437.65327046210314,36,68.94502221104551,False,A2C
2025-11-07,1149186.3998705423,0.4698621376183815,4698.621376183815,0.0,437.65327046210314,36,30.211083026450883,False,A2C
2025-11-10,1149700.6704635054,0.051427059296309016,514.2705929630902,0.0,437.65327046210314,36,18.53528168642901,False,A2C
2025-11-11,1171631.8925591097,2.193122209560429,21931.222095604287,0.0,437.65327046210314,36,14.052773808867103,False,A2C
2025-11-12,1177663.5692105037,0.6031676651393995,6031.676651393995,0.0,437.65327046210314,36,27.485343998267076,False,A2C
2025-11-13,1167729.7379758628,-0.9933831234640907,-9933.831234640907,0.0,437.65327046210314,36,39.69392303076164,False,A2C
2025-11-14,1160896.480648014,-0.6833257327848813,-6833.257327848813,0.0,437.65327046210314,36,109.99499726265934,False,A2C
2025-11-17,1154376.2045730457,-0.6520276074968279,-6520.276074968278,0.0,437.65327046210314,36,19.057761061051032,False,A2C
2025-11-18,1147458.853309975,-0.6917351263070712,-6917.351263070712,0.0,437.65327046210314,36,25.163000544522717,False,A2C
2025-11-19,1138918.667789519,-0.854018552045594,-8540.18552045594,0.0,437.65327046210314,36,81.62744678487198,False,A2C
2025-11-20,1158646.68877671,1.9728020987191006,19728.020987191005,0.0,437.65327046210314,36,30.44066059133724,False,A2C
2025-11-21,1171102.1068558507,1.2455418079140597,12455.418079140596,0.0,437.65327046210314,36,65.57911578642762,False,A2C
2025-11-24,1170730.1970160403,-0.037190983981033786,-371.9098398103378,0.0,437.65327046210314,36,30.417985652667355,False,A2C
2025-11-25,1198275.468890632,2.754527187459171,27545.27187459171,0.0,437.65327046210314,36,51.040359093884085,False,A2C
2025-11-26,1204207.9708771347,0.593250198650267,5932.501986502669,0.0,437.65327046210314,36,34.658799434929946,False,A2C
2025-11-28,1212498.5202179498,0.8290549340815051,8290.54934081505,0.0,437.65327046210314,36,16.6439540998065,False,A2C
2025-12-01,1202648.7583998628,-0.9849761818086962,-9849.761818086961,0.0,437.65327046210314,36,12.726336639221856,False,A2C
2025-12-02,1201011.4455684442,-0.1637312831418589,-1637.3128314185888,0.0,437.65327046210314,36,28.854597107532317,False,A2C
2025-12-03,1217097.938622881,1.6086493054436752,16086.49305443675,0.0,437.65327046210314,36,54.445938847232405,False,A2C
2025-12-04,1211043.8165524951,-0.6054122070385842,-6054.122070385842,0.0,437.65327046210314,36,39.27629495857744,False,A2C
2025-12-05,1205968.6475754986,-0.507516897699656,-5075.16897699656,0.0,437.65327046210314,36,30.799934391888595,False,A2C
2025-12-08,1189638.6046403516,-1.6330042935146951,-16330.04293514695,0.0,437.65327046210314,36,40.3331133573004,False,A2C
2025-12-09,1192520.7890882385,0.2882184447886888,2882.184447886888,0.0,437.65327046210314,36,46.338631961806925,False,A2C
2025-12-10,1191591.1383678177,-0.09296507204207592,-929.6507204207592,0.0,437.65327046210314,36,93.58226149236071,False,A2C
2025-12-11,1208843.7737262934,1.7252635358475614,17252.635358475614,0.0,437.65327046210314,36,49.53589152611215,False,A2C
2025-12-12,1219524.6849613078,1.0680911235014443,10680.911235014442,0.0,437.65327046210314,36,66.71637501990885,False,A2C
2025-12-15,1222664.3562840181,0.3139671322710347,3139.6713227103464,0.0,437.65327046210314,36,26.047317218052797,False,A2C
2025-12-16,1208994.037893156,-1.3670318390862086,-13670.318390862085,0.0,437.65327046210314,36,26.13123821760052,False,A2C
2025-12-17,1213601.9091976667,0.46078713045106273,4607.871304510627,0.0,437.65327046210314,36,21.17883681675798,False,A2C
2025-12-18,1210735.8316770194,-0.28660775206473194,-2866.077520647319,0.0,437.65327046210314,36,28.98846367474967,False,A2C
2025-12-19,1209149.2010373098,-0.15866306397095323,-1586.6306397095323,0.0,437.65327046210314,36,17.960046997237747,False,A2C
2025-12-22,1208776.1600344866,-0.03730410028232727,-373.0410028232727,0.0,437.65327046210314,36,50.383344306889065,False,A2C
2025-12-23,1206827.5780617525,-0.19485819727340714,-1948.5819727340713,0.0,437.65327046210314,36,27.50726766298306,False,A2C
2025-12-24,1215980.8193546396,0.9153241292887135,9153.241292887134,0.0,437.65327046210314,36,9.989967210226954,False,A2C
2025-12-26,1219923.9549536326,0.3943135598992929,3943.135598992929,0.0,437.65327046210314,36,7.435941228614147,False,A2C
2025-12-29,1220005.4947353904,0.008153978175786324,81.53978175786324,0.0,437.65327046210314,36,7.095392843723077,False,A2C
2025-12-30,1216917.5983777223,-0.30878963576680984,-3087.8963576680985,0.0,437.65327046210314,36,7.450297478738111,False,A2C
2025-12-31,1208253.3180704303,-0.8664280307292007,-8664.280307292007,0.0,437.65327046210314,36,4.286974644303776,False,A2C
2026-01-02,1211119.4842975878,0.28661662271574606,2866.1662271574605,0.0,437.65327046210314,36,9.44232652619707,False,A2C
2026-01-05,1217798.1371595564,0.6678652861968615,6678.652861968614,0.0,437.65327046210314,36,62.06075584889606,False,A2C
2026-01-06,1234583.6670714116,1.6785529911855237,16785.529911855236,0.0,437.65327046210314,36,57.89576581644821,False,A2C
2026-01-07,1221180.5572377602,-1.3403109833651456,-13403.109833651455,0.0,437.65327046210314,36,37.98529923463193,False,A2C
2026-01-09,1240398.6187091023,0.27566813145251945,2756.6813145251945,0.0,179.73673805975395,9,53.73970690679282,False,A2C
2026-01-12,1249773.863826929,0.937524511782662,9375.24511782662,0.0,286.45712649762976,15,40.45051457274912,False,A2C
2026-01-13,1243064.171173028,-0.6709692653900944,-6709.692653900944,0.0,360.57469266825876,21,60.10514349560986,False,A2C
2026-01-14,1252505.9585330326,0.9441787360004615,9441.787360004615,0.0,432.4159875255024,26,93.939073055734,False,A2C
2026-01-15,1242593.3460601938,-0.9912612472838722,-9912.612472838722,0.0,511.2785007105291,31,20.90743741305318,False,A2C
2026-01-16,1242453.9509183413,-0.013939514185255394,-139.39514185255393,0.0,578.4381962665932,35,44.69832734519,False,A2C
2026-01-20,1231439.1008129565,-1.101485010538483,-11014.85010538483,0.0,643.5144596597916,42,38.16213395715244,False,A2C
2026-01-21,1241394.557343633,0.9955456530676456,9955.456530676456,0.0,711.8322982227756,47,71.24106135402418,False,A2C
2026-01-22,1232512.9570008367,-0.8881600342796184,-8881.600342796184,0.0,764.4548015082028,51,34.28003031334408,False,A2C
2026-01-23,1230061.4912723857,-0.24514657284510324,-2451.465728451032,0.0,793.9773480534544,54,37.821290508506706,False,A2C
2026-01-26,1230730.4095443792,0.06689182719935198,668.9182719935197,0.0,823.7531325716706,57,33.55587768321075,False,A2C
2026-01-27,1227593.7892321364,-0.3136620312242769,-3136.6203122427687,0.0,853.3980390567871,60,24.40733112408433,False,A2C
2026-01-28,1223683.764462826,-0.3910024769310374,-3910.024769310374,0.0,882.814889906133,63,73.27424714548738,False,A2C
2026-01-29,1242767.304303348,1.908353984052199,19083.53984052199,0.0,912.0334344231394,66,23.952750785735734,False,A2C
2026-01-30,1248085.3191967856,0.5318014893437503,5318.014893437502,0.0,941.7596438826253,69,145.39293439634696,False,A2C
2026-02-02,1290370.041803581,4.2284722606795375,42284.722606795374,0.0,945.9765819769789,71,166.19500889721786,False,A2C
2026-02-03,1296767.7495242632,0.6397707720682259,6397.707720682259,0.0,945.9765819769789,71,101.05481219939637,False,A2C
2026-02-04,1300319.9638799564,0.3552214355693199,3552.2143556931987,0.0,945.9765819769789,71,77.94600408255108,False,A2C
2026-02-05,1296620.0372009831,-0.36999266789732504,-3699.92667897325,0.0,945.9765819769789,71,100.99049507131198,False,A2C
2026-02-06,1324480.1863120731,2.7860149111089996,27860.149111089995,0.0,945.9765819769789,71,46.467565542469714,False,A2C
2026-02-09,1298383.9357734777,-2.6096250538595487,-26096.250538595486,0.0,945.9765819769789,71,98.93058258883904,False,A2C
2026-02-10,1286202.001771399,-1.2181934002078605,-12181.934002078604,0.0,945.9765819769789,71,40.14149515381968,False,A2C
2026-02-11,1289066.3884771662,0.2864386705767131,2864.3867057671305,0.0,945.9765819769789,71,39.49753583837209,False,A2C
2026-02-12,1297792.7309376008,0.8726342460434652,8726.342460434651,0.0,945.9765819769789,71,70.65687086353631,False,A2C
2026-02-13,1301069.262118776,0.3276531181175262,3276.5311811752617,0.0,945.9765819769789,71,175.32276431947506,False,A2C
2026-02-17,1280292.2183335943,-2.077704378518183,-20777.043785181828,0.0,945.9765819769789,71,48.7588569915936,False,A2C
2026-02-18,1273768.9312666098,-0.6523287066984457,-6523.287066984456,0.0,945.9765819769789,71,53.728194943374454,False,A2C
2026-02-19,1263129.9337631078,-1.0638997503502061,-10638.997503502062,0.0,945.9765819769789,71,24.092924337993654,False,A2C
2026-02-20,1259063.7215442988,-0.40662122188089417,-4066.2122188089415,0.0,945.9765819769789,71,17.897215443581796,False,A2C
2026-02-23,1245765.7857619408,-1.329793578235805,-13297.93578235805,0.0,945.9765819769789,71,19.779727516128577,False,A2C
2026-02-24,1255226.3415418046,0.9460555779863847,9460.555779863847,0.0,945.9765819769789,71,138.47234429896665,False,A2C
2026-02-25,1255606.4089189984,0.038006737719383094,380.0673771938309,0.0,945.9765819769789,71,16.227143762636057,False,A2C
2026-02-26,1245147.7599660968,-1.0458648952901597,-10458.648952901596,0.0,945.9765819769789,71,22.413092636633657,False,A2C
2026-02-27,1274136.2990174256,2.8988539051328788,28988.539051328786,0.0,945.9765819769789,71,30.157515971744782,False,A2C
2026-03-02,1263132.1665080471,-1.1004132509378484,-11004.132509378484,0.0,945.9765819769789,71,116.13308131186692,False,A2C
2026-03-03,1266367.7085389036,0.3235542030856479,3235.542030856479,0.0,945.9765819769789,71,29.692971284851723,False,A2C
2026-03-04,1272314.8530024898,0.5947144463586156,5947.144463586155,0.0,945.9765819769789,71,32.15346075492004,False,A2C
2026-03-05,1245465.8266728958,-2.6849026329593966,-26849.026329593966,0.0,945.9765819769789,71,25.390943939847272,False,A2C
2026-03-06,1245324.1024825282,-0.014172419036761858,-141.72419036761858,0.0,945.9765819769789,71,42.72271854349243,False,A2C
2026-03-09,1247098.4496425157,0.17743471599875485,1774.3471599875484,0.0,945.9765819769789,71,18.71579903290413,False,A2C
2026-03-10,1248032.5042488035,0.09340546062877401,934.0546062877401,0.0,945.9765819769789,71,39.4108118930203,False,A2C
2026-03-11,1234357.4818792143,-1.3675022369589191,-13675.022369589191,0.0,945.9765819769789,71,22.63659244194979,False,A2C
2026-03-12,1238720.9477386095,0.4363465859395219,4363.465859395219,0.0,945.9765819769789,71,19.582520891589574,False,A2C
2026-03-13,1242101.2067627083,0.33802590240987485,3380.2590240987483,0.0,945.9765819769789,71,55.921905414164016,False,A2C
2026-03-16,1246159.9662249037,0.40587594621954487,4058.7594621954486,0.0,945.9765819769789,71,14.16434054219441,False,A2C
2026-03-17,1247750.2768718533,0.1590310646949569,1590.310646949569,0.0,945.9765819769789,71,14.413961532736115,False,A2C
2026-03-18,1221102.6572645386,-2.6647619607314703,-26647.6196073147,0.0,945.9765819769789,71,21.512876852618984,False,A2C
2026-03-19,1215680.9101105665,-0.5421747153972043,-5421.747153972043,0.0,945.9765819769789,71,27.363972336956692,False,A2C
2026-03-20,1202245.0761847545,-1.343583392581204,-13435.83392581204,0.0,945.9765819769789,71,11.95061581423409,False,A2C
2026-03-23,1220816.2304881192,1.857115430336469,18571.15430336469,0.0,945.9765819769789,71,28.892057075748266,False,A2C
2026-03-24,1222562.1501062403,0.17459196181211156,1745.9196181211155,0.0,945.9765819769789,71,25.865786987689855,False,A2C
2026-03-25,1237546.8310411072,1.4984680934866892,14984.68093486689,0.0,945.9765819769789,71,25.13444312582931,False,A2C
2026-03-26,1231777.0380724522,-0.5769792968655005,-5769.792968655005,0.0,945.9765819769789,71,19.91617999000028,False,A2C
2026-03-27,1225848.3766039372,-0.592866146851494,-5928.66146851494,0.0,945.9765819769789,71,20.00493160829202,False,A2C
2026-03-30,1227421.9776146652,0.1573601010727929,1573.601010727929,0.0,945.9765819769789,71,23.676531359505088,False,A2C
2026-03-31,1243506.6436973007,1.6084666082635524,16084.666082635524,0.0,945.9765819769789,71,25.12482690604281,False,A2C
2026-04-01,1246225.557021427,0.27189133241262753,2718.9133241262753,0.0,945.9765819769789,71,30.626102002357264,False,A2C
2026-04-02,1255058.9750502824,0.8833418028855464,8833.418028855463,0.0,945.9765819769789,71,108.45003087542922,False,A2C
2026-04-06,1260772.868332297,0.5713893282014644,5713.893282014644,0.0,945.9765819769789,71,16.390040432946243,False,A2C
2026-04-07,1236414.32367014,-2.4358544662157073,-24358.544662157074,0.0,945.9765819769789,71,15.878372885546812,False,A2C
2026-04-08,1271532.24035618,3.5117916686039887,35117.916686039884,0.0,945.9765819769789,71,31.42195102954647,False,A2C
2026-04-09,1278822.3948615247,0.7290154505344807,7290.154505344806,0.0,945.9765819769789,71,65.99859718959914,False,A2C
2026-04-13,1254655.8795713757,-0.5665942722546868,-5665.942722546868,0.0,23.46769026424265,6,17.307858430510993,False,A2C
2026-04-14,1261603.9268419798,0.6948047270604176,6948.0472706041755,0.0,41.07418284854802,10,39.67366934885395,False,A2C
2026-04-15,1259874.4493487228,-0.1729477493257029,-1729.4774932570288,0.0,58.68996727270569,14,29.585500016084524,False,A2C
2026-04-16,1257064.715598728,-0.28097337499947755,-2809.7337499947753,0.0,76.10830770350867,18,35.28639175695144,False,A2C
2026-04-17,1280158.358504299,2.3093642905571032,23093.642905571032,0.0,93.3119188796621,22,45.21398091304883,False,A2C
2026-04-20,1274242.6818298434,-0.5915676674455638,-5915.676674455637,0.0,113.59454688886323,26,29.191759632999904,False,A2C
2026-04-21,1268963.0052014068,-0.527967662843666,-5279.67662843666,0.0,133.70646547904863,30,28.28024900378083,False,A2C
2026-04-22,1271297.6829558949,0.23346777544880754,2334.677754488075,0.0,150.8344021190257,34,46.0190253530192,False,A2C
2026-04-23,1271773.7459669171,0.047606301102228465,476.0630110222846,0.0,167.99645222981883,38,30.134000955295605,False,A2C
2026-04-24,1259488.2224364555,-1.2285523530461593,-12285.523530461593,0.0,188.39372030747893,42,65.11354668480777,False,A2C
2026-04-27,1242135.5929704576,-1.7352629465997917,-17352.629465997918,0.0,208.42453526584995,46,45.34798111871942,False,A2C
2026-04-28,1245037.1661241404,0.29015731536827516,2901.5731536827516,0.0,228.1301198740147,50,39.457216556939414,False,A2C
2026-04-29,1259434.610570367,1.4397444446226582,14397.44444622658,0.0,254.63825131834332,57,62.19310874478485,False,A2C
2026-04-30,1273490.654619038,1.4056044048671146,14056.044048671145,0.0,277.7953300185058,61,147.95521138315104,False,A2C
2026-05-01,1277027.2700724187,0.3536615453380626,3536.6154533806257,0.0,307.48991423301743,65,79.93508691807241,False,A2C
2026-05-04,1270814.9099073114,-0.6212360165107297,-6212.360165107297,0.0,336.07237707889965,69,55.49464113437189,False,A2C
2026-05-05,1271441.5921867585,0.06266822794470936,626.6822794470936,0.0,366.109927505745,73,24.882497333338232,False,A2C
2026-05-06,1265642.2064911956,-0.5799385695562931,-5799.385695562931,0.0,396.2524402629818,79,20.302062044991075,False,A2C
2026-05-07,1265018.3584109563,-0.062384808023925875,-623.8480802392587,0.0,422.89580228688635,89,69.01287161486354,False,A2C
2026-05-08,1263509.4468817203,-0.15089115292360075,-1508.9115292360075,0.0,449.52819030694934,93,23.851451138450024,False,A2C
2026-05-11,1250868.0282823658,-1.264141859935457,-12641.418599354569,0.0,471.98070003754293,97,41.25648978889527,False,A2C
2026-05-12,1264514.792799048,1.3646764516682133,13646.764516682131,0.0,494.15465537857506,101,46.95093700460447,False,A2C
2026-05-13,1273084.6305340636,0.8569837735015666,8569.837735015666,0.0,516.4705203801444,105,22.668537179072377,False,A2C
2026-05-14,1279089.980570747,0.6005350036683492,6005.350036683492,0.0,538.846348374804,109,45.94945955798242,False,A2C
2026-05-15,1268758.1159124677,-1.0331864658279344,-10331.864658279343,0.0,561.3463846375693,113,104.44288943087147,False,A2C
2026-05-18,1285392.3907901235,1.6634274877655786,16634.274877655786,0.0,584.6693718396252,117,40.504563911475735,False,A2C
2026-05-19,1291977.8684729172,0.6585477682793746,6585.477682793745,0.0,608.7279699926002,121,36.39092334639857,False,A2C
