date,portfolio_value,reward,unscaled_reward,cash,transaction_costs,trades,turbulence,risk_off,strategy
2023-01-04,1000670.6469522169,0.06706469522168627,670.6469522168627,951218.3116002285,48.732955444327295,16,48.617618480310206,False,PPO
2023-01-05,1000146.5406086518,-0.05241063435650431,-524.1063435650431,901716.5239128883,98.18529079631561,32,75.76188417571507,False,PPO
2023-01-06,1003194.8863805584,0.3048345771906548,3048.345771906548,852452.3005566585,147.4002991441974,48,36.88287126590971,False,PPO
2023-01-09,1001155.1026174645,-0.2039783763093874,-2039.7837630938739,802154.5244200838,197.64782775216398,64,27.665622415606787,False,PPO
2023-01-10,1002076.8460614262,0.0921743443961721,921.7434439617209,752354.6297261894,247.3979723015091,80,32.68206897992657,False,PPO
2023-01-11,1003952.9563428457,0.18761102814194747,1876.1102814194746,702360.2420158751,297.3424155685565,96,12.194550716494993,False,PPO
2023-01-12,1006823.3459805098,0.2870389637664077,2870.389637664077,652044.5241756589,347.6078679563849,112,31.517460622940924,False,PPO
2023-01-13,1007724.4824127732,0.09011364322634181,901.1364322634181,601311.1526575652,398.29055678564936,128,18.95959843909522,False,PPO
2023-01-17,1003050.2771895073,-0.4674205223265919,-4674.205223265919,550458.6847719448,449.0922230050503,144,16.752907774513883,False,PPO
2023-01-18,994857.5473580199,-0.8192729831487406,-8192.729831487406,500120.4421041691,499.3801777181128,160,93.66725005285348,False,PPO
2023-01-19,990711.5893531344,-0.414595800488547,-4145.95800488547,450597.25786825863,548.853888243498,176,29.96924214535943,False,PPO
2023-01-20,995640.8478957622,0.4929258542627795,4929.258542627795,401446.85370313504,597.9551911057594,192,36.12941970797391,False,PPO
2023-01-23,1001455.5574592734,0.5814709563511191,5814.709563511191,351881.1713542333,647.4713572884781,208,41.29164800434987,False,PPO
2023-01-24,999824.4894283667,-0.1631068030906725,-1631.0680309067247,301863.94362414523,697.4386177580965,224,24.267918218779265,False,PPO
2023-01-25,1000916.2887430529,0.10917993146862137,1091.7993146862136,251959.76459914335,747.292942458398,240,70.90109706442583,False,PPO
2023-01-26,1002168.434254094,0.12521455110411625,1252.1455110411625,201979.39922127314,797.2233774013253,256,15.23518020865826,False,PPO
2023-01-27,1002138.3179523323,-0.0030116301761707294,-30.116301761707295,151917.57271703234,847.2351920908767,272,78.08712783463974,False,PPO
2023-01-30,989071.0481247888,-1.3067269827543526,-13067.269827543525,101854.57471817733,897.2481771047178,288,111.89017051287912,False,PPO
2023-01-31,1000721.3762661341,1.1650328141345294,11650.328141345293,52515.48083595412,946.5379811828628,304,63.07367884174347,False,PPO
2023-02-01,1007635.3087726532,0.6913932506519137,6913.932506519137,2560.001818816744,996.4435546265566,320,33.734816310882906,False,PPO
2023-02-02,1015106.7360510905,0.7471427278437303,7471.427278437302,0.0,1033.7032123962701,334,26.401697821252355,False,PPO
2023-02-03,1006449.5642985551,-0.865717175253539,-8657.171752535389,0.0,1106.9418177327414,350,77.42937474874395,False,PPO
2023-02-06,1000887.0758244566,-0.55624884740985,-5562.4884740985,0.0,1179.769141569029,366,56.11819515246941,False,PPO
2023-02-07,1009999.7660295896,0.9112690205132938,9112.690205132938,0.0,1254.601176823145,383,16.689097054582486,False,PPO
2023-02-08,1002639.7353238902,-0.7360030705699349,-7360.030705699348,0.0,1304.8616259821015,396,35.21474062374773,False,PPO
2023-02-09,993213.9065157542,-0.9425828808136052,-9425.828808136052,0.0,1358.5937405722625,408,22.908968136690973,False,PPO
2023-02-10,994132.9936755828,0.09190871598286322,919.0871598286321,0.0,1411.9738286604536,419,18.04913138754658,False,PPO
2023-02-13,1006163.933757694,1.2030940082111163,12030.940082111163,0.0,1456.3658869901126,431,16.313795799879674,False,PPO
2023-02-14,1001733.7244901197,-0.4430209267574246,-4430.209267574246,0.0,1486.5478082873651,439,9.036396525600187,False,PPO
2023-02-15,1004662.9883156049,0.2929263825485134,2929.2638254851336,0.0,1514.8018584305446,447,20.557400149016424,False,PPO
2023-02-16,991211.3866252799,-1.3451601690324955,-13451.601690324955,0.0,1542.4389243831151,453,17.834731917629504,False,PPO
2023-02-17,995301.6004552568,0.4090213829976856,4090.213829976856,0.0,1567.4959936929013,458,44.30944026337915,False,PPO
2023-02-21,971295.9446542971,-2.400565580095968,-24005.655800959677,0.0,1592.8599686761713,464,18.711727424089204,False,PPO
2023-02-22,970940.7514076243,-0.03551932466727449,-355.19324667274486,0.0,1610.640215728057,470,32.79577922415548,False,PPO
2023-02-23,971948.563049281,0.10078116416566772,1007.8116416566771,0.0,1625.2645948659763,473,9.263636067054271,False,PPO
2023-02-24,960122.4058777094,-1.1826157171571627,-11826.157171571627,0.0,1640.0621383454763,477,54.28339232253821,False,PPO
2023-02-27,963081.4527592927,0.29590468815832865,2959.0468815832864,0.0,1652.9240893834942,480,14.233045927985344,False,PPO
2023-02-28,958151.1799841872,-0.49302727751054337,-4930.2727751054335,0.0,1670.945197666161,485,4.5887735855771,False,PPO
2023-03-01,952956.6526242589,-0.5194527359928354,-5194.527359928354,0.0,1687.6337896148862,489,38.81900733446325,False,PPO
2023-03-02,960386.2228385971,0.7429570214338251,7429.570214338251,0.0,1691.464850042328,492,36.74991290203244,False,PPO
2023-03-03,976844.6077042508,1.6458384865653701,16458.3848656537,0.0,1695.301102910792,495,53.7611377002007,False,PPO
2023-03-06,981423.881620226,0.4579273915975122,4579.273915975122,0.0,1699.184000958005,499,15.9362057001613,False,PPO
2023-03-07,968713.4016465351,-1.2710479973690818,-12710.479973690817,0.0,1700.821569628923,501,31.885617154918307,False,PPO
2023-03-08,968761.8611306548,0.004845948411966674,48.45948411966674,0.0,1708.077378281519,504,19.950066892968735,False,PPO
2023-03-09,952964.4962978042,-1.579736483285064,-15797.364832850639,0.0,1713.2804966129313,509,15.800387192936997,False,PPO
2023-03-10,945589.5710735647,-0.7374925224239472,-7374.925224239472,0.0,1716.0093260074912,512,22.22479849723993,False,PPO
2023-03-13,949180.676609484,0.3591105535919313,3591.105535919313,0.0,1718.7240553532104,515,87.73452334074322,False,PPO
2023-03-14,958439.8734264735,0.9259196816989453,9259.196816989454,0.0,1722.6059756187144,517,46.45314379454592,False,PPO
2023-03-15,956951.3814806431,-0.14884919458304066,-1488.4919458304066,0.0,1725.4138508885896,520,25.895660316711407,False,PPO
2023-03-16,969907.186518408,1.295580503776495,12955.805037764949,0.0,1726.5748925462185,522,38.78757752703601,False,PPO
2023-03-17,960791.3468887501,-0.9115839629657916,-9115.839629657916,0.0,1728.4471234265382,525,31.9670684006825,False,PPO
2023-03-20,972064.495639096,1.1273148750345923,11273.148750345923,0.0,1730.2889240196614,529,37.117017558330694,False,PPO
2023-03-21,983238.0613997799,1.117356576068385,11173.56576068385,0.0,1732.1651116512976,534,24.35202688315801,False,PPO
2023-03-22,965405.8235178083,-1.7832237881971524,-17832.237881971523,0.0,1734.0460307411106,537,17.21119963677687,False,PPO
2023-03-23,969088.213328602,0.3682389810793684,3682.389810793684,0.0,1735.8813771506311,540,25.42086769428804,False,PPO
2023-03-24,974176.7885661022,0.5088575237500133,5088.575237500132,0.0,1737.385872222525,542,12.071049584012464,False,PPO
2023-03-27,971267.3620764263,-0.2909426489675883,-2909.426489675883,0.0,1739.220708025907,546,17.83760129815166,False,PPO
2023-03-28,967776.5350345402,-0.3490827041886049,-3490.8270418860484,0.0,1741.0587172290534,549,29.029804825258452,False,PPO
2023-03-29,984400.5053570904,1.662397032255016,16623.970322550158,0.0,1742.8991922478176,552,14.354279050407431,False,PPO
2023-03-30,989799.2597757946,0.5398754418704194,5398.754418704193,0.0,1744.7601599635998,555,16.642893045529586,False,PPO
2023-03-31,1004322.294512833,1.4523034737038427,14523.034737038426,0.0,1746.3261561079307,558,7.329526925423664,False,PPO
2023-04-03,1008544.5301761841,0.42222356633511376,4222.235663351137,0.0,1747.914907685925,561,10.369364957815671,False,PPO
2023-04-05,1009465.2891893534,0.17180778870536015,1718.0778870536014,0.0,52.77203046848243,13,31.85725961097818,False,PPO
2023-04-06,1011306.365617443,0.18410764280896402,1841.07642808964,0.0,104.75136197770776,28,47.45134964624789,False,PPO
2023-04-10,1007804.1017994394,-0.35022638180035864,-3502.2638180035865,0.0,153.09887873578407,39,14.334257866130176,False,PPO
2023-04-11,1005948.1333638809,-0.18559684355584904,-1855.9684355584905,0.0,203.28135047720713,52,14.29517542153832,False,PPO
2023-04-12,1001556.2892045834,-0.4391844159297529,-4391.844159297529,0.0,253.51083478269496,64,13.191583384634294,False,PPO
2023-04-13,1021724.5312250947,2.01682420205113,20168.2420205113,0.0,303.6657129475008,75,12.411661098636529,False,PPO
2023-04-14,1017653.0510410261,-0.40714801840685544,-4071.480184068554,0.0,356.9089929881011,87,18.18046215691819,False,PPO
2023-04-17,1023569.2796909646,0.591622864993848,5916.228649938479,0.0,415.40336491530275,98,103.21866559950114,False,PPO
2023-04-18,1021395.3452660223,-0.21739344249423595,-2173.9344249423593,0.0,474.57771787486104,111,11.647575222331923,False,PPO
2023-04-19,1029318.3696176015,0.7923024351579254,7923.024351579254,0.0,533.7038774809815,123,31.520587608884487,False,PPO
2023-04-20,1023950.2794902477,-0.536809012735379,-5368.090127353789,0.0,580.0902268218026,133,90.915452011048,False,PPO
2023-04-21,1023320.8990683863,-0.06293804218614242,-629.3804218614242,0.0,624.4176755190425,142,26.392467430588724,False,PPO
2023-04-24,1026914.7475218303,0.3593848453443963,3593.8484534439626,0.0,668.6772764715486,154,34.31180965645834,False,PPO
2023-04-25,1018096.3237208113,-0.8818423801018973,-8818.423801018973,0.0,712.8889730589226,164,12.414434291928682,False,PPO
2023-04-26,1008615.3502314704,-0.948097348934086,-9480.97348934086,0.0,761.5856992924605,176,10.07539953673458,False,PPO
2023-04-27,1033162.7290996304,2.4547378868159955,24547.378868159954,0.0,800.9680131739074,186,70.73849520908938,False,PPO
2023-04-28,1041284.3516361522,0.8121622536521871,8121.622536521871,0.0,831.8589782873839,194,52.820813725753624,False,PPO
2023-05-01,1030742.529212328,-1.0541822423824225,-10541.822423824226,0.0,863.1550401362991,201,24.046398751102167,False,PPO
2023-05-02,1026567.2472579126,-0.4175281954415376,-4175.281954415375,0.0,902.0466937357747,208,21.9616854377101,False,PPO
2023-05-03,1022474.3193135172,-0.40929279443954586,-4092.9279443954583,0.0,934.8632266784,215,34.42139533414799,False,PPO
2023-05-04,1010607.8477716884,-1.1866471541828825,-11866.471541828823,0.0,965.3488914381669,222,20.006544962165137,False,PPO
2023-05-05,1034745.3853652487,2.4137537593560294,24137.537593560293,0.0,989.9195780640091,227,19.34308597034587,False,PPO
2023-05-08,1034247.0540422616,-0.04983313229870983,-498.33132298709825,0.0,1019.4219709208764,232,14.340484196436805,False,PPO
2023-05-09,1027634.347475101,-0.6612706567160552,-6612.706567160552,0.0,1052.2544663516608,237,7.605496569012365,False,PPO
2023-05-10,1035049.2827852691,0.7414935310168076,7414.935310168075,0.0,1085.5185552303462,243,15.29512347760191,False,PPO
2023-05-11,1036012.600774551,0.09633179892819609,963.3179892819608,0.0,1118.1758529244642,249,17.742412631171188,False,PPO
2023-05-12,1027399.8578414224,-0.8612742933128612,-8612.742933128611,0.0,1139.8052816584573,254,50.072378469578,False,PPO
2023-05-15,1025167.9131668241,-0.2231944674598286,-2231.944674598286,0.0,1160.1819158876772,258,11.436224070586023,False,PPO
2023-05-16,1015412.6231179,-0.9755290048924159,-9755.290048924158,0.0,1183.0065637915611,262,8.038729035274624,False,PPO
2023-05-17,1031556.1371869817,1.614351406908175,16143.51406908175,0.0,1193.608859641183,266,17.65757511927638,False,PPO
2023-05-18,1050555.3403503257,1.8999203163343947,18999.203163343947,0.0,1202.3065486333394,271,18.91829957640753,False,PPO
2023-05-19,1048537.7074090224,-0.20176329413033092,-2017.632941303309,0.0,1210.1580380137063,275,14.83379418760848,False,PPO
2023-05-22,1041851.3802993748,-0.6686327109647566,-6686.3271096475655,0.0,1220.3857613923349,281,13.984044301734905,False,PPO
2023-05-23,1028993.5795784594,-1.285780072091543,-12857.800720915431,0.0,1228.4578637599882,285,38.871016024212295,False,PPO
2023-05-24,1031495.4887482794,0.2501909169820021,2501.9091698200205,0.0,1238.665099809108,289,29.310775061466835,False,PPO
2023-05-25,1027559.1850108407,-0.393630373743875,-3936.30373743875,0.0,1246.5602661655207,294,18.11343797357665,False,PPO
2023-05-26,1042205.3931898006,1.4646208178959903,14646.208178959901,0.0,1255.093150810247,298,137.4635388604851,False,PPO
2023-05-30,1044368.6129366779,0.2163219746877323,2163.219746877323,0.0,1264.4738319190355,302,21.34586136312895,False,PPO
2023-05-31,1040593.6254278778,-0.3774987508800114,-3774.9875088001136,0.0,1272.7521972814807,305,20.33284934764629,False,PPO
2023-06-01,1063066.2381211082,2.247261269323039,22472.61269323039,0.0,1281.0364309178387,308,27.303746522810496,False,PPO
2023-06-02,1082457.1064163644,1.9390868295256283,19390.86829525628,0.0,1287.099461778943,311,59.376416237883305,False,PPO
2023-06-05,1076610.6702366627,-0.5846436179701705,-5846.4361797017045,0.0,1291.3351486971603,314,89.29611177326537,False,PPO
2023-06-06,1078146.316641831,0.15356464051683433,1535.646405168343,0.0,1294.810479710966,317,22.775727156282557,False,PPO
2023-06-07,1074650.008722663,-0.3496307919168147,-3496.307919168147,0.0,1298.2801403803808,322,21.22926632896889,False,PPO
2023-06-08,1087002.736723508,1.2352728000845061,12352.72800084506,0.0,1301.726859590658,326,37.19742154955682,False,PPO
2023-06-09,1081191.8376908868,-0.581089903262118,-5810.89903262118,0.0,1304.1378263101858,328,19.944281741027616,False,PPO
2023-06-12,1098213.1635968008,1.7021325905913953,17021.325905913953,0.0,1306.4071786043846,334,6.826302995391488,False,PPO
2023-06-13,1104356.5893436803,0.6143425746879541,6143.42574687954,0.0,1308.2252301988815,337,12.950266150467291,False,PPO
2023-06-14,1102083.4608411028,-0.22731285025775433,-2273.1285025775433,0.0,1308.2252301988815,337,21.186033068594497,False,PPO
2023-06-15,1116964.5406554984,1.4881079814395635,14881.079814395634,0.0,1308.2252301988815,337,57.25726498251986,False,PPO
2023-06-16,1110647.493573033,-0.6317047082465375,-6317.047082465374,0.0,1308.2252301988815,337,20.08400604397453,False,PPO
2023-06-20,1109421.5351008174,-0.12259584722155706,-1225.9584722155705,0.0,1308.2252301988815,337,14.07037005201848,False,PPO
2023-06-21,1104339.8132717612,-0.5081721829056275,-5081.721829056275,0.0,1308.2252301988815,337,31.7499174885977,False,PPO
2023-06-22,1109761.7986249072,0.5421985353145982,5421.985353145981,0.0,1308.2252301988815,337,18.239266518247906,False,PPO
2023-06-23,1108945.5442161402,-0.08162544087669812,-816.2544087669812,0.0,1308.2252301988815,337,22.772821451920315,False,PPO
2023-06-26,1116215.4243066802,0.7269880090540043,7269.880090540042,0.0,1311.8147314302928,340,13.272192292665302,False,PPO
2023-06-27,1133128.7584811852,1.691333417450497,16913.33417450497,0.0,1311.8147314302928,340,30.37611912458479,False,PPO
2023-06-28,1133314.652970052,0.018589448886690663,185.8944888669066,0.0,1311.8147314302928,340,16.545761867174,False,PPO
2023-06-29,1146732.0199998093,1.341736702975724,13417.367029757239,0.0,1311.8147314302928,340,22.17372352011019,False,PPO
2023-06-30,1165770.8947974122,1.9038874797602883,19038.874797602883,0.0,1311.8147314302928,340,30.843216227612437,False,PPO
2023-07-03,1160962.6461289087,-0.4808248668503482,-4808.248668503482,0.0,1311.8147314302928,340,23.440498872899305,False,PPO
2023-07-05,1146335.673127228,-1.4626973001680803,-14626.973001680803,0.0,1311.8147314302928,340,20.41263934323746,False,PPO
2023-07-07,1133926.0464313845,-0.5997675779334736,-5997.675779334735,0.0,61.3255099441498,12,18.284962752591483,False,PPO
2023-07-10,1132815.693347829,-0.11103530835555867,-1110.3530835555866,0.0,120.14452596583939,25,16.819336552972377,False,PPO
2023-07-11,1145756.2208483682,1.294052750053932,12940.52750053932,0.0,156.9681064782368,36,39.928709686498735,False,PPO
2023-07-12,1153588.1726341948,0.7831951785826591,7831.951785826591,0.0,188.33807671194532,44,28.796278214780397,False,PPO
2023-07-13,1165081.8541083485,1.1493681474153652,11493.681474153651,0.0,207.50080243476899,51,28.291521078629387,False,PPO
2023-07-14,1166070.7657680102,0.09889116596616805,988.9116596616805,0.0,224.73264004263365,60,21.379444121698253,False,PPO
2023-07-17,1167539.9800966508,0.14692143286406062,1469.214328640606,0.0,246.30844111569624,65,70.4336587758952,False,PPO
2023-07-18,1169283.133780086,0.17431536834351719,1743.1536834351718,0.0,269.70323449736856,70,66.08056427730558,False,PPO
2023-07-19,1175346.2811280761,0.6063147347990191,6063.147347990191,0.0,285.8317877316065,74,69.49148404269322,False,PPO
2023-07-20,1167544.9470318002,-0.7801334096275969,-7801.3340962759685,0.0,302.34051146947104,78,40.87635352939338,False,PPO
2023-07-21,1169755.0251625762,0.22100781307760628,2210.0781307760626,0.0,318.05170311691387,83,99.37802983621256,False,PPO
2023-07-24,1167353.725952724,-0.24012992098522373,-2401.2992098522373,0.0,339.5739547137073,88,25.02556343636952,False,PPO
2023-07-25,1188946.8052178433,2.1593079265119277,21593.079265119275,0.0,355.31076136169173,91,19.34062934044882,False,PPO
2023-07-26,1201528.1174223558,1.2581312204512536,12581.312204512535,0.0,371.26871415987114,94,41.71767192960108,False,PPO
2023-07-27,1186672.69734057,-1.4855420081785882,-14855.420081785882,0.0,389.6965227218736,100,66.4631599421354,False,PPO
2023-07-28,1201891.5155263902,1.5218818185820244,15218.818185820244,0.0,407.8722438474206,105,99.81560257193722,False,PPO
2023-07-31,1195601.195647508,-0.6290319878882263,-6290.319878882263,0.0,424.6723679622871,109,33.963074983066775,False,PPO
2023-08-01,1201265.546022479,0.5664350374971051,5664.350374971051,0.0,442.9480512497156,113,45.00995203224541,False,PPO
2023-08-02,1187362.8756893168,-1.3902670333162184,-13902.670333162183,0.0,460.75338569340784,117,87.2272001743069,False,PPO
2023-08-03,1175396.7787551,-1.1966096934216797,-11966.096934216795,0.0,478.6461697447948,121,12.763965384257247,False,PPO
2023-08-04,1175359.469170188,-0.003730958491191268,-37.30958491191268,0.0,494.59491805672576,126,17.739431530096287,False,PPO
2023-08-07,1179851.1658668856,0.4491696696697502,4491.6966966975015,0.0,512.0070754791903,131,112.73528086120672,False,PPO
2023-08-08,1173804.4817790403,-0.6046684087845264,-6046.684087845264,0.0,528.3075465994298,135,25.973831624719097,False,PPO
2023-08-09,1166628.7337807866,-0.7175747998253675,-7175.747998253675,0.0,544.3708118612143,139,26.609585590374515,False,PPO
2023-08-10,1170222.0476024286,0.35933138216419613,3593.313821641961,0.0,561.6165874940583,142,13.267746707060992,False,PPO
2023-08-11,1175234.5476915184,0.5012500089089852,5012.500089089852,0.0,578.8631161911811,148,15.87150685434541,False,PPO
2023-08-14,1183852.6734692324,0.8618125777713955,8618.125777713954,0.0,596.3329950968632,152,16.57448498428913,False,PPO
2023-08-15,1171535.5668887491,-1.2317106580483261,-12317.106580483261,0.0,613.9863796641505,156,17.189451046153994,False,PPO
2023-08-16,1162892.4797215126,-0.8643087167236488,-8643.087167236488,0.0,629.2510629073165,161,16.947347930636916,False,PPO
2023-08-17,1151796.7215777447,-1.1095758143767949,-11095.758143767947,0.0,644.3671264261923,166,10.983072747996989,False,PPO
2023-08-18,1155493.6467987427,0.3696925220998004,3696.925220998004,0.0,656.3993828185494,169,41.269363563091794,False,PPO
2023-08-21,1155560.99326062,0.006734646187722683,67.34646187722683,0.0,668.4222550695193,172,8.657406305720876,False,PPO
2023-08-22,1153040.5871182897,-0.2520406142330263,-2520.4061423302633,0.0,680.5544778879047,178,29.9445122960267,False,PPO
2023-08-23,1159616.4816383398,0.6575894520050148,6575.8945200501485,0.0,692.405489448904,182,17.493834565763436,False,PPO
2023-08-24,1147531.0272979871,-1.2085454340352677,-12085.454340352677,0.0,705.0276047426332,186,39.05971214915394,False,PPO
2023-08-25,1140413.8886919406,-0.7117138606046559,-7117.138606046558,0.0,718.2862066866935,192,26.32973605574694,False,PPO
2023-08-28,1149731.9969076344,0.9318108215693851,9318.10821569385,0.0,735.686190569192,197,17.753221609274625,False,PPO
2023-08-29,1165515.6054541578,1.5783608546523378,15783.608546523377,0.0,754.7122040842478,204,21.149530592024732,False,PPO
2023-08-30,1163896.1978552418,-0.16194075989159756,-1619.4075989159755,0.0,772.5095396368495,209,24.058076102598243,False,PPO
2023-08-31,1167539.1991820873,0.36430013268454936,3643.0013268454936,0.0,790.4916143802544,214,7.785007377139129,False,PPO
2023-09-01,1176598.4432156163,0.9059244033528958,9059.244033528958,0.0,808.57396429728,221,27.44391580900107,False,PPO
2023-09-05,1163213.008190146,-1.3385435025470331,-13385.435025470331,0.0,833.7052383456639,228,18.172481802708212,False,PPO
2023-09-06,1156530.6814887435,-0.6682326701402431,-6682.326701402431,0.0,854.4844216269762,235,23.5354877821244,False,PPO
2023-09-07,1159974.1246396315,0.3443443150887964,3443.4431508879643,0.0,872.3924575333789,242,29.189886627723546,False,PPO
2023-09-08,1161351.4112955437,0.13772866559121758,1377.2866559121758,0.0,886.9701690392262,248,29.70033640782463,False,PPO
2023-09-11,1171756.7150905188,1.040530379497516,10405.30379497516,0.0,895.016252752583,252,16.314158546387564,False,PPO
2023-09-12,1160756.0746198134,-1.100064047070546,-11000.64047070546,0.0,903.2855499183685,255,19.261185804258513,False,PPO
2023-09-13,1155505.360518042,-0.5250714101771359,-5250.714101771358,0.0,911.4467850936404,258,26.98688556420595,False,PPO
2023-09-14,1160415.6055055293,0.4910244987487328,4910.244987487327,0.0,919.817209229537,261,48.912792369501304,False,PPO
2023-09-15,1145370.4837189077,-1.5045121786621634,-15045.121786621632,0.0,928.180120794063,264,33.65816024102276,False,PPO
2023-09-18,1135730.849745829,-0.9639633973078803,-9639.633973078802,0.0,936.2928152353034,267,29.10435668037668,False,PPO
2023-09-19,1137286.3062645944,0.1555456518765539,1555.456518765539,0.0,944.2187498039536,270,22.537390784762817,False,PPO
2023-09-20,1130407.3061574763,-0.6879000107118162,-6879.000107118161,0.0,944.2187498039536,270,12.813082007623391,False,PPO
2023-09-21,1111019.694633124,-1.938761152435234,-19387.611524352338,0.0,944.7478979657794,272,28.420462529129736,False,PPO
2023-09-22,1108106.3109207381,-0.29133837123857814,-2913.383712385781,0.0,944.7478979657794,272,35.330990649237705,False,PPO
2023-09-25,1108919.3965989237,0.08130856781855691,813.0856781855691,0.0,944.7478979657794,272,11.476006215898304,False,PPO
2023-09-26,1098251.3833413457,-1.0668013257578015,-10668.013257578015,0.0,944.7478979657794,272,15.794606805312068,False,PPO
2023-09-27,1085884.3672734657,-1.2367016067879975,-12367.016067879975,0.0,944.7478979657794,272,17.763130861009607,False,PPO
2023-09-28,1098952.973990071,1.3068606716605369,13068.606716605369,0.0,944.7478979657794,272,14.000315029081284,False,PPO
2023-09-29,1094003.7405330008,-0.494923345707031,-4949.23345707031,0.0,944.7478979657794,272,24.0242126552382,False,PPO
2023-10-02,1083430.6046411945,-1.0573135891806336,-10573.135891806334,0.0,944.7478979657794,272,35.288262499035255,False,PPO
2023-10-03,1067337.1558375792,-1.6093448803615291,-16093.44880361529,0.0,944.7478979657794,272,32.91411815932344,False,PPO
2023-10-05,1081213.3689667243,-0.42785440980507994,-4278.544098050799,0.0,46.902531719316706,9,21.3824230929131,False,PPO
2023-10-06,1087415.5917039448,0.6202222737220582,6202.222737220582,0.0,68.13759603572721,15,82.668596469433,False,PPO
2023-10-09,1083369.0541849288,-0.4046537519016071,-4046.5375190160707,0.0,78.47016384106274,19,44.490864614211134,False,PPO
2023-10-10,1092541.0925494959,0.9172038364567096,9172.038364567095,0.0,88.18248483700012,23,16.715950323565487,False,PPO
2023-10-11,1096558.4796754122,0.40173871259163135,4017.3871259163134,0.0,98.38694028480235,27,22.079063113392607,False,PPO
2023-10-12,1079146.7078743326,-1.7411771801079625,-17411.771801079623,0.0,108.22358559464634,34,41.34331478760535,False,PPO
2023-10-13,1073322.3339357113,-0.5824373938621255,-5824.373938621255,0.0,117.67573482554737,40,27.53950208152155,False,PPO
2023-10-16,1091195.911030277,1.7873577094565611,17873.57709456561,0.0,128.6248820298911,43,30.99487929730559,False,PPO
2023-10-17,1095503.502737804,0.4307591707527172,4307.591707527172,0.0,139.34085902418312,48,12.595080136981297,False,PPO
2023-10-18,1063261.636205416,-3.2241866532388146,-32241.866532388143,0.0,150.07979375865705,51,20.54849869263919,False,PPO
2023-10-19,1051684.900735638,-1.1576735469777837,-11576.735469777836,0.0,160.38167713772236,54,76.06246066033503,False,PPO
2023-10-20,1036482.5363183006,-1.5202364417337464,-15202.364417337463,0.0,170.53832313943158,58,26.537108241260057,False,PPO
2023-10-23,1040040.0340631044,0.35574977448037826,3557.4977448037826,0.0,178.27903664516649,62,36.49813885418675,False,PPO
2023-10-24,1046254.6168130138,0.6214582749909372,6214.582749909372,0.0,188.58396320270302,67,30.013600488874733,False,PPO
2023-10-25,1048075.1039809062,0.18204871678923956,1820.4871678923955,0.0,196.92103303593387,71,122.57932628698263,False,PPO
2023-10-26,1045418.5504639405,-0.2656553516965709,-2656.5535169657087,0.0,206.03089432851843,77,89.65885071414698,False,PPO
2023-10-27,1031932.2844979945,-1.348626596594602,-13486.26596594602,0.0,215.07067868409294,83,79.69345285431986,False,PPO
2023-10-30,1041271.971660986,0.9339687162991497,9339.687162991497,0.0,223.82092681836943,86,83.00584989078158,False,PPO
2023-10-31,1048503.9845498556,0.723201288886962,7232.01288886962,0.0,227.12066775539574,89,31.9263104002395,False,PPO
2023-11-01,1053409.662767971,0.4905678218115354,4905.678218115354,0.0,229.11137340380932,93,71.22603219015164,False,PPO
2023-11-02,1079080.792724012,2.5671129956041,25671.129956040997,0.0,234.68715318119564,96,26.18518942579269,False,PPO
2023-11-03,1095250.6853114008,1.6169892587388865,16169.892587388864,0.0,237.42937557510226,99,21.22437405144913,False,PPO
2023-11-06,1093000.1531400997,-0.2250532171301078,-2250.532171301078,0.0,240.23431120991796,102,31.86281081534677,False,PPO
2023-11-07,1094593.4101454408,0.15932570053411182,1593.2570053411182,0.0,242.20916336934636,105,9.559231192927705,False,PPO
2023-11-08,1100954.7092695117,0.6361299124070909,6361.299124070909,0.0,244.13956062911328,108,10.429169199508348,False,PPO
2023-11-09,1090531.2960390649,-1.0423413230446865,-10423.413230446864,0.0,246.08146240073074,113,12.679155735295067,False,PPO
2023-11-10,1103828.6822414056,1.3297386202340713,13297.386202340713,0.0,247.1718330341591,115,56.96086097641368,False,PPO
2023-11-13,1102021.019967811,-0.1807662273594644,-1807.662273594644,0.0,251.61414767697605,118,20.85393106516765,False,PPO
2023-11-14,1134071.4240983047,3.205040413049376,32050.404130493756,0.0,255.23404141903853,124,18.496926586262923,False,PPO
2023-11-15,1138284.4035254307,0.42129794271260035,4212.979427126003,0.0,258.02486637560423,128,36.31158943270046,False,PPO
2023-11-16,1146908.68944817,0.862428592273919,8624.28592273919,0.0,260.84207219099056,132,24.174751879968145,False,PPO
2023-11-17,1154971.6596518897,0.80629702037198,8062.9702037198,0.0,261.99804078127755,135,261.326523660882,False,PPO
2023-11-20,1163039.8875563485,0.8068227904458763,8068.227904458763,0.0,264.84097786334274,139,20.06715299028469,False,PPO
2023-11-21,1162077.0197676534,-0.09628677886950318,-962.8677886950318,0.0,267.68891648398943,142,21.719074735833637,False,PPO
2023-11-22,1166578.7087706693,0.45016890030158685,4501.689003015868,0.0,270.52109788292347,145,18.4294420035791,False,PPO
2023-11-24,1171576.60189887,0.4997893128200667,4997.893128200667,0.0,273.38276499730404,149,14.396707534236214,False,PPO
2023-11-27,1170318.6490973362,-0.12579528015337418,-1257.9528015337419,0.0,276.2690916432338,152,5.188026950671363,False,PPO
2023-11-28,1171037.1053960687,0.07184562987324317,718.4562987324316,0.0,279.58870697946645,155,6.206188310403967,False,PPO
2023-11-29,1175863.2194895744,0.4826114093505778,4826.114093505777,0.0,286.84582865778935,159,19.10625261361726,False,PPO
2023-11-30,1194661.1336868603,1.8797914197285894,18797.914197285892,0.0,289.7594832123782,162,16.56085006347788,False,PPO
2023-12-01,1210874.719838,1.6213586151139578,16213.586151139578,0.0,292.8140755193002,165,55.28563415086104,False,PPO
2023-12-04,1208559.7370914614,-0.23149827465384734,-2314.9827465384733,0.0,299.7847592881936,172,32.95406893041611,False,PPO
2023-12-05,1206219.1447705007,-0.23405923209607138,-2340.5923209607136,0.0,307.51884949298244,176,26.11830442139047,False,PPO
2023-12-06,1208909.7959391675,0.269065116866678,2690.65116866678,0.0,321.79412063111033,181,58.56580554313221,False,PPO
2023-12-07,1220686.377194716,1.1776581255548402,11776.5812555484,0.0,336.2325770972637,186,15.139898284087552,False,PPO
2023-12-08,1217124.5091037115,-0.35618680910044354,-3561.868091004435,0.0,350.8797560177531,191,14.457888226895069,False,PPO
2023-12-11,1220221.98623949,0.3097477135778638,3097.4771357786376,0.0,365.4321208200576,196,21.95680718431886,False,PPO
2023-12-12,1228585.2720488943,0.8363285809404217,8363.285809404217,0.0,375.3327775843564,200,31.125504683023912,False,PPO
2023-12-13,1253910.1107049226,2.532483865602827,25324.838656028267,0.0,385.3142023088206,203,8.323218765605427,False,PPO
2023-12-14,1279658.1261598184,2.5748015454895796,25748.015454895794,0.0,393.68637679070537,208,35.356911432061196,False,PPO
2023-12-15,1286078.5895421072,0.6420463382288814,6420.463382288814,0.0,400.7368343308107,212,75.38244435094126,False,PPO
2023-12-18,1287826.324655329,0.17477351132219193,1747.7351132219192,0.0,409.3945422002906,217,18.06086248126627,False,PPO
2023-12-19,1294978.794582578,0.7152469927248778,7152.469927248778,0.0,417.8775241273181,223,21.39679748858358,False,PPO
2023-12-20,1275635.9317076248,-1.9342862874953077,-19342.862874953076,0.0,424.9247550218767,227,9.850378309504642,False,PPO
2023-12-21,1288933.0572690645,1.3297125561439667,13297.125561439667,0.0,435.1897364255821,230,17.629094254612106,False,PPO
2023-12-22,1298759.8794904938,0.9826822221429321,9826.82222142932,0.0,445.56183778222174,233,9.764918413063302,False,PPO
2023-12-26,1306860.3394925033,0.8100460002009524,8100.460002009524,0.0,456.06909275031944,236,85.63516202645837,False,PPO
2023-12-27,1311244.6412866088,0.43843017941054424,4384.301794105442,0.0,466.64434277598326,239,4.770862632177803,False,PPO
2023-12-28,1311886.5645659338,0.06419232793250121,641.923279325012,0.0,477.2466152798429,242,4.419532025398101,False,PPO
2023-12-29,1309574.0107901401,-0.231255377579364,-2312.55377579364,0.0,487.8518427879217,247,7.285156525787727,False,PPO
2024-01-02,1302806.0211739629,-0.6767989616177278,-6767.989616177278,0.0,503.45279724900064,253,2.9550341216370395,False,PPO
2024-01-03,1280617.1532489108,-2.2188867925052067,-22188.867925052065,0.0,518.7765176558838,260,55.326426264086855,False,PPO
2024-01-05,1292305.091958641,0.9037822290054522,9037.822290054522,0.0,36.27276272488907,5,20.258792421642408,False,PPO
2024-01-08,1299161.9120796567,0.6856820121015655,6856.820121015655,0.0,72.49548043459824,10,17.544396568746677,False,PPO
2024-01-09,1291364.8903330322,-0.7797021746624494,-7797.021746624494,0.0,109.10162263756835,16,64.45684945757168,False,PPO
2024-01-10,1291530.2734723424,0.016538313931017182,165.38313931017183,0.0,145.61402304497722,22,17.746096975204768,False,PPO
2024-01-11,1285846.3831025218,-0.5683890369820641,-5683.89036982064,0.0,182.26223000905858,28,23.08357078340254,False,PPO
2024-01-12,1287395.6303030502,0.15492472005283928,1549.2472005283928,0.0,218.79472797416847,35,25.06487809218838,False,PPO
2024-01-16,1279694.4384979135,-0.7701191805136623,-7701.191805136623,0.0,252.78260643334045,41,41.51204583555025,False,PPO
2024-01-17,1269153.7047374626,-1.0540733760450967,-10540.733760450967,0.0,286.21891000694035,47,62.82396929734922,False,PPO
2024-01-18,1278508.6132519278,0.9354908514465206,9354.908514465205,0.0,317.35555842657993,52,14.763297927955936,False,PPO
2024-01-19,1290180.7099861891,1.1672096734261375,11672.096734261375,0.0,351.85868955606793,57,28.16969340802314,False,PPO
2024-01-22,1301596.1227419365,1.1415412755747327,11415.412755747328,0.0,387.8246548278412,63,77.41309415749538,False,PPO
2024-01-23,1301769.1398939297,0.017301715199323373,173.0171519932337,0.0,420.0330060960993,66,19.319717879653155,False,PPO
2024-01-24,1295452.4221070893,-0.6316717786840397,-6316.717786840396,0.0,463.36427638725326,77,166.486950653183,False,PPO
2024-01-25,1321233.7460410218,2.5781323933932465,25781.323933932465,0.0,503.2485323369781,86,20.594719431109898,False,PPO
2024-01-26,1336782.423664311,1.5548677623289173,15548.677623289172,0.0,545.6183661761389,95,183.40212933892315,False,PPO
2024-01-29,1345229.8191074273,0.8447395443116316,8447.395443116315,0.0,588.1774132087264,101,89.31401661281859,False,PPO
2024-01-30,1353157.7517090305,0.7927932601603214,7927.932601603214,0.0,625.5566218904534,107,18.36650112697265,False,PPO
2024-01-31,1336085.423578632,-1.7072328130398413,-17072.32813039841,0.0,660.6688793099818,111,18.88238786739136,False,PPO
2024-02-01,1357276.6341811577,2.1191210602525623,21191.21060252562,0.0,694.0329564032663,114,38.95601512267056,False,PPO
2024-02-02,1372566.2997493125,1.528966556815477,15289.66556815477,0.0,720.0167786657996,116,82.9392203084131,False,PPO
2024-02-05,1375054.3267998162,0.24880270505037624,2488.0270505037624,0.0,749.4807757367032,118,51.54812171938917,False,PPO
2024-02-06,1379146.509259375,0.40921824595588263,4092.182459558826,0.0,775.8520030657469,120,61.05227425241932,False,PPO
2024-02-07,1384245.1825792778,0.5098673319902737,5098.673319902737,0.0,806.6493649418534,123,24.252855506608665,False,PPO
2024-02-08,1383018.4646789948,-0.12267179002829362,-1226.7179002829362,0.0,832.6081631874015,127,50.34558026350061,False,PPO
2024-02-09,1374791.387061811,-0.8227077617183793,-8227.077617183793,0.0,866.4652526157573,130,112.76770183786556,False,PPO
2024-02-12,1384918.9166629366,1.0127529601125513,10127.529601125512,0.0,901.2051235447369,135,16.640032347910388,False,PPO
2024-02-13,1360247.2787272923,-2.467163793564425,-24671.63793564425,0.0,932.3591063044968,138,14.672717264344753,False,PPO
2024-02-14,1370344.5462444625,1.009726751717017,10097.267517170169,0.0,962.9611172487429,140,22.438633862173575,False,PPO
2024-02-15,1388835.0992354671,1.849055299100466,18490.55299100466,0.0,997.3226671948217,144,11.209464000501058,False,PPO
2024-02-16,1384829.3353871042,-0.40057638483629565,-4005.763848362956,0.0,997.3226671948217,144,25.87072585534257,False,PPO
2024-02-20,1368983.106276018,-1.5846229111086112,-15846.229111086112,0.0,997.3226671948217,144,12.582393299457834,False,PPO
2024-02-21,1376638.7072711422,0.7655600995124086,7655.600995124085,0.0,997.3226671948217,144,46.01644395345684,False,PPO
2024-02-22,1392712.0208769946,1.6073313605852426,16073.313605852425,0.0,997.3226671948217,144,24.412835449876543,False,PPO
2024-02-23,1398647.2866040927,0.59352657270981,5935.2657270981,0.0,997.3226671948217,144,59.83220754251535,False,PPO
2024-02-26,1400541.886290595,0.18945996865022463,1894.5996865022462,0.0,997.3226671948217,144,7.371390003327809,False,PPO
2024-02-27,1406390.6910440698,0.5848804753474891,5848.804753474891,0.0,997.3226671948217,144,19.57526997359285,False,PPO
2024-02-28,1410900.2326504348,0.45095416063650046,4509.541606365005,0.0,997.3226671948217,144,22.82128798718834,False,PPO
2024-02-29,1422115.587925119,1.1215355274684262,11215.355274684262,0.0,997.3226671948217,144,21.645413638597766,False,PPO
2024-03-01,1428789.831460132,0.6674243535012938,6674.243535012938,0.0,997.3226671948217,144,29.955807786946387,False,PPO
2024-03-04,1431413.7193590421,0.2623887898910092,2623.887898910092,0.0,997.3226671948217,144,18.76406530293707,False,PPO
2024-03-05,1418755.0414658356,-1.2658677893206478,-12658.677893206477,0.0,997.3226671948217,144,42.00394520162916,False,PPO
2024-03-06,1423488.6885596828,0.47336470938471614,4733.647093847161,0.0,997.3226671948217,144,37.29618329421079,False,PPO
2024-03-07,1438881.7530205785,1.5393064460895725,15393.064460895725,0.0,998.6813645371066,146,17.328917657880577,False,PPO
2024-03-08,1438178.5410428292,-0.07032119777493645,-703.2119777493645,0.0,1000.0709736896847,148,30.522980103711543,False,PPO
2024-03-11,1428560.058166673,-0.9618482876156225,-9618.482876156224,0.0,1001.4602718212601,150,23.03814183382527,False,PPO
2024-03-12,1440885.974905169,1.2325916738496163,12325.916738496162,0.0,1002.8297895153844,152,32.47566379574073,False,PPO
2024-03-13,1450755.3415515642,0.9869366646395066,9869.366646395065,0.0,1004.9156155459456,155,41.846142502831064,False,PPO
2024-03-14,1445122.932570146,-0.5632408981418238,-5632.408981418237,0.0,1006.9782112654647,158,77.17964880117962,False,PPO
2024-03-15,1450682.512515714,0.5559579945567995,5559.579945567994,0.0,1018.1359573663725,161,24.607835949138284,False,PPO
2024-03-18,1465117.008712418,1.4434496196703985,14434.496196703985,0.0,1018.1359573663725,161,23.59601335109103,False,PPO
2024-03-19,1471709.7948926343,0.6592786180216353,6592.786180216353,0.0,1018.1359573663725,161,13.279860962912222,False,PPO
2024-03-20,1488920.3863911463,1.7210591498512078,17210.591498512076,0.0,1018.1359573663725,161,11.471727256741511,False,PPO
2024-03-21,1508707.173274401,1.978678688325477,19786.78688325477,0.0,1018.1359573663725,161,17.563830526189722,False,PPO
2024-03-22,1489174.0669483407,-1.953310632606037,-19533.10632606037,0.0,1018.1359573663725,161,56.543228622738106,False,PPO
2024-03-25,1483682.6225033517,-0.5491444444989088,-5491.444444989087,0.0,1018.1359573663725,161,39.29840603566153,False,PPO
2024-03-26,1480950.527217259,-0.2732095286092721,-2732.095286092721,0.0,1018.1359573663725,161,30.041986611728777,False,PPO
2024-03-27,1508546.5217294497,2.759599451219081,27595.99451219081,0.0,1018.1359573663725,161,12.709047511125352,False,PPO
2024-03-28,1514417.9299462787,0.5871408216828946,5871.408216828946,0.0,1018.1359573663725,161,43.71913469161537,False,PPO
2024-04-01,1512964.8987213713,-0.1453031224907376,-1453.0312249073759,0.0,1018.1359573663725,161,7.814802762748226,False,PPO
2024-04-02,1510863.1762243796,-0.21017224969917445,-2101.7224969917443,0.0,1018.1359573663725,161,61.451994780565144,False,PPO
2024-04-03,1533057.9553316487,2.2194779107269134,22194.779107269133,0.0,1018.1359573663725,161,42.72744405887717,False,PPO
2024-04-04,1505509.0117493973,-2.7548943582251435,-27548.943582251435,0.0,1019.3956954194399,163,49.84887556263234,False,PPO
2024-04-08,1518621.750111587,-1.0612070501747308,-10612.070501747308,0.0,46.66732408199306,11,14.109126484958152,False,PPO
2024-04-09,1511572.6448372097,-0.7049105274377391,-7049.105274377391,0.0,63.45913334346995,15,10.777614070533964,False,PPO
2024-04-10,1506100.224683274,-0.5472420153935673,-5472.420153935673,0.0,74.06366371376738,19,31.20888921164996,False,PPO
2024-04-11,1505174.994693528,-0.09252299897461198,-925.2299897461198,0.0,76.87305127258642,23,40.90395793575211,False,PPO
2024-04-12,1487143.0055946342,-1.8031989098893713,-18031.98909889371,0.0,78.32746309170751,27,40.12874520611408,False,PPO
2024-04-15,1484594.398082592,-0.2548607512042159,-2548.607512042159,0.0,79.74492366156912,31,96.9680217257442,False,PPO
2024-04-16,1473652.9148834532,-1.0941483199138893,-10941.483199138893,0.0,80.79979301642273,33,53.69189406231833,False,PPO
2024-04-17,1470965.039287735,-0.26878755957181566,-2687.8755957181565,0.0,81.98109277283858,35,48.61583092059186,False,PPO
2024-04-18,1473037.7572567377,0.20727179690026679,2072.717969002668,0.0,83.73756761179969,38,91.65662040166868,False,PPO
2024-04-19,1491868.1983526624,1.8830441095924704,18830.441095924703,0.0,85.93765723204949,42,23.082423269001534,False,PPO
2024-04-22,1497724.2778555662,0.5856079502903857,5856.079502903856,0.0,86.55102601108575,45,79.93760642918329,False,PPO
2024-04-23,1522179.5897551873,2.445531189962104,24455.31189962104,0.0,87.13610262709625,49,42.60936741989538,False,PPO
2024-04-24,1521675.969897593,-0.05036198575943709,-503.61985759437084,0.0,87.73764213549242,53,32.341927767176564,False,PPO
2024-04-25,1463586.3417700194,-5.808962812757352,-58089.62812757352,0.0,88.15493257684801,56,29.80059761600538,False,PPO
2024-04-26,1473046.4825274837,0.9460140757464338,9460.140757464338,0.0,88.56972869678557,59,130.86269414025193,False,PPO
2024-04-29,1492833.8630610344,1.9787380533550634,19787.380533550633,0.0,88.98580911365909,62,20.130129715963243,False,PPO
2024-04-30,1453516.8785313396,-3.931698452969478,-39316.984529694775,0.0,89.98404722200017,64,26.95743169622615,False,PPO
2024-05-01,1446044.0236688373,-0.7472854862502311,-7472.85486250231,0.0,90.73924896820736,67,62.83299781115099,False,PPO
2024-05-02,1454411.8850895062,0.8367861420668895,8367.861420668894,0.0,91.48890447991458,69,55.56694898625766,False,PPO
2024-05-03,1454245.4933000202,-0.016639178948593326,-166.39178948593326,0.0,92.4742033144913,71,29.593440348847587,False,PPO
2024-05-06,1471147.618745443,1.6902125445422718,16902.125445422716,0.0,93.6928437154529,75,166.94864438408504,False,PPO
2024-05-07,1477218.728304015,0.6071109558572062,6071.109558572061,0.0,94.91016832461467,77,26.90681457901295,False,PPO
2024-05-08,1480163.8121754904,0.29450838714754213,2945.0838714754213,0.0,96.31663415871701,80,58.19450628185984,False,PPO
2024-05-09,1501999.2007169477,2.1835388541457244,21835.388541457243,0.0,97.7363558348017,83,16.052427754708617,False,PPO
2024-05-10,1517543.6295042932,1.5544428787345532,15544.428787345532,0.0,98.81233162634068,85,17.342163348187782,False,PPO
2024-05-13,1517004.0597231076,-0.053956978118559346,-539.5697811855935,0.0,99.79380985582941,87,29.3978147452122,False,PPO
2024-05-14,1524410.7582090388,0.7406698485931149,7406.698485931149,0.0,100.77868943483641,91,23.947676119522814,False,PPO
2024-05-15,1531294.8525454998,0.6884094336461043,6884.094336461043,0.0,101.76235403498617,94,12.562927168648113,False,PPO
2024-05-16,1513505.8473089251,-1.7789005236574682,-17789.00523657468,0.0,102.74601863513594,96,36.55578641823665,False,PPO
2024-05-17,1527155.6060986063,1.3649758789681132,13649.758789681131,0.0,103.83434423846381,98,124.41019879429648,False,PPO
2024-05-20,1536763.0915069012,0.9607485408294947,9607.485408294946,0.0,104.91762122059929,100,8.739206059371924,False,PPO
2024-05-21,1527069.4294974431,-0.9693662009458058,-9693.662009458058,0.0,106.34022764191843,102,55.78455606966713,False,PPO
2024-05-22,1516111.853069624,-1.095757642781921,-10957.57642781921,0.0,107.62443870217227,104,33.6571321813984,False,PPO
2024-05-23,1491841.5305643012,-2.427032250532275,-24270.32250532275,0.0,108.9049365267624,106,16.409832759638583,False,PPO
2024-05-24,1491518.5491822439,-0.03229813820573036,-322.98138205730356,0.0,110.24019047745473,108,47.25461510025036,False,PPO
2024-05-28,1480831.7641220693,-1.068678506017453,-10686.78506017453,0.0,112.38808530168683,111,23.74409063355145,False,PPO
2024-05-29,1457773.0697094146,-2.3058694412654734,-23058.694412654735,0.0,114.41910774274251,114,29.668300754837915,False,PPO
2024-05-30,1467022.1426709662,0.9249072961551603,9249.072961551603,0.0,116.29877068229264,120,21.48214945936296,False,PPO
2024-05-31,1477153.8545474613,1.0131711876495044,10131.711876495045,0.0,119.12055656368126,124,251.80201311799465,False,PPO
2024-06-03,1457036.6353324796,-2.0117219214981654,-20117.219214981655,0.0,121.66775415961256,127,40.6639416910651,False,PPO
2024-06-04,1451875.1633180932,-0.516147201438644,-5161.47201438644,0.0,124.47835532097179,130,39.14761371307084,False,PPO
2024-06-05,1449000.9074580113,-0.2874255860081874,-2874.255860081874,0.0,127.1126175305613,133,26.487402423269607,False,PPO
2024-06-06,1445515.5981545434,-0.34853093034678606,-3485.3093034678604,0.0,129.7027930808939,136,35.98556038089853,False,PPO
2024-06-07,1445590.0826248783,0.007448447033483536,74.48447033483535,0.0,132.29799176766,139,17.991874188045003,False,PPO
2024-06-10,1445127.2332237924,-0.04628494010858704,-462.84940108587034,0.0,134.18969476642516,142,44.200713257302326,False,PPO
2024-06-11,1429441.359603011,-1.568587362078135,-15685.873620781349,0.0,136.20213227856155,146,24.798970608472775,False,PPO
2024-06-12,1427907.9384490391,-0.15334211539719256,-1533.4211539719256,0.0,138.07760362266328,149,68.46144493393396,False,PPO
2024-06-13,1420457.9679866075,-0.7449970462431665,-7449.970462431665,0.0,139.93183335107992,152,38.03487608871248,False,PPO
2024-06-14,1413374.1466075783,-0.7083821379029193,-7083.821379029192,0.0,141.2141371907633,155,17.02455847374752,False,PPO
2024-06-17,1420055.4312443826,0.6681284636804369,6681.284636804368,0.0,142.49375944824732,158,7.693707685838344,False,PPO
2024-06-18,1428438.4567122683,0.8383025467885659,8383.025467885658,0.0,143.7673690395122,161,15.737853974470733,False,PPO
2024-06-20,1442051.0169294854,1.3612560217217078,13612.560217217077,0.0,145.63596590559317,166,16.81018650345626,False,PPO
2024-06-21,1441894.9016468837,-0.015611528260167689,-156.11528260167688,0.0,147.31390114753916,170,31.571631501361225,False,PPO
2024-06-24,1452339.8831810034,1.0444981534119695,10444.981534119694,0.0,148.2207352927145,172,30.043716856422268,False,PPO
2024-06-25,1442292.1857545096,-1.0047697426493747,-10047.697426493747,0.0,149.6072726358442,175,45.73779614140045,False,PPO
2024-06-26,1439322.1804121514,-0.2970005342358258,-2970.0053423582576,0.0,150.53307521810208,177,31.08594347636657,False,PPO
2024-06-27,1438362.394141206,-0.0959786270945333,-959.786270945333,0.0,151.45748695143308,179,25.971494805598976,False,PPO
2024-06-28,1452726.7490203765,1.4364354879170425,14364.354879170423,0.0,152.50266973313657,181,49.2620189645376,False,PPO
2024-07-01,1445834.1082299468,-0.6892640790429665,-6892.640790429665,0.0,153.82138740702922,183,289.4047818873523,False,PPO
2024-07-02,1445237.2081852315,-0.05969000447152648,-596.9000447152648,0.0,155.079493879061,185,75.86377022824148,False,PPO
2024-07-03,1450749.4837243925,0.5512275539160939,5512.275539160939,0.0,156.1320674915203,187,26.30911168991199,False,PPO
2024-07-05,1447099.6913269733,-0.36497923974192237,-3649.7923974192236,0.0,157.18515322205587,189,17.765478141243435,False,PPO
2024-07-09,1442242.8786569857,-0.3844214467428392,-3844.214467428392,0.0,11.23333086603778,8,27.112200499728296,False,PPO
2024-07-10,1454982.2836672172,1.273940501023154,12739.405010231538,0.0,19.043870039064814,15,21.166618915252208,False,PPO
2024-07-11,1462660.2792074666,0.7677995540249395,7677.995540249394,0.0,28.054243051503178,24,29.09371175595772,False,PPO
2024-07-12,1473335.3332966375,1.0675054089170881,10675.05408917088,0.0,34.50678491414053,30,36.40086342508282,False,PPO
2024-07-15,1499313.24974293,2.597791644629254,25977.916446292536,0.0,40.98216069328131,38,31.603334749497485,False,PPO
2024-07-16,1542495.624036091,4.318237429316086,43182.37429316086,0.0,47.419173660990715,44,28.979724385526076,False,PPO
2024-07-17,1544940.9815612277,0.24453575251367876,2445.3575251367874,0.0,50.28016870334243,48,56.50948384369781,False,PPO
2024-07-18,1538457.8794823657,-0.6483102078862023,-6483.102078862023,0.0,54.939293347892196,53,38.59961489690985,False,PPO
2024-07-19,1508207.7167627513,-3.0250162719614337,-30250.162719614334,0.0,61.66225241388991,61,35.10203354433213,False,PPO
2024-07-22,1510667.4336604306,0.24597168976792602,2459.71689767926,0.0,68.25416205579312,67,74.29025809902205,False,PPO
2024-07-23,1501959.3532870691,-0.8708080373361474,-8708.080373361474,0.0,71.96909238016339,72,48.250278867518105,False,PPO
2024-07-24,1478345.957160562,-2.3613396126507085,-23613.396126507083,0.0,75.80844307988575,76,100.83696692029818,False,PPO
2024-07-25,1496405.758351103,1.8059801190540894,18059.801190540893,0.0,80.74291940736597,82,61.88074119841397,False,PPO
2024-07-26,1537712.9886182172,4.130723026711424,41307.23026711424,0.0,89.56088615570837,88,107.3402513928965,False,PPO
2024-07-29,1526922.3851620494,-1.0790603456167738,-10790.603456167737,0.0,95.67474274341889,93,269.2546495674431,False,PPO
2024-07-30,1529263.9609582194,0.23415757961699274,2341.5757961699273,0.0,101.93654939356433,98,43.32057120556378,False,PPO
2024-07-31,1539053.0054040563,0.9789044445836917,9789.044445836917,0.0,108.35222697419994,102,203.59235142627023,False,PPO
2024-08-01,1501604.5307094231,-3.744847469463316,-37448.47469463316,0.0,111.12740244661758,106,58.32743731104978,False,PPO
2024-08-02,1455983.7464654064,-4.562078424401674,-45620.784244016744,0.0,117.61009954396414,110,71.1166409052552,False,PPO
2024-08-05,1428884.7446939612,-2.7099001771445153,-27099.00177144515,0.0,126.1742987021113,117,109.48126734293382,False,PPO
2024-08-06,1456985.1780106332,2.810043331667199,28100.433316671988,0.0,139.69999553180378,126,55.33919406621539,False,PPO
2024-08-07,1450748.2408057996,-0.6236937204833608,-6236.937204833608,0.0,146.50379850459396,132,32.29052887604965,False,PPO
2024-08-08,1484323.8366168549,3.3575595811055274,33575.595811055275,0.0,153.30359701957704,138,56.64674570276469,False,PPO
2024-08-09,1494838.2664010348,1.05144297841799,10514.4297841799,0.0,157.74232777916075,142,19.88634689113228,False,PPO
2024-08-12,1486912.2223021362,-0.7926044098898536,-7926.044098898536,0.0,164.19341001009565,146,11.525508266306316,False,PPO
2024-08-13,1498773.4071185188,1.1861184816382593,11861.184816382593,0.0,168.60149576729242,150,27.241765066327577,False,PPO
2024-08-14,1504995.5111173613,0.6222103998842416,6222.103998842416,0.0,176.45430997614068,156,23.91533491516006,False,PPO
2024-08-15,1534593.614336784,2.9598103219422747,29598.103219422745,0.0,182.97151448977783,160,8.339510362946495,False,PPO
2024-08-16,1534992.0852399804,0.039847090319637214,398.47090319637215,0.0,185.73836670716474,164,86.25585919615486,False,PPO
2024-08-19,1542860.1804303448,0.7868095190364403,7868.095190364402,0.0,188.53844364320358,168,11.902098236052572,False,PPO
2024-08-20,1539996.8620600284,-0.28633183703164106,-2863.3183703164104,0.0,191.35263404323626,173,23.66637293885694,False,PPO
2024-08-21,1532215.818921951,-0.778104313807725,-7781.04313807725,0.0,194.1785345770037,177,17.967495962534166,False,PPO
2024-08-22,1531342.8730517775,-0.08729458701736294,-872.9458701736294,0.0,197.02272432112176,181,15.767614298489464,False,PPO
2024-08-23,1552759.7271105724,2.141685405879491,21416.85405879491,0.0,199.85390272155507,185,10.699257458898572,False,PPO
2024-08-26,1564462.7016480719,1.1702974537499482,11702.974537499482,0.0,202.71570598475057,192,18.84433346360573,False,PPO
2024-08-27,1565085.0227930928,0.062232114502089105,622.321145020891,0.0,205.59746630800095,197,11.220256717759266,False,PPO
2024-08-28,1560323.9925777803,-0.4761030215312494,-4761.030215312494,0.0,208.47178555462156,201,12.97489238625706,False,PPO
2024-08-29,1573745.204171368,1.342121159358765,13421.211593587648,0.0,212.1514848532016,205,11.151239828429055,False,PPO
2024-08-30,1585591.3487204178,1.1846144549049904,11846.144549049903,0.0,215.02492255053332,209,24.57460551102332,False,PPO
2024-09-03,1543473.775667385,-4.211757305303286,-42117.57305303286,0.0,217.925646593405,213,21.530582469042567,False,PPO
2024-09-04,1530607.607033747,-1.286616863363795,-12866.16863363795,0.0,220.82496380808982,217,58.32591887707034,False,PPO
2024-09-05,1521306.579231401,-0.9301027802346041,-9301.027802346041,0.0,223.68615126275884,221,26.436209489646767,False,PPO
2024-09-06,1496787.94492766,-2.4518634303740927,-24518.634303740924,0.0,228.34686035953803,225,24.72494631685621,False,PPO
2024-09-09,1520788.8953064336,2.40009503787735,24000.950378773498,0.0,232.98073761304,229,24.177208767600035,False,PPO
2024-09-10,1516918.9600767777,-0.3869935229655821,-3869.935229655821,0.0,237.6749460041399,233,32.60574868329152,False,PPO
2024-09-11,1531085.2910564248,1.4166330979647115,14166.330979647115,0.0,242.41682181150446,237,64.96920724697999,False,PPO
2024-09-12,1544725.2994340784,1.3640008377653547,13640.008377653547,0.0,247.15836406897978,241,43.59296639897281,False,PPO
2024-09-13,1566076.9835391794,2.1351684105101043,21351.68410510104,0.0,251.93583759978534,245,6.123894069860578,False,PPO
2024-09-16,1579160.8266218188,1.308384308263939,13083.84308263939,0.0,259.04751859300825,249,20.09840429063749,False,PPO
2024-09-17,1596124.0167847695,1.696319016295066,16963.19016295066,0.0,266.1962573820547,253,24.533457278323947,False,PPO
2024-09-18,1592572.0019791126,-0.3552014805656858,-3552.014805656858,0.0,273.25510841106075,257,23.329514257988407,False,PPO
2024-09-19,1641377.8689400097,4.880586696089711,48805.86696089711,0.0,280.2790000364527,261,14.57067061491714,False,PPO
2024-09-20,1635794.1366234168,-0.5583732316592941,-5583.732316592941,0.0,286.56222919987766,265,56.02775590031918,False,PPO
2024-09-23,1638634.1193665573,0.2839982743140543,2839.9827431405424,0.0,291.79517730898306,270,26.763941952914664,False,PPO
2024-09-24,1668532.877827451,2.9898758460893764,29898.75846089376,0.0,296.2758851151835,273,16.736622461222332,False,PPO
2024-09-25,1650684.301327342,-1.7848576500109166,-17848.576500109164,0.0,301.7093741498185,278,92.86466144116775,False,PPO
2024-09-26,1681745.1955070496,3.1060894179707628,31060.894179707626,0.0,306.8929753189902,283,33.45537636401734,False,PPO
2024-09-27,1685768.383951959,0.4023188444909407,4023.188444909407,0.0,312.2133345253121,288,27.764702567915513,False,PPO
2024-09-30,1687035.7501665982,0.12673662146392745,1267.3662146392744,0.0,317.7901788526342,292,16.149101607954886,False,PPO
2024-10-01,1684822.3052155091,-0.2213444951089099,-2213.444951089099,0.0,324.5351191558049,297,15.885637277981758,False,PPO
2024-10-02,1686728.391708396,0.19060864928867668,1906.0864928867668,0.0,327.695714611836,301,29.38156172674601,False,PPO
2024-10-03,1675033.3932981156,-1.1694998410280328,-11694.998410280328,0.0,333.09873001763367,305,26.29499833300518,False,PPO
2024-10-07,1693640.9506934793,-0.49334377033063215,-4933.437703306321,0.0,14.702027110258747,16,21.136186167227955,False,PPO
2024-10-08,1667039.363911678,-2.660158678180119,-26601.58678180119,0.0,27.045437573882417,23,36.90072501377408,False,PPO
2024-10-09,1690409.1111843912,2.3369747272713113,23369.747272713113,0.0,39.19070277552906,31,27.297480124382528,False,PPO
2024-10-10,1688215.62076004,-0.21934904243513012,-2193.490424351301,0.0,54.81886822795001,39,33.68207666136477,False,PPO
2024-10-11,1709895.9962490718,2.1680375489031896,21680.375489031896,0.0,70.19429567424602,46,11.501849404439024,False,PPO
2024-10-14,1695458.9315522641,-1.4437064696807649,-14437.064696807649,0.0,87.8374190991781,53,24.594128763422777,False,PPO
2024-10-15,1685015.8318325125,-1.0443099719751627,-10443.099719751626,0.0,103.15769667552766,62,20.29168000796408,False,PPO
2024-10-16,1703719.1979476842,1.8703366115171696,18703.366115171695,0.0,119.71495565139887,69,79.39395202523588,False,PPO
2024-10-17,1711743.276453116,0.8024078505431768,8024.078505431768,0.0,134.73655490299743,76,45.79271506899515,False,PPO
2024-10-18,1698459.8301929373,-1.3283446260178695,-13283.446260178695,0.0,150.21790384871593,83,66.23865231822454,False,PPO
2024-10-21,1683691.0736606796,-1.4768756532257656,-14768.756532257656,0.0,165.70389864697688,90,18.53011037280465,False,PPO
2024-10-22,1681320.3884886487,-0.23706851720309352,-2370.685172030935,0.0,178.6610193339332,97,25.49953514970866,False,PPO
2024-10-23,1671103.7587636441,-1.0216629725004547,-10216.629725004546,0.0,192.454609615604,105,67.9861341064208,False,PPO
2024-10-24,1669831.2072778288,-0.12725514858153184,-1272.5514858153183,0.0,200.78947990222628,112,89.78473936771763,False,PPO
2024-10-25,1662866.355416927,-0.6964851860901807,-6964.851860901807,0.0,209.38682807777718,118,94.83404988326544,False,PPO
2024-10-28,1681773.2868928206,1.8906931475893596,18906.931475893594,0.0,217.26641180934703,124,25.495083415257525,False,PPO
2024-10-29,1674716.7857640774,-0.705650112874317,-7056.50112874317,0.0,230.5788497029741,130,27.632920974427737,False,PPO
2024-10-30,1662361.1228088115,-1.2355662955265958,-12355.662955265958,0.0,243.08854153555188,136,20.435575907109005,False,PPO
2024-10-31,1638809.5293565225,-2.3551593452289,-23551.593452289002,0.0,255.88243997664284,142,35.91587390436824,False,PPO
2024-11-01,1655317.3459534124,1.6507816596889868,16507.81659688987,0.0,268.32747168793736,148,80.1765193424041,False,PPO
2024-11-04,1641748.73532527,-1.3568610628142255,-13568.610628142254,0.0,280.1544312807563,155,44.89990632189016,False,PPO
2024-11-05,1667967.6775396992,2.621894221442915,26218.942214429146,0.0,290.47146030710365,160,40.084975082859856,False,PPO
2024-11-06,1777005.6742104017,10.903799667070247,109037.99667070247,0.0,300.80397210193604,165,18.77592428587202,False,PPO
2024-11-07,1748724.4223181577,-2.828125189224398,-28281.251892243978,0.0,321.96792620777563,171,281.7223773569988,False,PPO
2024-11-08,1717357.00193883,-3.1367420379327844,-31367.420379327843,0.0,333.58813561757194,175,37.195566782236526,False,PPO
2024-11-11,1729399.1994301863,1.2042197491356406,12042.197491356404,0.0,340.2831047685138,180,43.22532446822175,False,PPO
2024-11-12,1716207.822681326,-1.3191376748860348,-13191.376748860348,0.0,354.1659487324325,186,41.33672818164978,False,PPO
2024-11-13,1707458.133783574,-0.874968889775197,-8749.68889775197,0.0,359.9393972302747,190,67.51364830618634,False,PPO
2024-11-14,1707734.9578041644,0.027682402059040035,276.8240205904003,0.0,362.2083092295664,194,32.3482885961526,False,PPO
2024-11-15,1689511.9912034194,-1.8222966600744985,-18222.966600744985,0.0,364.20594313948595,197,46.49293548879699,False,PPO
2024-11-18,1689177.240178816,-0.0334751024603378,-334.751024603378,0.0,366.00451787661177,200,81.63534025930261,False,PPO
2024-11-19,1685118.8542229624,-0.40583859558536206,-4058.3859558536205,0.0,366.4565387865522,204,19.24608045039828,False,PPO
2024-11-20,1684987.1621639482,-0.013169205901422539,-131.69205901422538,0.0,367.517389029211,206,26.152565806326702,False,PPO
2024-11-21,1708205.6884345936,2.321852627064544,23218.52627064544,0.0,368.5855785705209,208,30.648702326531,False,PPO
2024-11-22,1739555.9823032334,3.135029386863974,31350.29386863974,0.0,369.55183927913316,210,38.14306032859644,False,PPO
2024-11-25,1767154.2723410623,2.7598290037828965,27598.290037828963,0.0,370.28474875016565,212,41.881005048229014,False,PPO
2024-11-26,1781263.9117076886,1.4109639366626274,14109.639366626274,0.0,370.9204289175921,214,38.6705678070598,False,PPO
2024-11-27,1766918.4033918905,-1.4345508315798128,-14345.508315798126,0.0,371.67406019798744,216,38.87722792081448,False,PPO
2024-11-29,1774252.837669829,0.7334434277938446,7334.434277938446,0.0,372.4278613275206,218,13.422248432553303,False,PPO
2024-12-02,1767009.6054293015,-0.7243232240527403,-7243.232240527403,0.0,373.1809830605024,221,6.2427292854642005,False,PPO
2024-12-03,1759627.7333520176,-0.7381872077283915,-7381.872077283915,0.0,373.923556157166,223,15.403765716159093,False,PPO
2024-12-04,1765460.0887499244,0.5832355397906853,5832.355397906853,0.0,374.75105791795283,225,27.423011887482552,False,PPO
2024-12-05,1757259.813007874,-0.8200275742050493,-8200.275742050493,0.0,375.70877829472744,227,57.50243306540289,False,PPO
2024-12-06,1765749.8476612708,0.8490034653396812,8490.034653396811,0.0,376.04119567981286,229,39.095580493190646,False,PPO
2024-12-09,1763235.0915006138,-0.2514756160656922,-2514.7561606569216,0.0,376.37220682089685,231,38.39032018727059,False,PPO
2024-12-10,1745567.399142164,-1.76676923584498,-17667.6923584498,0.0,376.7031398720354,233,52.950113487538616,False,PPO
2024-12-11,1750995.294729762,0.5427895587597974,5427.895587597974,0.0,377.9263947248807,235,39.38183720043356,False,PPO
2024-12-12,1730812.0550341783,-2.0183239695583706,-20183.239695583703,0.0,378.5351216833313,237,26.02238766677363,False,PPO
2024-12-13,1731383.2245084855,0.05711694743072149,571.1694743072148,0.0,379.3163257236502,241,33.99742065677644,False,PPO
2024-12-16,1732564.0505293843,0.11808260208987631,1180.826020898763,0.0,380.1695715102933,243,14.063638127608666,False,PPO
2024-12-17,1723012.9493353316,-0.9551101194052725,-9551.101194052724,0.0,380.9978688900821,245,47.816704932631325,False,PPO
2024-12-18,1662152.7014222536,-6.0860247913077945,-60860.24791307794,0.0,381.39523855220654,247,25.12844128079849,False,PPO
2024-12-19,1663972.0533232363,0.18193519009826706,1819.3519009826705,0.0,382.1200348239711,249,39.55924343382152,False,PPO
2024-12-20,1686588.8384075193,2.261678508428298,22616.78508428298,0.0,382.9422418689537,251,27.955642023618218,False,PPO
2024-12-23,1685028.6012777914,-0.15602371297278442,-1560.2371297278441,0.0,383.7636259283376,253,14.9911709959256,False,PPO
2024-12-24,1701257.3370631055,1.6228735785314115,16228.735785314113,0.0,384.585211833504,255,12.752392329872382,False,PPO
2024-12-26,1699872.6626020411,-0.13846744610643946,-1384.6744610643946,0.0,385.3930154760423,257,9.213049151972104,False,PPO
2024-12-27,1684855.7549256189,-1.501690767642227,-15016.90767642227,0.0,386.7879202265578,260,5.761818480429648,False,PPO
2024-12-30,1670130.693586865,-1.4725061338753906,-14725.061338753905,0.0,388.3199678591414,262,4.992948809014578,False,PPO
2024-12-31,1667017.1336004427,-0.3113559986422304,-3113.559986422304,0.0,389.8397344004662,264,8.183240497334095,False,PPO
2025-01-02,1662224.4810236895,-0.47926525767531714,-4792.652576753171,0.0,391.37446845106746,266,5.3770273493786895,False,PPO
2025-01-03,1682945.0065810038,2.0720525557314278,20720.525557314275,0.0,392.9176453681351,268,19.26171297586661,False,PPO
2025-01-07,1679417.9699801349,-0.5720385345402174,-5720.385345402174,0.0,54.8595120217739,7,24.121602661968772,False,PPO
2025-01-08,1677217.060387982,-0.2200909592152806,-2200.909592152806,0.0,94.38284556309627,13,24.263409562709455,False,PPO
2025-01-10,1635676.1039970124,-4.154095639096969,-41540.95639096969,0.0,113.07875595824314,18,30.95714447113817,False,PPO
2025-01-13,1665507.6961976532,2.983159220064082,29831.592200640822,0.0,134.72884396197335,23,51.41893477739923,False,PPO
2025-01-14,1689204.24718875,2.3696550991096768,23696.550991096767,0.0,158.18508822065345,29,36.71768872390135,False,PPO
2025-01-15,1722091.8232817994,3.2887576093049486,32887.57609304949,0.0,177.31040111601135,34,15.608974988977398,False,PPO
2025-01-16,1732567.7566102766,1.04759333284772,10475.9333284772,0.0,196.868522974732,39,42.98846224177366,False,PPO
2025-01-17,1751115.6735347402,1.8547916924463586,18547.916924463585,0.0,216.42794034811038,46,51.376573739607835,False,PPO
2025-01-21,1790534.8594339474,3.941918589920714,39419.185899207136,0.0,239.76222008048055,50,21.664961185245023,False,PPO
2025-01-22,1805573.8825161872,1.5039023082239786,15039.023082239786,0.0,271.1856659560573,55,48.00602471182971,False,PPO
2025-01-23,1830046.8060094216,2.447292349323444,24472.923493234437,0.0,307.00040570109593,62,58.56534289988798,False,PPO
2025-01-24,1823212.414521132,-0.6834391488289694,-6834.391488289693,0.0,344.6062403958683,66,19.35101940540648,False,PPO
2025-01-27,1791561.0087085208,-3.165140581261111,-31651.40581261111,0.0,382.3119420484655,70,14.915291065981416,False,PPO
2025-01-28,1791570.8556634076,0.0009846954886801541,9.84695488680154,0.0,424.61014163658325,76,163.37033931269616,False,PPO
2025-01-29,1793114.335040699,0.15434793772913982,1543.4793772913981,0.0,466.5888080352281,82,46.20305850953256,False,PPO
2025-01-30,1778715.6851302083,-1.4398649910490728,-14398.649910490727,0.0,508.7256933155719,89,15.803611081570512,False,PPO
2025-01-31,1767991.1235424406,-1.0724561587767676,-10724.561587767676,0.0,546.6002084597852,95,287.0495163888387,False,PPO
2025-02-03,1751983.3541190503,-1.6007769423390275,-16007.769423390273,0.0,580.361341278759,100,37.95671274995363,False,PPO
2025-02-04,1758194.7556071822,0.6211401488131844,6211.4014881318435,0.0,616.4933934298788,105,29.454603678434204,False,PPO
2025-02-05,1760877.7090113345,0.26829534041523,2682.9534041522998,0.0,652.503650777729,109,97.91294144847195,False,PPO
2025-02-06,1762989.9690642105,0.21122600528760815,2112.2600528760813,0.0,686.3905120146417,112,57.91840385373545,False,PPO
2025-02-07,1746952.9541641946,-1.60370149000159,-16037.0149000159,0.0,722.8917671261474,117,97.65768728172624,False,PPO
2025-02-10,1736783.1627073747,-1.0169791456819979,-10169.791456819978,0.0,759.0278422672292,122,22.855325201550695,False,PPO
2025-02-11,1740309.5683339194,0.3526405626544729,3526.405626544729,0.0,797.5133231066537,126,49.80950445673643,False,PPO
2025-02-12,1719230.3720737956,-2.1079196260123747,-21079.196260123746,0.0,835.89944189712,130,58.67932391596635,False,PPO
2025-02-13,1729954.6549305413,1.0724282856745646,10724.282856745645,0.0,873.267922100651,135,28.10416004213912,False,PPO
2025-02-14,1738177.8093123941,0.8223154381852831,8223.15438185283,0.0,910.8208652095961,139,14.044260305226144,False,PPO
2025-02-18,1745064.76792681,0.6886958614415956,6886.958614415955,0.0,948.3004404824727,143,42.28752425022268,False,PPO
2025-02-19,1743752.8814308643,-0.13118864959457424,-1311.8864959457424,0.0,983.5700850733693,148,42.77756053119909,False,PPO
2025-02-20,1728944.354952905,-1.480852647795924,-14808.52647795924,0.0,1018.767351197451,155,34.18380657556831,False,PPO
2025-02-21,1689958.0241090811,-3.8986330843823964,-38986.33084382396,0.0,1055.530754033615,161,73.2876375254699,False,PPO
2025-02-24,1685157.2504173054,-0.4800773691775743,-4800.773691775743,0.0,1092.995991757124,169,49.17340323316469,False,PPO
2025-02-25,1675432.1101512033,-0.972514026610204,-9725.14026610204,0.0,1130.0210886818913,175,39.12293914895625,False,PPO
2025-02-26,1682462.0239858977,0.7029913834694308,7029.913834694307,0.0,1164.5635984385326,181,42.540791916024034,False,PPO
2025-02-27,1662835.3744769657,-1.9626649508931908,-19626.649508931907,0.0,1199.1850149918268,187,27.959254899587833,False,PPO
2025-02-28,1687894.7430648655,2.505936858789972,25059.36858789972,0.0,1233.2054248429667,198,29.848066253347305,False,PPO
2025-03-03,1651367.0720440918,-3.652767102077371,-36527.671020773705,0.0,1269.888264514863,204,22.583678445950454,False,PPO
2025-03-04,1621060.5224310374,-3.0306549613054377,-30306.549613054376,0.0,1305.86110148381,212,26.70918337614048,False,PPO
2025-03-05,1637428.0524761453,1.6367530045107939,16367.530045107938,0.0,1336.6574187804283,219,66.78100814244291,False,PPO
2025-03-06,1609414.3730798585,-2.801367939628684,-28013.67939628684,0.0,1368.4341426811275,226,21.849175159460252,False,PPO
2025-03-07,1625878.83004071,1.6464456960851561,16464.45696085156,0.0,1402.777886328109,234,45.79080580179416,False,PPO
2025-03-10,1578722.5220520413,-4.715630798866879,-47156.30798866879,0.0,1438.3904270081769,241,62.779344788903416,False,PPO
2025-03-11,1553121.2426415272,-2.560127941051405,-25601.279410514046,0.0,1459.5229970961498,246,51.403045791399,False,PPO
2025-03-12,1573426.219282324,2.0304976640796757,20304.976640796755,0.0,1477.438908951717,254,73.05911205905467,False,PPO
2025-03-13,1552791.3979398424,-2.0634821342481535,-20634.821342481533,0.0,1502.137860222347,258,31.13584142530631,False,PPO
2025-03-14,1593725.9164947823,4.093451855493989,40934.51855493989,0.0,1525.2222649637727,260,37.151664350918125,False,PPO
2025-03-17,1597214.0025001885,0.3488086005406221,3488.086005406221,0.0,1543.562423420776,263,14.177209414365194,False,PPO
2025-03-18,1575168.9592491044,-2.2045043251084167,-22045.043251084164,0.0,1573.4211025663647,268,18.09471290180769,False,PPO
2025-03-19,1606327.8022882743,3.115884303916991,31158.843039169908,0.0,1598.2114998640636,272,22.045779006105015,False,PPO
2025-03-20,1595405.919704204,-1.0921882584070322,-10921.882584070321,0.0,1621.8354707272813,276,32.01225638806212,False,PPO
2025-03-21,1596913.6183885527,0.15076986843487247,1507.6986843487246,0.0,1645.2623065770458,280,18.332979671477005,False,PPO
2025-03-24,1627720.5373342826,3.080691894572997,30806.918945729965,0.0,1676.3402853481302,286,25.842454800047857,False,PPO
2025-03-25,1633011.820592653,0.5291283258370357,5291.283258370357,0.0,1706.1245467574875,291,21.56752096415205,False,PPO
2025-03-26,1612841.1180354387,-2.01707025572143,-20170.7025572143,0.0,1735.9890451865056,296,29.39476542398248,False,PPO
2025-03-27,1595423.4764950504,-1.7417641540388344,-17417.641540388344,0.0,1765.7254373727953,301,21.189230655685087,False,PPO
2025-03-28,1563388.7094941498,-3.203476700090058,-32034.76700090058,0.0,1797.1171026833472,307,19.890250132253367,False,PPO
2025-03-31,1574683.7221650162,1.1295012670866447,11295.012670866447,0.0,1822.5253934218536,312,19.058061814326965,False,PPO
2025-04-01,1585918.704841939,1.123498267692281,11234.982676922808,0.0,1847.9467688289635,315,18.437205180641385,False,PPO
2025-04-02,1596246.168432751,1.0327463590811938,10327.463590811938,0.0,1867.2364624031309,318,110.78300283840824,False,PPO
2025-04-03,1504373.744775628,-9.1872423657123,-91872.423657123,0.0,1868.0192767608019,321,16.802725403879275,False,PPO
2025-04-04,1420720.96495825,-8.365277981737792,-83652.77981737792,0.0,1868.5256717484963,323,219.6824126105259,False,PPO
2025-04-07,1422288.4368648997,0.15674719066496473,1567.4719066496473,0.0,1869.652939351778,326,223.6417130279808,False,PPO
2025-04-09,1557029.8180908246,15.303926885396756,153039.26885396754,0.0,19.340616302785214,6,46.719993752271584,False,PPO
2025-04-10,1494829.923595887,-6.219989449493774,-62199.89449493773,0.0,47.72435916752026,12,175.20379847235785,False,PPO
2025-04-11,1525655.3614725107,3.0825437876623822,30825.437876623822,0.0,75.48683152626818,20,85.56752411541706,False,PPO
2025-04-14,1539862.1214446812,1.4206759972170462,14206.759972170461,0.0,106.95171731122736,27,37.30242955994339,False,PPO
2025-04-15,1546281.848717627,0.6419727272945922,6419.727272945922,0.0,141.30882319361896,33,26.743878664827236,False,PPO
2025-04-16,1505042.0985567279,-4.123975016089925,-41239.750160899246,0.0,169.22152251453392,40,11.12604238691521,False,PPO
2025-04-17,1495318.6068402445,-0.9723491716483376,-9723.491716483375,0.0,197.8007968982222,47,32.23275745067088,False,PPO
2025-04-21,1454436.396934758,-4.088220990548655,-40882.209905486554,0.0,222.5534855379218,54,227.80560901991967,False,PPO
2025-04-22,1496199.6512163188,4.1763254281560895,41763.25428156089,0.0,251.47089330299968,60,30.80081877684135,False,PPO
2025-04-23,1532267.5616449232,3.6067910428604346,36067.910428604344,0.0,278.1074416407844,66,26.687698617951007,False,PPO
2025-04-24,1555740.4393760324,2.3472877731109274,23472.877731109274,0.0,306.4793244581822,72,21.231780347181193,False,PPO
2025-04-25,1564862.5643285215,0.9122124952489045,9122.124952489045,0.0,330.4270202578245,79,68.93075197581545,False,PPO
2025-04-28,1564509.2745338972,-0.03532897946243174,-353.2897946243174,0.0,354.5791333684262,85,21.44435669023043,False,PPO
2025-04-29,1575968.9961285647,1.145972159466753,11459.721594667528,0.0,379.20579379525094,92,7.236268412131884,False,PPO
2025-04-30,1578041.9910651478,0.20729949365830982,2072.994936583098,0.0,405.3819415289378,98,50.79923480752196,False,PPO
2025-05-01,1620144.0822030324,4.210209113788466,42102.09113788466,0.0,431.8082314383252,104,21.230018117873925,False,PPO
2025-05-02,1660192.3786074216,4.00482964043892,40048.29640438919,0.0,457.88929060338796,114,74.06803243244819,False,PPO
2025-05-05,1663294.6445957085,0.31022659882868175,3102.2659882868174,0.0,480.2759744210925,120,37.08696079100086,False,PPO
2025-05-06,1652835.834734942,-1.04588098607664,-10458.8098607664,0.0,505.7049293723921,126,22.38146326168112,False,PPO
2025-05-07,1663568.99162257,1.0733156887627906,10733.156887627905,0.0,532.5999259065572,136,24.639032571949336,False,PPO
2025-05-08,1686895.4099732265,2.332641835065652,23326.418350656517,0.0,559.9903493836001,143,92.22659141204062,False,PPO
2025-05-09,1686553.3339060612,-0.034207606716523876,-342.0760671652387,0.0,583.8678423338292,149,16.45682172978958,False,PPO
2025-05-12,1748862.8703949638,6.230953648890252,62309.53648890252,0.0,606.284967225909,155,10.917541380772349,False,PPO
2025-05-13,1765828.803316066,1.6965932921102271,16965.93292110227,0.0,622.0413291663626,161,71.18653942423254,False,PPO
2025-05-14,1771685.6103697119,0.585680705364584,5856.80705364584,0.0,638.0218584691067,165,101.37999272958383,False,PPO
2025-05-15,1777840.7159221596,0.6155105552447727,6155.105552447727,0.0,662.8256588228445,171,20.77466357849083,False,PPO
2025-05-16,1782707.52020154,0.48668042793804783,4866.804279380478,0.0,689.4241796779336,177,79.95966516388066,False,PPO
2025-05-19,1789911.218611713,0.7203698410172947,7203.698410172947,0.0,711.7228218279513,180,17.074736630695554,False,PPO
2025-05-20,1780862.8502076091,-0.9048368404103909,-9048.368404103909,0.0,737.7384660200937,185,19.006037878773437,False,PPO
2025-05-21,1744855.0488212518,-3.6007801386357285,-36007.801386357285,0.0,765.7960817267541,189,7.543087697759034,False,PPO
2025-05-22,1751486.6855482818,0.6631636727029924,6631.636727029923,0.0,797.9193311876451,195,17.76749413987093,False,PPO
2025-05-23,1739347.12403101,-1.213956151727168,-12139.561517271679,0.0,809.8510390249593,198,7.7732842290329724,False,PPO
2025-05-27,1781774.0368910693,4.242691286005918,42426.91286005918,0.0,810.7161058858885,200,13.361508772353083,False,PPO
2025-05-28,1774294.0639134038,-0.7479972977665487,-7479.972977665487,0.0,812.0270639410281,202,15.382671619212465,False,PPO
2025-05-29,1789579.8947212878,1.528583080788399,15285.830807883991,0.0,813.3265446166317,204,6.839183142749408,False,PPO
2025-05-30,1784435.6886729873,-0.514420604830049,-5144.20604830049,0.0,814.6322350369911,206,16.251447751967113,False,PPO
2025-06-02,1790501.8028260807,0.6066114153093426,6066.114153093426,0.0,815.9490664067437,208,7.44821240140948,False,PPO
2025-06-03,1800705.8674841616,1.0204064658080927,10204.064658080926,0.0,817.2640713725455,210,13.30505791963878,False,PPO
2025-06-04,1798383.1777352043,-0.23226897489572876,-2322.6897489572875,0.0,818.068782635009,213,8.987395845046077,False,PPO
2025-06-05,1796486.237798388,-0.18969399368162268,-1896.9399368162267,0.0,818.8765221555418,217,12.00039722183814,False,PPO
2025-06-06,1820062.517691045,2.3576279892656955,23576.279892656952,0.0,820.1716191207986,219,17.0586609652253,False,PPO
2025-06-09,1821824.8709513305,0.17623532602854539,1762.3532602854539,0.0,821.0212015190131,221,17.88716981134734,False,PPO
2025-06-10,1817872.2086446746,-0.3952662306655897,-3952.662306655897,0.0,821.8756043702963,224,20.763928811023987,False,PPO
2025-06-11,1815461.3463096947,-0.2410862334979931,-2410.862334979931,0.0,822.7369119613245,226,27.39261962127834,False,PPO
2025-06-12,1824665.3599580298,0.9204013648335124,9204.013648335123,0.0,823.5948863425124,228,30.456071437006933,False,PPO
2025-06-13,1788121.2574668475,-3.6544102491182278,-36544.102491182275,0.0,824.4548843881521,232,25.00573235315646,False,PPO
2025-06-16,1813371.706109961,2.5250448643113486,25250.448643113483,0.0,828.0755264488099,235,48.25381145855333,False,PPO
2025-06-17,1803365.2398436344,-1.0006466266326606,-10006.466266326604,0.0,830.5368987805288,238,14.326070268803036,False,PPO
2025-06-18,1814393.903546743,1.1028663703108672,11028.663703108672,0.0,833.6482828587035,240,18.72959517497475,False,PPO
2025-06-20,1813854.1902301847,-0.05397133165583946,-539.7133165583946,0.0,834.6894150024428,244,48.43175192448019,False,PPO
2025-06-23,1831129.1339064217,1.7274943676237018,17274.943676237017,0.0,836.0120754414021,247,13.792782069399507,False,PPO
2025-06-24,1861987.6747716758,3.0858540865254125,30858.540865254123,0.0,836.3789734939752,249,55.873960985019174,False,PPO
2025-06-25,1871856.6277532051,0.9868952981529292,9868.952981529292,0.0,836.4615572533085,251,24.548920156132027,False,PPO
2025-06-26,1887294.8138277899,1.5438186074584723,15438.186074584723,0.0,836.4615572533085,251,18.71385514637764,False,PPO
2025-06-27,1906422.947494459,1.9128133666669251,19128.13366666925,0.0,836.4615572533085,251,15.55229986800074,False,PPO
2025-06-30,1910963.3784429275,0.4540430948468391,4540.430948468391,0.0,837.4216325895677,254,86.30811339256124,False,PPO
2025-07-01,1908977.7503182497,-0.1985628124677809,-1985.628124677809,0.0,838.1802113520469,256,23.22712852072159,False,PPO
2025-07-02,1919900.7028319477,1.0922952513698023,10922.952513698023,0.0,839.2197566685549,258,32.91043675496893,False,PPO
2025-07-03,1940969.0289058164,2.106832607386867,21068.326073868666,0.0,839.9369976837747,260,32.474066765842046,False,PPO
2025-07-07,1925281.0109350032,-1.5688017970813206,-15688.017970813205,0.0,840.9719012311507,262,13.518791145274276,False,PPO
2025-07-08,1909833.6127075762,-1.5447398227426923,-15447.398227426922,0.0,841.7692830493567,264,9.572136225666997,False,PPO
2025-07-09,1924891.644677095,1.5058031969518868,15058.031969518866,0.0,841.9502788774514,266,36.84980641082131,False,PPO
2025-07-11,1932480.6280300256,-1.074526599636418,-10745.265996364178,0.0,39.33756450476178,7,25.062469778417537,False,PPO
2025-07-14,1930866.5908543607,-0.1614037175664911,-1614.037175664911,0.0,75.98025876550749,15,15.546804192612871,False,PPO
2025-07-15,1919000.7062955634,-1.1865884558797348,-11865.884558797348,0.0,110.13712584901029,20,20.993456832157403,False,PPO
2025-07-16,1926040.4250651728,0.7039718769609463,7039.7187696094625,0.0,142.56851793897545,28,22.501610733605258,False,PPO
2025-07-17,1948057.8629032774,2.2017437838104557,22017.437838104557,0.0,179.31546646819285,34,63.63180577639162,False,PPO
2025-07-18,1931471.4759966687,-1.6586386906608708,-16586.386906608706,0.0,212.199667776769,40,31.695929157389056,False,PPO
2025-07-21,1919639.1951728612,-1.1832280823807466,-11832.280823807465,0.0,244.59648775461608,46,29.601552356981628,False,PPO
2025-07-22,1915762.052609639,-0.3877142563222209,-3877.142563222209,0.0,276.6907128234902,54,27.53478088843128,False,PPO
2025-07-23,1931230.6716104131,1.546861900077411,15468.61900077411,0.0,308.7205518750248,63,25.500243020018136,False,PPO
2025-07-24,1939984.2364792486,0.87535648688355,8753.5648688355,0.0,342.5537531510382,69,16.183173765294423,False,PPO
2025-07-25,1948301.818936807,0.8317582457558486,8317.582457558485,0.0,373.7897646487498,74,79.33616370653021,False,PPO
2025-07-28,1944933.8997244292,-0.33679192123778634,-3367.9192123778635,0.0,407.48988438518927,80,9.414305077454069,False,PPO
2025-07-29,1940464.9432648579,-0.4468956459571375,-4468.956459571375,0.0,440.4780471556918,88,22.40553650931446,False,PPO
2025-07-30,1930584.1760763612,-0.9880767188496655,-9880.767188496655,0.0,472.6283827100839,95,32.39546426754695,False,PPO
2025-07-31,1940619.3741324754,1.0035198056114139,10035.198056114137,0.0,504.64425836572417,101,23.936344955088156,False,PPO
2025-08-01,1910522.260696543,-3.0097113435932434,-30097.11343593243,0.0,537.2172577130524,106,51.08476570468615,False,PPO
2025-08-04,1944691.2052319087,3.4168944535365795,34168.944535365794,0.0,575.2330582511271,112,73.55574951200633,False,PPO
2025-08-05,1932446.229582216,-1.2244975649692817,-12244.975649692817,0.0,613.8349672682258,119,23.706208257896627,False,PPO
2025-08-06,1937262.7153018618,0.48164857196458616,4816.4857196458615,0.0,651.0407481183485,125,30.930315689888825,False,PPO
2025-08-07,1933392.1474996556,-0.38705678022061474,-3870.567802206147,0.0,687.8910325985696,131,79.5283778699318,False,PPO
2025-08-08,1942079.2346036388,0.8687087103983155,8687.087103983155,0.0,724.6748258700196,138,44.92402528351943,False,PPO
2025-08-11,1939427.7018359548,-0.2651532767683966,-2651.532767683966,0.0,767.5650046391427,146,33.16293631432844,False,PPO
2025-08-12,1959778.559030375,2.0350857194420184,20350.857194420183,0.0,810.4836131725442,153,21.866011301947083,False,PPO
2025-08-13,1963586.9818086796,0.38084227783046665,3808.4227783046663,0.0,851.6321399432402,160,24.387393308184404,False,PPO
2025-08-14,1966263.2268538547,0.26762450451750774,2676.2450451750774,0.0,890.5409235929194,164,40.74157702455513,False,PPO
2025-08-15,1955570.294842423,-1.0692932011431782,-10692.932011431782,0.0,923.858889046689,168,26.097109400809845,False,PPO
2025-08-18,1956758.020981828,0.11877261394050438,1187.7261394050438,0.0,963.2276009908974,173,73.79918901664226,False,PPO
2025-08-19,1946987.7675585016,-0.9770253423326416,-9770.253423326416,0.0,996.4412216111209,177,16.845619968210116,False,PPO
2025-08-20,1955379.3530090665,0.8391585450564977,8391.585450564977,0.0,1035.784291639164,182,22.083689004020588,False,PPO
2025-08-21,1953290.8394376724,-0.2088513571394142,-2088.5135713941418,0.0,1075.2597890029429,187,15.32849008543032,False,PPO
2025-08-22,1979740.1402022413,2.644930076456885,26449.30076456885,0.0,1114.677751953719,192,20.692220948322937,False,PPO
2025-08-25,1964644.7627375526,-1.5095377464688617,-15095.377464688616,0.0,1151.1565039484242,197,25.76324870681077,False,PPO
2025-08-26,1969545.7040919564,0.49009413544037383,4900.941354403738,0.0,1187.2691583521612,203,10.4738775664426,False,PPO
2025-08-27,1979135.8527812967,0.9590148689340335,9590.148689340334,0.0,1223.6158215304552,208,12.739205414516498,False,PPO
2025-08-28,1980071.918336057,0.09360655547603965,936.0655547603964,0.0,1260.2154663190306,213,9.801853179307631,False,PPO
2025-08-29,1977098.7015121412,-0.2973216823915951,-2973.216823915951,0.0,1297.099383283137,218,9.66448117260559,False,PPO
2025-09-02,1975701.8258983272,-0.1396875613813987,-1396.875613813987,0.0,1334.2325655334728,224,22.307195497575822,False,PPO
2025-09-03,1974071.847963365,-0.16299779349621385,-1629.9779349621383,0.0,1371.3630823764775,229,22.712867414732248,False,PPO
2025-09-04,1994787.8336465394,2.071598568317434,20715.98568317434,0.0,1408.05554881782,234,33.48705441104379,False,PPO
2025-09-05,1962677.2379664031,-3.2110595680136234,-32110.595680136234,0.0,1445.4994433985491,241,42.27843172335899,False,PPO
2025-09-08,1964475.9017967707,0.17986638303676156,1798.6638303676154,0.0,1482.5145155043297,248,39.09155517627307,False,PPO
2025-09-09,1964906.9148450904,0.043101304831961174,431.0130483196117,0.0,1522.1907510462768,254,18.66162299305683,False,PPO
2025-09-10,1969443.086036599,0.4536171191508649,4536.171191508649,0.0,1559.4612714353298,259,51.272094005759726,False,PPO
2025-09-11,1994868.234676203,2.5425148639603985,25425.148639603984,0.0,1599.4511544311397,267,34.99044633393928,False,PPO
2025-09-12,1995714.3229627372,0.08460882865341847,846.0882865341847,0.0,1636.7993200144929,272,26.07432985933993,False,PPO
2025-09-15,1994025.5593549823,-0.1688763607754838,-1688.7636077548377,0.0,1674.12325582888,277,25.281906004627487,False,PPO
2025-09-16,1974766.1852831298,-1.9259374071852537,-19259.374071852537,0.0,1711.6531880950129,284,7.277344593031685,False,PPO
2025-09-17,1983896.379859314,0.9130194576184266,9130.194576184265,0.0,1741.7599952989344,290,14.51217559610716,False,PPO
2025-09-18,1999167.6130400512,1.5271233180737123,15271.233180737121,0.0,1774.1127178721633,297,31.50604357170962,False,PPO
2025-09-19,2004469.3091636144,0.5301696123563219,5301.696123563219,0.0,1806.3900210497602,302,35.90945710979476,False,PPO
2025-09-22,2004354.2842401576,-0.011502492345683277,-115.02492345683277,0.0,1838.7149730043125,308,30.99245876863585,False,PPO
2025-09-23,1994715.7734189052,-0.9638510821252363,-9638.510821252363,0.0,1870.7019519570806,316,43.096864953033275,False,PPO
2025-09-24,1992713.2072667975,-0.2002566152107669,-2002.566152107669,0.0,1902.4257946680777,321,19.094251883689395,False,PPO
2025-09-25,1983580.7190762109,-0.913248819058668,-9132.488190586679,0.0,1934.119705105782,327,14.438803042655795,False,PPO
2025-09-26,2001783.1695185942,1.82024504423833,18202.4504423833,0.0,1964.101568445802,333,33.22077115788441,False,PPO
2025-09-29,2005390.5235665669,0.3607354047972709,3607.354047972709,0.0,1994.2253092754909,339,14.879932102350011,False,PPO
2025-09-30,2016336.094240964,1.0945570674397052,10945.570674397051,0.0,2024.49213063631,345,23.753039793313494,False,PPO
2025-10-01,2006916.2955825876,-0.9419798658376327,-9419.798658376327,0.0,2056.1424830873807,353,52.106944227950294,False,PPO
2025-10-02,2014522.4441095411,0.7606148526953533,7606.148526953533,0.0,2087.7166144002877,358,76.09025960385428,False,PPO
2025-10-03,2026997.3438723106,1.2474899762769462,12474.899762769463,0.0,2123.0898044742344,363,20.682049420122244,False,PPO
2025-10-06,2023266.3565803273,-0.37309872919833287,-3730.9872919833283,0.0,2164.376154304345,369,12.494076947843508,False,PPO
2025-10-07,2022469.1861962285,-0.07971703840987757,-797.1703840987756,0.0,2205.8691176748553,376,40.65438134144287,False,PPO
2025-10-09,1995363.705188519,-2.385850979630323,-23858.50979630323,0.0,51.882588577829125,8,29.27899497494711,False,PPO
2025-10-10,1956685.219838432,-3.8678485350087053,-38678.48535008705,0.0,105.139925151994,17,36.8115464544952,False,PPO
2025-10-13,1973857.1704707497,1.7171950632317692,17171.95063231769,0.0,157.16782993618475,26,27.00985484826291,False,PPO
2025-10-14,1988547.349576274,1.4690179105524208,14690.179105524207,0.0,206.22820977133975,34,19.140923127591485,False,PPO
2025-10-15,1970172.8948720994,-1.837445470417454,-18374.45470417454,0.0,238.78293948598906,42,102.57421373969828,False,PPO
2025-10-16,1944781.069251857,-2.5391825620242394,-25391.825620242395,0.0,279.0830523515176,50,34.34144156472899,False,PPO
2025-10-17,1963554.5179741543,1.8773448722297326,18773.448722297326,0.0,306.17517009210894,58,50.31682383478792,False,PPO
2025-10-20,1976870.5596862119,1.3316041712057545,13316.041712057544,0.0,334.57248562981533,64,101.6441975079354,False,PPO
2025-10-21,1992008.128724956,1.5137569038744085,15137.569038744085,0.0,373.30794268090966,74,17.975170643914364,False,PPO
2025-10-22,1987432.8022640566,-0.457532646089932,-4575.3264608993195,0.0,397.97197916613936,79,108.91458234966464,False,PPO
2025-10-23,1990746.0049157739,0.33132026517172347,3313.2026517172344,0.0,422.9402061346628,92,25.49655290711835,False,PPO
2025-10-24,2001345.612457292,1.0599607541518055,10599.607541518055,0.0,453.1992766815259,96,67.84864555065393,False,PPO
2025-10-27,2016696.1545928535,1.5350542135561585,15350.542135561584,0.0,496.22869007774773,103,63.949834921582344,False,PPO
2025-10-28,2024494.048763438,0.7797894170584391,7797.89417058439,0.0,539.2563863207515,109,15.25388077334,False,PPO
2025-10-29,2033423.4938593875,0.8929445095949574,8929.445095949573,0.0,581.2450250212597,118,54.719885823282425,False,PPO
2025-10-30,2031786.9678170863,-0.1636526042301208,-1636.5260423012078,0.0,615.5794569834644,125,156.94677925281582,False,PPO
2025-10-31,2017970.8668248325,-1.381610099225375,-13816.10099225375,0.0,648.5209803632334,132,63.54381341801227,False,PPO
2025-11-03,2015138.1004042518,-0.28327664205806796,-2832.7664205806796,0.0,674.242125003164,138,106.59611886437784,False,PPO
2025-11-04,2036113.7797743313,2.0975679370079425,20975.679370079426,0.0,700.0995755765862,146,36.36640141626896,False,PPO
2025-11-05,2026999.239741028,-0.9114540033303201,-9114.540033303201,0.0,725.7732064957398,152,50.52182737464038,False,PPO
2025-11-06,2008966.26257353,-1.8032977167498088,-18032.977167498088,0.0,751.3035058525866,158,68.94502221104551,False,PPO
2025-11-07,2021229.7275181583,1.2263464944628302,12263.464944628302,0.0,791.4736947370995,168,30.211083026450883,False,PPO
2025-11-10,2049079.814983631,2.7850087465472755,27850.087465472752,0.0,845.8426389164609,180,18.53528168642901,False,PPO
2025-11-11,2065667.839208441,1.658802422481007,16588.02422481007,0.0,896.7410076028123,191,14.052773808867103,False,PPO
2025-11-12,2068319.6994994287,0.265186029098765,2651.86029098765,0.0,950.8056100455411,201,27.485343998267076,False,PPO
2025-11-13,2053804.2332979762,-1.4515466201452538,-14515.466201452538,0.0,993.7414601190384,209,39.69392303076164,False,PPO
2025-11-14,2056731.3068061087,0.2927073508132482,2927.073508132482,0.0,1048.8189245633287,219,109.99499726265934,False,PPO
2025-11-17,2038711.6115094156,-1.8019695296693128,-18019.695296693128,0.0,1088.497542793181,228,19.057761061051032,False,PPO
2025-11-18,2027881.7046226528,-1.0829906886762708,-10829.906886762707,0.0,1123.267855634187,236,25.163000544522717,False,PPO
2025-11-19,2025510.131478842,-0.23715731438107324,-2371.5731438107323,0.0,1158.6363790629762,246,81.62744678487198,False,PPO
2025-11-20,2020890.8145276108,-0.46193169512313326,-4619.3169512313325,0.0,1188.419419339285,255,30.44066059133724,False,PPO
2025-11-21,2034805.7114087567,1.391489688114589,13914.89688114589,0.0,1217.7579257351108,266,65.57911578642762,False,PPO
2025-11-24,2040402.11040528,0.5596398996523348,5596.398996523349,0.0,1257.7614662258422,274,30.417985652667355,False,PPO
2025-11-25,2058057.3653293797,1.7655254924099661,17655.25492409966,0.0,1297.1291545120755,283,51.040359093884085,False,PPO
2025-11-26,2070182.503621595,1.2125138292215298,12125.138292215297,0.0,1337.5057408651755,292,34.658799434929946,False,PPO
2025-11-28,2067344.7060925593,-0.2837797529035714,-2837.7975290357135,0.0,1368.527973392312,301,16.6439540998065,False,PPO
2025-12-01,2059398.897210355,-0.794580888220435,-7945.80888220435,0.0,1390.765967703216,307,12.726336639221856,False,PPO
2025-12-02,2056555.528956651,-0.2843368253703928,-2843.3682537039276,0.0,1421.6924625536121,315,28.854597107532317,False,PPO
2025-12-03,2040200.7744715766,-1.6354754485074432,-16354.75448507443,0.0,1452.6758281957502,323,54.445938847232405,False,PPO
2025-12-04,2035147.6797752408,-0.5053094696335727,-5053.094696335726,0.0,1466.5125820219694,327,39.27629495857744,False,PPO
2025-12-05,2028349.8542660878,-0.6797825509153074,-6797.825509153074,0.0,1478.8992941728459,332,30.799934391888595,False,PPO
2025-12-08,2025006.9531655018,-0.3342901100585936,-3342.901100585936,0.0,1490.4536529244588,335,40.3331133573004,False,PPO
2025-12-09,2020200.1665654152,-0.48067866000866055,-4806.786600086605,0.0,1506.2959741308914,341,46.338631961806925,False,PPO
2025-12-10,2028187.211539272,0.798704497385677,7987.0449738567695,0.0,1523.824497704273,347,93.58226149236071,False,PPO
2025-12-11,2053900.759441256,2.571354790198407,25713.547901984068,0.0,1540.1899449536813,353,49.53589152611215,False,PPO
2025-12-12,2053448.0399598223,-0.04527194814337418,-452.7194814337418,0.0,1552.104262300815,358,66.71637501990885,False,PPO
2025-12-15,2067769.8275770699,1.4321787617247552,14321.787617247552,0.0,1564.2197021063826,363,26.047317218052797,False,PPO
2025-12-16,2063233.881474353,-0.453594610271696,-4535.94610271696,0.0,1588.27773544683,370,26.13123821760052,False,PPO
2025-12-17,2059405.7403229938,-0.38281411513590724,-3828.1411513590724,0.0,1612.8082913729115,374,21.17883681675798,False,PPO
2025-12-18,2071188.681993694,1.1782941670700209,11782.941670700207,0.0,1645.5042498290904,378,28.98846367474967,False,PPO
2025-12-19,2071968.8271334444,0.0780145139750326,780.145139750326,0.0,1678.682303919509,382,17.960046997237747,False,PPO
2025-12-22,2069162.6399106146,-0.28061872228297874,-2806.187222829787,0.0,1712.0719727243986,386,50.383344306889065,False,PPO
2025-12-23,2075993.2553499923,0.6830615439377725,6830.615439377725,0.0,1745.5022830867613,390,27.50726766298306,False,PPO
2025-12-24,2087257.387523475,1.1264132173482795,11264.132173482794,0.0,1779.1815177184926,394,9.989967210226954,False,PPO
2025-12-26,2080542.7193562486,-0.6714668167226483,-6714.668167226483,0.0,1812.9244794497422,398,7.435941228614147,False,PPO
2025-12-29,2075481.3314085153,-0.5061387947733281,-5061.387947733281,0.0,1846.7299927272165,402,7.095392843723077,False,PPO
2025-12-30,2074546.0996287856,-0.09352317797297147,-935.2317797297146,0.0,1864.8237523515288,405,7.450297478738111,False,PPO
2025-12-31,2060161.3516359462,-1.4384747992839433,-14384.747992839431,0.0,1900.9349628600353,413,4.286974644303776,False,PPO
2026-01-02,2052365.3411370656,-0.7796010498880642,-7796.0104988806415,0.0,1936.7182165052425,423,9.44232652619707,False,PPO
2026-01-05,2070462.97906977,1.809763793270453,18097.63793270453,0.0,1969.6800174199223,427,62.06075584889606,False,PPO
2026-01-06,2063539.9513686092,-0.6923027701160871,-6923.0277011608705,0.0,2005.3525056758306,434,57.89576581644821,False,PPO
2026-01-07,2041909.0960324244,-2.1630855336184847,-21630.855336184846,0.0,2041.4358660703674,443,37.98529923463193,False,PPO
2026-01-09,2053557.2399402028,0.10731660526904743,1073.1660526904743,0.0,66.40697264789351,14,53.73970690679282,False,PPO
2026-01-12,2053301.1072762944,-0.025613266390841456,-256.13266390841454,0.0,120.57146006727693,26,40.45051457274912,False,PPO
2026-01-13,2025191.1762691035,-2.810993100719084,-28109.93100719084,0.0,172.7865924797296,39,60.10514349560986,False,PPO
2026-01-14,2031949.6121692949,0.6758435900191311,6758.435900191311,0.0,217.82803774423317,50,93.939073055734,False,PPO
2026-01-15,2037753.4706305738,0.5803858461278957,5803.858461278956,0.0,257.7716325371459,56,20.90743741305318,False,PPO
2026-01-16,2025401.5994811784,-1.235187114939536,-12351.871149395358,0.0,295.31638165539164,61,44.69832734519,False,PPO
2026-01-20,2003442.1180511427,-2.1959481430035783,-21959.481430035783,0.0,329.61919027908243,67,38.16213395715244,False,PPO
2026-01-21,2029427.268050646,2.598514999950328,25985.14999950328,0.0,376.7609462903868,74,71.24106135402418,False,PPO
2026-01-22,2054226.5033289676,2.4799235278321663,24799.235278321663,0.0,427.9707762043182,83,34.28003031334408,False,PPO
2026-01-23,2038116.5441093375,-1.610995921963011,-16109.95921963011,0.0,471.4954982001534,92,37.821290508506706,False,PPO
2026-01-26,2060194.3784650327,2.2077834355695174,22077.834355695173,0.0,514.4330233993091,102,33.55587768321075,False,PPO
2026-01-27,2058361.1482915937,-0.18332301734390205,-1833.2301734390205,0.0,565.7922343522941,111,24.40733112408433,False,PPO
2026-01-28,2059901.085320442,0.15399370288483333,1539.9370288483333,0.0,603.8461630524996,118,73.27424714548738,False,PPO
2026-01-29,2080134.5750722946,2.0233489751852582,20233.489751852583,0.0,635.8492525089137,123,23.952750785735734,False,PPO
2026-01-30,2078467.0268139376,-0.16675482583569828,-1667.5482583569828,0.0,673.4557917373281,129,145.39293439634696,False,PPO
2026-02-02,2090330.8738367548,1.1863847022817238,11863.847022817237,0.0,711.174713285812,135,166.19500889721786,False,PPO
2026-02-03,2100973.656309228,1.0642782472473105,10642.782472473104,0.0,745.8810852860014,142,101.05481219939637,False,PPO
2026-02-04,2130788.5782352258,2.981492192599783,29814.921925997827,0.0,786.2473261656999,148,77.94600408255108,False,PPO
2026-02-05,2133563.3448006646,0.2774766565438826,2774.7665654388256,0.0,823.7317368037542,155,100.99049507131198,False,PPO
2026-02-06,2170248.982732986,3.668563793232152,36685.63793232152,0.0,863.0051057696554,161,46.467565542469714,False,PPO
2026-02-09,2147455.4329433315,-2.279354978965456,-22793.549789654557,0.0,904.0459365076019,168,98.93058258883904,False,PPO
2026-02-10,2172944.536382158,2.548910343882628,25489.103438826278,0.0,943.5426566192081,175,40.14149515381968,False,PPO
2026-02-11,2177469.7854185305,0.45252490363726394,4525.249036372639,0.0,983.7016210722728,182,39.49753583837209,False,PPO
2026-02-12,2144713.1270322315,-3.2756658386298922,-32756.65838629892,0.0,1029.5460509709692,192,70.65687086353631,False,PPO
2026-02-13,2132777.338572113,-1.1935788460118697,-11935.788460118696,0.0,1071.5342776119887,199,175.32276431947506,False,PPO
2026-02-17,2150369.331936885,1.7591993364772294,17591.993364772294,0.0,1113.0386699100295,207,48.7588569915936,False,PPO
2026-02-18,2149813.5027199574,-0.055582921692775566,-555.8292169277556,0.0,1153.3529317840573,214,53.728194943374454,False,PPO
2026-02-19,2141635.1594752464,-0.8178343244710937,-8178.343244710937,0.0,1193.9344917107012,221,24.092924337993654,False,PPO
2026-02-20,2161344.601969747,1.9709442494500429,19709.44249450043,0.0,1234.7109072366827,229,17.897215443581796,False,PPO
2026-02-23,2148951.7464307053,-1.2392855539041572,-12392.855539041571,0.0,1282.4873206332156,238,19.779727516128577,False,PPO
2026-02-24,2161464.1652655667,1.251241883486137,12512.41883486137,0.0,1324.7329921447313,245,138.47234429896665,False,PPO
2026-02-25,2157816.634803875,-0.3647530461691786,-3647.5304616917856,0.0,1367.0504377085265,252,16.227143762636057,False,PPO
2026-02-26,2162630.601159617,0.48139663557419554,4813.966355741955,0.0,1414.864708527212,261,22.413092636633657,False,PPO
2026-02-27,2141858.881453144,-2.077171970647294,-20771.719706472937,0.0,1462.7400132314206,270,30.157515971744782,False,PPO
2026-03-02,2137569.0355546726,-0.4289845898471307,-4289.845898471307,0.0,1510.8244235138238,279,116.13308131186692,False,PPO
2026-03-03,2117826.4170725746,-1.9742618482097984,-19742.618482097983,0.0,1559.1530942488864,288,29.692971284851723,False,PPO
2026-03-04,2123443.128096243,0.5616711023668293,5616.711023668292,0.0,1607.148721507763,297,32.15346075492004,False,PPO
2026-03-05,2076991.3045030343,-4.645182359320857,-46451.823593208566,0.0,1655.3373225596492,306,25.390943939847272,False,PPO
2026-03-06,2053262.9675175264,-2.372833698550798,-23728.33698550798,0.0,1704.840072471232,314,42.72271854349243,False,PPO
2026-03-09,2062431.9604766662,0.9168992959139869,9168.992959139869,0.0,1757.5691341271279,321,18.71579903290413,False,PPO
2026-03-10,2066038.9540346805,0.36069935580142776,3606.9935580142774,0.0,1806.6684450928017,329,39.4108118930203,False,PPO
2026-03-11,2047512.0827090107,-1.8526871325669811,-18526.87132566981,0.0,1861.8670777147443,338,22.63659244194979,False,PPO
2026-03-12,2020629.4928681015,-2.6882589840909237,-26882.589840909237,0.0,1916.4530022917183,348,19.582520891589574,False,PPO
2026-03-13,2017628.833387707,-0.3000659480394563,-3000.6594803945627,0.0,1969.602598305725,356,55.921905414164016,False,PPO
2026-03-16,2030676.6777019151,1.3047844314208255,13047.844314208254,0.0,2022.705383767967,364,14.16434054219441,False,PPO
2026-03-17,2030788.8164565065,0.01121387545913458,112.13875459134579,0.0,2077.3166378458313,372,14.413961532736115,False,PPO
2026-03-18,1991548.5315063633,-3.9240284950143196,-39240.28495014319,0.0,2121.727325397715,379,21.512876852618984,False,PPO
2026-03-19,1984492.750223024,-0.7055781283339253,-7055.781283339253,0.0,2165.327912255106,386,27.363972336956692,False,PPO
2026-03-20,1967600.4176478027,-1.6892332575221314,-16892.332575221313,0.0,2204.384474548748,391,11.95061581423409,False,PPO
2026-03-23,1997154.6489579077,2.9554231310104955,29554.231310104955,0.0,2243.3762872060825,396,28.892057075748266,False,PPO
2026-03-24,1995508.5217892337,-0.1646127168674022,-1646.127168674022,0.0,2270.588822374512,400,25.865786987689855,False,PPO
2026-03-25,2011670.1148734323,1.6161593084198655,16161.593084198656,0.0,2309.345429758741,405,25.13444312582931,False,PPO
2026-03-26,1998712.3185105044,-1.2957796362927883,-12957.796362927882,0.0,2353.091983577182,410,19.91617999000028,False,PPO
2026-03-27,1963821.1196884778,-3.489119882202661,-34891.19882202661,0.0,2389.3576855652896,417,20.00493160829202,False,PPO
2026-03-30,1974124.8825279595,1.03037628394817,10303.7628394817,0.0,2414.771178669814,422,23.676531359505088,False,PPO
2026-03-31,2007154.946662146,3.303006413418637,33030.06413418637,0.0,2454.7437397645144,427,25.12482690604281,False,PPO
2026-04-01,2015068.0987290395,0.7913152066893643,7913.152066893643,0.0,2495.414346432363,433,30.626102002357264,False,PPO
2026-04-02,2009647.5242374148,-0.5420574491624721,-5420.574491624721,0.0,2532.4063339261625,438,108.45003087542922,False,PPO
2026-04-06,2017434.9016258554,0.7787377388440538,7787.377388440538,0.0,2565.822063591825,443,16.390040432946243,False,PPO
2026-04-07,2004625.093011519,-1.280980861433642,-12809.80861433642,0.0,2595.238819001077,448,15.878372885546812,False,PPO
2026-04-08,2077189.5476312316,7.256445461971267,72564.45461971266,0.0,2642.514818395783,455,31.42195102954647,False,PPO
2026-04-09,2083429.0484678193,0.6239500836587745,6239.500836587745,0.0,2689.9277709378493,464,65.99859718959914,False,PPO
2026-04-13,2082734.753695078,1.1491942459759537,11491.942459759535,12216.643511911545,93.75763731675728,20,17.307858430510993,False,PPO
2026-04-14,2092273.2851032787,0.9538531408200739,9538.531408200739,0.0,328.68651926905494,37,39.67366934885395,False,PPO
2026-04-15,2094290.1148633934,0.20168297601146626,2016.8297601146626,30950.05108758155,438.30687072006265,58,29.585500016084524,False,PPO
2026-04-16,2094961.7657120945,0.06716508487011306,671.6508487011306,0.0,649.0213597916085,73,35.28639175695144,False,PPO
2026-04-17,2137704.758893861,4.274299318176648,42742.99318176648,48000.467035184854,785.5918140617097,97,45.21398091304883,False,PPO
2026-04-20,2129418.8757079886,-0.8285883185872343,-8285.883185872342,0.0,1017.6296708784117,112,29.191759632999904,False,PPO
2026-04-21,2099197.58580286,-3.0221289905128534,-30221.28990512853,55485.46368489672,1160.1570515724884,134,28.28024900378083,False,PPO
2026-04-22,2110569.010318481,1.1371424515620805,11371.424515620804,0.0,1360.7157977295694,147,46.0190253530192,False,PPO
2026-04-23,2107303.4012925746,-0.3265609025906306,-3265.6090259063058,70069.42001253481,1519.4560840382871,168,30.134000955295605,False,PPO
2026-04-24,2105394.7514141733,-0.19086498784013092,-1908.6498784013093,0.0,1721.6395667643894,182,65.11354668480777,False,PPO
2026-04-27,2100968.6133173374,-0.442613809683593,-4426.13809683593,66786.78584834372,1872.37073369612,203,45.34798111871942,False,PPO
2026-04-28,2080324.4360725128,-2.064417724482459,-20644.17724482459,0.0,2069.469880931134,216,39.457216556939414,False,PPO
2026-04-29,2081080.3314457075,0.07558953731947113,755.8953731947113,64323.451769677085,2220.5918313503935,236,62.19310874478485,False,PPO
2026-04-30,2123506.3593571177,4.24260279114102,42426.0279114102,0.0,2420.583749061667,248,147.95521138315104,False,PPO
2026-05-01,2116946.5818820638,-0.6559777475053911,-6559.77747505391,53200.86045964921,2560.4327758221602,267,79.93508691807241,False,PPO
2026-05-04,2087438.0850159626,-2.9508496866101166,-29508.496866101166,0.0,2726.148384936556,278,55.49464113437189,False,PPO
2026-05-05,2102579.785240798,1.5141700224835193,15141.700224835193,49799.21637255363,2861.620698356658,296,24.882497333338232,False,PPO
2026-05-06,2151053.4174038554,4.847363216305757,48473.63216305757,0.0,3007.085833717208,306,20.302062044991075,False,PPO
2026-05-07,2133830.667169637,-1.7222750234218316,-17222.750234218314,56447.55434904204,3151.392224317671,324,69.01287161486354,False,PPO
2026-05-08,2132240.6609839974,-0.15900061856396497,-1590.0061856396496,0.0,3304.4148779759175,334,23.851451138450024,False,PPO
2026-05-11,2134818.8235332267,0.25781625492293386,2578.1625492293383,45226.19201981468,3447.31782027633,354,41.25648978889527,False,PPO
2026-05-12,2133237.2541338345,-0.15815693993922325,-1581.5693993922325,0.0,3604.8704257081076,366,46.95093700460447,False,PPO
2026-05-13,2119664.2370579415,-1.3573017075893004,-13573.017075893003,42913.38022400708,3745.645326695119,386,22.668537179072377,False,PPO
2026-05-14,2143259.318692197,2.3595081634255592,23595.08163425559,0.0,3899.9978512688194,398,45.94945955798242,False,PPO
2026-05-15,2107157.9439570163,-3.610137473518076,-36101.374735180754,29589.973495066304,4016.541324758947,417,104.44288943087147,False,PPO
2026-05-18,2108140.2845610487,0.09823406040323898,982.3406040323898,0.0,4151.544154312582,431,40.504563911475735,False,PPO
2026-05-19,2092464.044077752,-1.5676240483296804,-15676.240483296802,35848.46531899521,4279.69973488551,450,36.39092334639857,False,PPO
