date,AAPL,AMGN,AMZN,AXP,BA,CAT,CRM,CSCO,CVX,DIS,GS,HD,HON,IBM,JNJ,JPM,KO,MCD,MMM,MRK,MSFT,NKE,NVDA,PG,SHW,TRV,UNH,V,VZ,WMT,selected_model
2023-01-04,0.0,0.0,32.2936087846756,0.0,38.5189414024353,0.0,100.0,0.0,0.0,0.0,0.0,100.0,12.427520751953125,100.0,0.0,0.0,0.0,0.0,90.68087935447693,0.0,0.0,45.853692293167114,100.0,60.85320711135864,100.0,52.16909646987915,71.32405042648315,78.01254391670227,100.0,31.465277075767517,a2c
2023-01-05,0.0,0.0,32.2936087846756,0.0,38.5189414024353,0.0,100.0,0.0,0.0,0.0,0.0,100.0,12.427520751953125,100.0,0.0,0.0,0.0,0.0,90.68087935447693,0.0,0.0,45.853692293167114,100.0,60.85320711135864,100.0,52.16909646987915,71.32405042648315,78.01254391670227,100.0,31.465277075767517,a2c
2023-01-06,0.0,0.0,32.2936087846756,0.0,38.5189414024353,0.0,100.0,0.0,0.0,0.0,0.0,100.0,12.427520751953125,100.0,0.0,0.0,0.0,0.0,90.68087935447693,0.0,0.0,45.853692293167114,100.0,60.85320711135864,100.0,52.16909646987915,71.32405042648315,78.01254391670227,100.0,31.465277075767517,a2c
2023-01-09,0.0,0.0,32.120537757873535,0.0,38.44638168811798,0.0,100.0,0.0,0.0,0.0,0.0,100.0,12.687352299690247,100.0,0.0,0.0,0.0,0.0,90.86270928382874,0.0,0.0,45.96586227416992,100.0,61.09517216682434,100.0,52.0905077457428,71.39321565628052,77.80088782310486,100.0,31.52276873588562,a2c
2023-01-10,0.0,0.0,27.82561480998993,0.0,38.525861501693726,0.0,100.0,0.0,0.0,0.0,0.0,100.0,18.179544806480408,100.0,0.0,0.0,0.0,0.0,93.46601963043213,0.0,0.0,46.8754768371582,100.0,68.1985855102539,100.0,47.70117104053497,73.67255687713623,70.05034685134888,100.0,33.727070689201355,a2c
2023-01-11,0.0,0.0,0.0,0.0,0.0,0.0,100.0,0.0,0.0,0.0,0.0,100.0,0.0,100.0,0.0,0.0,0.0,0.0,93.46601963043213,0.0,0.0,0.0,100.0,0.0,100.0,0.0,23.90921651544191,8.441835633746576e-15,100.0,0.0,a2c
2023-01-12,0.0,0.0,0.0,0.0,-100.0,0.0,0.0,22.580387860484816,0.0,0.0,100.0,-100.0,100.0,-100.0,0.0,100.0,0.0,0.0,100.0,0.0,100.0,100.0,-100.0,-52.57762670516968,-100.0,0.0,0.0,-52.0391583442688,-100.0,0.0,a2c
2023-01-13,0.0,0.0,0.0,0.0,-92.52906739711761,0.0,0.0,0.0,0.0,0.0,99.77836104935193,-100.0,100.0,-100.0,0.0,100.0,0.0,0.0,100.0,0.0,100.0,100.0,-100.0,-58.94155502319336,-100.0,0.0,-1.7204981297254562,-47.720322012901306,-100.0,0.0,a2c
2023-01-17,0.0,0.0,0.0,0.0,0.0,0.0,0.0,0.0,0.0,0.0,41.421402703152935,-100.0,100.0,-100.0,0.0,100.0,0.0,0.0,100.0,0.0,100.0,100.0,-100.0,-69.60078477859497,-100.0,0.0,-2.4977531284093857,-40.03852903842926,-100.0,0.0,a2c
2023-01-18,0.0,0.0,-2.506120502948761,0.0,0.0,0.0,0.0,0.0,0.0,0.0,94.16760839603036,-100.0,100.0,-100.0,0.0,0.0,0.0,0.0,0.0,0.0,100.0,100.0,-100.0,-51.29294395446777,-100.0,0.0,-5.088384076952934,-36.83061599731445,-85.91949343681335,100.0,a2c
2023-01-19,0.0,0.0,0.0,0.0,0.0,0.0,0.0,0.0,0.0,0.0,46.46782250175881,-100.0,100.0,-100.0,0.0,0.0,0.0,0.0,100.0,0.0,100.0,100.0,-100.0,-42.96930432319641,-90.4595673084259,0.0,0.0,-40.53838551044464,-53.06141376495361,100.0,a2c
2023-01-20,0.0,0.0,-21.459516882896423,99.90222454071045,0.0,0.0,4.490436124828478,100.0,0.0,0.0,0.0,-100.0,100.0,-100.0,0.0,0.0,0.0,0.0,100.0,0.0,100.0,100.0,-100.0,-36.47116422653198,-100.0,0.0,0.0,-50.18116235733032,-36.76333427429199,98.1691837310791,a2c
2023-01-23,0.0,0.0,-67.0899510383606,0.0,0.0,0.0,0.0,0.0,0.0,0.0,0.0,0.0,0.0,0.0,0.0,0.0,0.0,0.0,0.0,0.0,29.025774991693133,100.0,0.0,0.0,-9.540432691574097,0.0,-3.630032390356064,-38.01928162574768,0.0,0.0,a2c
2023-01-24,0.0,0.0,-39.33512270450592,0.0,0.0,0.0,0.0,0.0,0.0,0.0,0.0,0.0,0.0,0.0,0.0,0.0,0.0,0.0,0.0,0.0,3.6681160898251806,100.0,0.0,0.0,0.0,0.0,0.0,-40.097612142562866,-12.26775199174881,0.0,a2c
2023-01-25,0.0,0.0,-26.43626779317856,0.0,0.0,0.0,0.0,0.0,0.0,0.0,0.0,0.0,0.0,0.0,0.0,0.0,0.0,0.0,0.0,0.0,7.704783230076633e-15,90.92613116114909,0.0,0.0,0.0,0.0,0.0,-36.42379939556122,-12.300015985965729,0.0,a2c
2023-01-26,0.0,0.0,0.0,0.0,0.0,0.0,0.0,0.0,0.0,0.0,0.0,0.0,0.0,0.0,0.0,0.0,0.0,0.0,0.0,0.0,0.0,6.961074388211016,0.0,0.0,0.0,0.0,0.0,0.0,-25.708448886871338,0.0,a2c
2023-01-27,0.0,0.0,0.0,0.0,0.0,0.0,0.0,0.0,0.0,0.0,0.0,0.0,0.0,0.0,0.0,0.0,0.0,0.0,0.0,0.0,0.0,11.570511378568892,0.0,0.0,0.0,0.0,0.0,0.0,-43.0351585149765,0.0,a2c
2023-01-30,0.0,0.0,0.0,0.0,0.0,0.0,0.0,0.0,0.0,0.0,0.0,0.0,0.0,0.0,0.0,0.0,0.0,0.0,0.0,0.0,0.0,8.396204436956843,0.0,0.0,0.0,0.0,0.0,0.0,-30.944383144378662,0.0,a2c
2023-01-31,0.0,0.0,0.0,0.0,0.0,0.0,0.0,0.0,0.0,0.0,0.0,0.0,0.0,0.0,0.0,0.0,0.0,0.0,0.0,0.0,0.0,0.0,0.0,0.0,0.0,0.0,0.0,0.0,0.0,0.0,a2c
2023-02-01,0.0,0.0,0.0,0.0,0.0,0.0,0.0,0.0,0.0,0.0,0.0,0.0,0.0,0.0,0.0,0.0,0.0,0.0,0.0,0.0,0.0,0.0,0.0,0.0,0.0,0.0,0.0,0.0,0.0,0.0,a2c
2023-02-02,0.0,0.0,0.0,0.0,0.0,0.0,0.0,0.0,0.0,0.0,0.0,0.0,0.0,0.0,0.0,0.0,0.0,0.0,0.0,0.0,0.0,0.0,0.0,0.0,0.0,0.0,0.0,0.0,0.0,0.0,a2c
2023-02-03,0.0,0.0,0.0,0.0,0.0,0.0,0.0,0.0,0.0,0.0,0.0,0.0,0.0,0.0,0.0,0.0,0.0,0.0,0.0,0.0,0.0,0.0,0.0,0.0,0.0,0.0,0.0,0.0,0.0,0.0,a2c
2023-02-06,0.0,0.0,0.0,0.0,0.0,0.0,0.0,0.0,0.0,0.0,0.0,0.0,0.0,0.0,0.0,0.0,0.0,0.0,0.0,0.0,0.0,0.0,0.0,0.0,0.0,0.0,0.0,0.0,0.0,0.0,a2c
2023-02-07,0.0,0.0,0.0,0.0,0.0,0.0,0.0,0.0,0.0,0.0,0.0,0.0,0.0,0.0,0.0,0.0,0.0,0.0,0.0,0.0,0.0,0.0,0.0,0.0,0.0,0.0,0.0,0.0,0.0,0.0,a2c
2023-02-08,0.0,0.0,0.0,0.0,0.0,0.0,0.0,0.0,0.0,0.0,0.0,0.0,0.0,0.0,0.0,0.0,0.0,0.0,0.0,0.0,0.0,14.225582039674622,0.0,0.0,0.0,0.0,-3.756890445947647,0.0,0.0,0.0,a2c
2023-02-09,0.0,0.0,0.0,0.0,0.0,0.0,0.0,0.0,0.0,0.0,0.0,0.0,0.0,0.0,0.0,0.0,0.0,0.0,0.0,0.0,0.0,0.0,0.0,0.0,0.0,0.0,0.0,0.0,0.0,0.0,a2c
2023-02-10,0.0,0.0,0.0,0.0,0.0,0.0,0.0,0.0,0.0,0.0,0.0,0.0,0.0,0.0,0.0,0.0,0.0,0.0,0.0,0.0,0.0,0.0,0.0,0.0,0.0,0.0,0.0,0.0,0.0,0.0,a2c
2023-02-13,0.0,0.0,0.0,0.0,0.0,0.0,0.0,0.0,0.0,0.0,0.0,0.0,0.0,0.0,0.0,0.0,0.0,0.0,0.0,0.0,0.0,0.0,0.0,0.0,0.0,0.0,0.0,0.0,0.0,0.0,a2c
2023-02-14,0.0,0.0,0.0,0.0,0.0,0.0,0.0,0.0,0.0,0.0,0.0,0.0,0.0,0.0,0.0,0.0,0.0,0.0,0.0,0.0,0.0,0.0,0.0,0.0,0.0,0.0,0.0,0.0,0.0,0.0,a2c
2023-02-15,0.0,0.0,0.0,0.0,0.0,0.0,0.0,0.0,0.0,0.0,0.0,0.0,0.0,0.0,0.0,0.0,0.0,0.0,0.0,0.0,0.0,0.0,0.0,0.0,0.0,0.0,0.0,0.0,0.0,0.0,a2c
2023-02-16,0.0,0.0,0.0,0.0,0.0,0.0,0.0,0.0,0.0,0.0,0.0,0.0,0.0,0.0,0.0,0.0,0.0,0.0,0.0,0.0,0.0,0.0,0.0,0.0,0.0,0.0,0.0,0.0,0.0,0.0,a2c
2023-02-17,0.0,0.0,0.0,0.0,0.0,0.0,0.0,0.0,0.0,0.0,0.0,0.0,0.0,0.0,0.0,0.0,0.0,0.0,0.0,0.0,0.0,0.0,0.0,0.0,0.0,0.0,0.0,0.0,0.0,0.0,a2c
2023-02-21,0.0,0.0,0.0,0.0,0.0,0.0,0.0,0.0,0.0,0.0,0.0,0.0,0.0,0.0,0.0,0.0,0.0,0.0,0.0,0.0,0.0,0.0,0.0,0.0,0.0,0.0,0.0,0.0,0.0,0.0,a2c
2023-02-22,0.0,0.0,0.0,0.0,0.0,0.0,0.0,0.0,0.0,0.0,0.0,0.0,0.0,0.0,0.0,0.0,0.0,0.0,0.0,0.0,0.0,0.0,0.0,0.0,0.0,0.0,0.0,0.0,0.0,0.0,a2c
2023-02-23,0.0,0.0,0.0,0.0,0.0,0.0,0.0,0.0,0.0,0.0,0.0,0.0,0.0,0.0,0.0,0.0,0.0,0.0,0.0,0.0,0.0,0.0,0.0,0.0,0.0,0.0,0.0,0.0,0.0,0.0,a2c
2023-02-24,0.0,0.0,0.0,0.0,0.0,0.0,0.0,0.0,0.0,0.0,0.0,0.0,0.0,0.0,0.0,0.0,0.0,0.0,0.0,0.0,0.0,0.0,0.0,0.0,0.0,0.0,0.0,0.0,0.0,0.0,a2c
2023-02-27,0.0,0.0,0.0,0.0,0.0,0.0,0.0,0.0,0.0,0.0,0.0,0.0,0.0,0.0,0.0,0.0,0.0,0.0,0.0,0.0,0.0,0.0,0.0,0.0,0.0,0.0,0.0,0.0,0.0,0.0,a2c
2023-02-28,0.0,0.0,0.0,0.0,0.0,0.0,0.0,0.0,0.0,0.0,0.0,0.0,0.0,0.0,0.0,0.0,0.0,0.0,0.0,0.0,0.0,0.0,0.0,0.0,0.0,0.0,0.0,0.0,0.0,0.0,a2c
2023-03-01,0.0,0.0,0.0,0.0,0.0,0.0,0.0,0.0,0.0,0.0,0.0,0.0,0.0,0.0,0.0,0.0,0.0,0.0,0.0,0.0,0.0,0.0,0.0,0.0,0.0,0.0,0.0,0.0,0.0,0.0,a2c
2023-03-02,0.0,0.0,0.0,0.0,0.0,0.0,0.0,0.0,0.0,0.0,0.0,0.0,0.0,0.0,0.0,0.0,0.0,0.0,0.0,0.0,0.0,0.0,0.0,0.0,0.0,0.0,0.0,0.0,0.0,0.0,a2c
2023-03-03,0.0,0.0,0.0,0.0,0.0,0.0,0.0,0.0,0.0,0.0,0.0,0.0,0.0,0.0,0.0,0.0,0.0,0.0,0.0,0.0,0.0,0.0,0.0,0.0,0.0,0.0,0.0,0.0,0.0,0.0,a2c
2023-03-06,0.0,0.0,0.0,0.0,0.0,0.0,0.0,0.0,0.0,0.0,0.0,0.0,0.0,0.0,0.0,0.0,0.0,0.0,0.0,0.0,0.0,26.899429451702876,0.0,0.0,0.0,0.0,-6.850556284189224,0.0,0.0,0.0,a2c
2023-03-07,0.0,0.0,0.0,0.0,0.0,0.0,0.0,0.0,0.0,0.0,0.0,0.0,0.0,0.0,0.0,0.0,0.0,0.0,0.0,0.0,0.0,0.0,0.0,0.0,0.0,0.0,0.0,0.0,0.0,0.0,a2c
2023-03-08,0.0,0.0,0.0,0.0,0.0,0.0,0.0,0.0,0.0,0.0,0.0,0.0,0.0,0.0,0.0,0.0,0.0,0.0,0.0,0.0,0.0,0.0,0.0,0.0,0.0,0.0,0.0,0.0,0.0,0.0,a2c
2023-03-09,0.0,0.0,0.0,0.0,0.0,0.0,0.0,0.0,0.0,0.0,0.0,0.0,0.0,0.0,0.0,0.0,0.0,0.0,0.0,0.0,0.0,0.0,0.0,0.0,0.0,0.0,0.0,0.0,0.0,0.0,a2c
2023-03-10,0.0,0.0,0.0,0.0,0.0,0.0,0.0,0.0,0.0,0.0,0.0,0.0,0.0,0.0,0.0,0.0,0.0,0.0,0.0,0.0,0.0,0.0,0.0,0.0,0.0,0.0,0.0,0.0,0.0,0.0,a2c
2023-03-13,0.0,0.0,0.0,0.0,0.0,0.0,0.0,0.0,0.0,0.0,0.0,0.0,0.0,0.0,0.0,0.0,0.0,0.0,0.0,0.0,0.0,1.4000362338120644,0.0,0.0,0.0,0.0,-0.35881949588656425,0.0,0.0,0.0,a2c
2023-03-14,0.0,0.0,0.0,0.0,0.0,0.0,0.0,0.0,0.0,0.0,0.0,0.0,0.0,0.0,0.0,0.0,0.0,0.0,0.0,0.0,0.0,0.0,0.0,0.0,0.0,0.0,0.0,0.0,0.0,0.0,a2c
2023-03-15,0.0,0.0,0.0,0.0,0.0,0.0,0.0,0.0,0.0,0.0,0.0,0.0,0.0,0.0,0.0,0.0,0.0,0.0,0.0,0.0,0.0,26.74827408882967,0.0,0.0,0.0,0.0,-6.879983097314835,0.0,0.0,0.0,a2c
2023-03-16,0.0,0.0,0.0,0.0,0.0,0.0,0.0,0.0,0.0,0.0,0.0,0.0,0.0,0.0,0.0,0.0,0.0,0.0,0.0,0.0,0.0,15.453038261377753,0.0,0.0,0.0,0.0,-3.9397787302732468,0.0,0.0,0.0,a2c
2023-03-17,0.0,0.0,0.0,0.0,0.0,0.0,0.0,0.0,0.0,0.0,0.0,0.0,0.0,0.0,0.0,0.0,0.0,0.0,0.0,0.0,0.0,15.349693923212618,0.0,0.0,0.0,0.0,-3.9397787302732468,0.0,0.0,0.0,a2c
2023-03-20,0.0,0.0,0.0,0.0,0.0,0.0,0.0,0.0,0.0,0.0,0.0,0.0,0.0,0.0,0.0,0.0,0.0,0.0,0.0,0.0,0.0,15.300830564854243,0.0,0.0,0.0,0.0,-3.939807042479515,0.0,0.0,0.0,a2c
2023-03-21,0.0,0.0,0.0,0.0,0.0,0.0,0.0,0.0,0.0,0.0,0.0,0.0,0.0,0.0,0.0,0.0,0.0,0.0,0.0,0.0,0.0,0.0,0.0,0.0,0.0,0.0,0.0,0.0,0.0,0.0,a2c
2023-03-22,0.0,0.0,0.0,0.0,0.0,0.0,0.0,0.0,0.0,0.0,0.0,0.0,0.0,0.0,0.0,0.0,0.0,0.0,0.0,0.0,0.0,14.994394989428915,0.0,0.0,0.0,0.0,-3.9393682032823563,0.0,0.0,0.0,a2c
2023-03-23,0.0,0.0,0.0,0.0,0.0,0.0,0.0,0.0,0.0,0.0,0.0,0.0,0.0,0.0,0.0,0.0,0.0,0.0,0.0,0.0,0.0,0.0,0.0,0.0,0.0,0.0,0.0,0.0,0.0,0.0,a2c
2023-03-24,0.0,0.0,0.0,0.0,0.0,0.0,0.0,0.0,0.0,0.0,0.0,0.0,0.0,0.0,0.0,0.0,0.0,0.0,0.0,0.0,0.0,0.0,0.0,0.0,0.0,0.0,0.0,0.0,0.0,0.0,a2c
2023-03-27,0.0,0.0,0.0,0.0,0.0,0.0,0.0,0.0,0.0,0.0,0.0,0.0,0.0,0.0,0.0,0.0,0.0,0.0,0.0,0.0,0.0,11.505169451534323,0.0,0.0,0.0,0.0,-2.929837629199028,0.0,0.0,0.0,a2c
2023-03-28,0.0,0.0,0.0,0.0,0.0,0.0,0.0,0.0,0.0,0.0,0.0,0.0,0.0,0.0,0.0,0.0,0.0,0.0,0.0,0.0,0.0,0.0,0.0,0.0,0.0,0.0,0.0,0.0,0.0,0.0,a2c
2023-03-29,0.0,0.0,0.0,0.0,0.0,0.0,0.0,0.0,0.0,0.0,0.0,0.0,0.0,0.0,0.0,0.0,0.0,0.0,0.0,0.0,0.0,10.28149204780375,0.0,0.0,0.0,0.0,-2.575070783495903,0.0,0.0,0.0,a2c
2023-03-30,0.0,0.0,0.0,0.0,0.0,0.0,0.0,0.0,0.0,0.0,0.0,0.0,0.0,0.0,0.0,0.0,0.0,0.0,0.0,0.0,0.0,9.929823020769042,0.0,0.0,0.0,0.0,-2.574910596013069,0.0,0.0,0.0,a2c
2023-03-31,0.0,0.0,0.0,0.0,0.0,0.0,0.0,0.0,0.0,0.0,0.0,0.0,0.0,0.0,0.0,0.0,0.0,0.0,0.0,0.0,0.0,10.255351185557247,0.0,0.0,0.0,0.0,-2.63114832341671,0.0,0.0,0.0,a2c
2023-04-03,0.0,0.0,0.0,0.0,0.0,0.0,0.0,0.0,0.0,0.0,0.0,0.0,0.0,0.0,0.0,0.0,0.0,0.0,0.0,0.0,0.0,10.838000263216463,0.0,0.0,0.0,0.0,-2.824241667985916,0.0,0.0,0.0,a2c
2023-04-05,0.0,0.0,3.496242971934538e-14,2.865915585208116e-46,0.0,0.0,0.0,-38.933223485946655,0.0,0.0,-72.72023558616638,70.08221373917496,2.403992766879437e-30,0.0,0.0,-57.355839014053345,100.0,0.0,-74.35081601142883,100.0,1.7728324289250613e-62,100.0,0.0,100.0,0.0,0.0,-69.06307935714722,0.0,100.0,100.0,a2c
2023-04-06,0.0,0.0,0.0,0.0,0.0,0.0,6.823699106222561,-48.41073453426361,0.0,0.0,-60.94821095466614,0.0,0.0,0.0,0.0,-19.43625807762146,100.0,0.0,-91.460120677948,100.0,0.0,100.0,0.0,100.0,0.0,0.0,-36.675700545310974,0.0,0.0,100.0,a2c
2023-04-10,0.0,0.0,0.0,0.0,0.0,0.0,0.0,-24.694623053073883,0.0,0.0,-64.99073505401611,0.0,0.0,0.0,0.0,-12.825492024421692,42.710783283638854,0.0,-100.0,100.0,0.0,100.0,0.0,100.0,0.0,0.0,-27.228447794914246,0.0,0.0,100.0,a2c
2023-04-11,0.0,0.0,0.0,0.0,0.0,0.0,0.0,-10.54180678720067,0.0,0.0,-64.99108672142029,0.0,0.0,0.0,0.0,-12.826022505760193,35.571270989024505,0.0,-100.0,100.0,0.0,100.0,0.0,100.0,0.0,0.0,-27.229011058807373,0.0,0.0,100.0,a2c
2023-04-12,0.0,0.0,0.0,0.0,0.0,0.0,0.0,0.0,0.0,0.0,-70.01968026161194,6.217979554166883,0.0,0.0,0.0,-21.00488245487213,100.0,0.0,-100.0,100.0,0.0,100.0,0.0,100.0,0.0,0.0,-33.36929976940155,0.0,0.0,100.0,a2c
2023-04-13,0.0,0.0,0.0,0.0,0.0,0.0,0.0,0.0,0.0,0.0,-48.16524607241314,0.0,0.0,0.0,0.0,-21.00488245487213,12.88698555749556,0.0,-100.0,100.0,0.0,100.0,0.0,100.0,0.0,0.0,-33.36929976940155,0.0,0.0,100.0,a2c
2023-04-14,0.0,0.0,0.0,0.0,0.0,0.0,0.0,0.0,0.0,0.0,0.0,0.0,0.0,0.0,0.0,-21.00488245487213,0.0,0.0,-100.0,0.0,0.0,69.32540775289631,0.0,100.0,0.0,0.0,-33.36929976940155,0.0,0.0,100.0,a2c
2023-04-17,0.0,0.0,0.0,0.0,0.0,0.0,0.0,0.0,0.0,0.0,0.0,0.0,0.0,0.0,0.0,-19.973111152648926,0.0,0.0,-100.0,0.0,0.0,84.39370638026412,0.0,100.0,0.0,0.0,-37.69524395465851,0.0,0.0,100.0,a2c
2023-04-18,0.0,0.0,0.0,0.0,0.0,0.0,0.0,0.0,0.0,0.0,0.0,0.0,0.0,0.0,0.0,-8.84740874171257,8.691344120798207e-31,0.0,-100.0,4.330160312433863e-15,0.0,19.500934994407274,0.0,100.0,0.0,0.0,-24.870899554064067,0.0,0.0,100.0,a2c
2023-04-19,0.0,0.0,0.0,0.0,0.0,0.0,0.0,0.0,0.0,0.0,0.0,0.0,0.0,0.0,0.0,0.0,0.0,0.0,-100.0,0.0,0.0,26.712913795679828,0.0,0.0,0.0,0.0,0.0,0.0,0.0,100.0,a2c
2023-04-20,0.0,0.0,18.11968324904573,0.0,0.0,0.0,0.0,0.0,0.0,0.0,0.0,0.0,0.0,0.0,0.0,0.0,0.0,0.0,-84.02644991874695,0.0,0.0,0.0,0.0,0.0,0.0,0.0,0.0,0.0,0.0,100.0,a2c
2023-04-21,0.0,0.0,0.0,0.0,0.0,0.0,0.0,0.0,0.0,0.0,0.0,0.0,0.0,0.0,0.0,-8.792781084775925,0.0,0.0,0.0,0.0,0.0,0.0,0.0,8.269100473058105,0.0,0.0,0.0,0.0,0.0,0.0,a2c
2023-04-24,0.0,0.0,0.0,0.0,0.0,0.0,0.0,0.0,0.0,0.0,0.0,0.0,0.0,0.0,0.0,0.0,0.0,0.0,0.0,0.0,0.0,0.0,0.0,0.0,0.0,0.0,0.0,0.0,0.0,0.0,a2c
2023-04-25,0.0,0.0,0.0,0.0,0.0,0.0,0.0,0.0,0.0,0.0,0.0,0.0,0.0,0.0,0.0,0.0,0.0,0.0,0.0,0.0,0.0,0.0,0.0,0.0,0.0,0.0,0.0,0.0,0.0,0.0,a2c
2023-04-26,0.0,0.0,0.0,0.0,0.0,0.0,0.0,0.0,0.0,0.0,0.0,0.0,0.0,0.0,0.0,0.0,0.0,0.0,0.0,0.0,0.0,0.0,0.0,0.0,0.0,0.0,0.0,0.0,0.0,0.0,a2c
2023-04-27,0.0,0.0,0.0,0.0,0.0,0.0,0.0,0.0,0.0,0.0,0.0,0.0,0.0,0.0,0.0,-8.482378721237183,0.0,0.0,0.0,0.0,0.0,0.0,0.0,0.0,0.0,0.0,0.0,0.0,0.0,22.042976551703337,a2c
2023-04-28,0.0,0.0,0.0,0.0,0.0,0.0,0.0,0.0,0.0,0.0,0.0,0.0,0.0,0.0,0.0,-6.5812163054943085,0.0,0.0,0.0,0.0,0.0,0.0,0.0,0.0,0.0,0.0,0.0,0.0,0.0,17.27882895448033,a2c
2023-05-01,0.0,0.0,0.0,0.0,0.0,0.0,0.0,0.0,0.0,0.0,0.0,0.0,0.0,0.0,0.0,0.0,0.0,0.0,0.0,0.0,0.0,0.0,0.0,0.0,0.0,0.0,0.0,0.0,0.0,0.0,a2c
2023-05-02,0.0,0.0,0.0,0.0,0.0,0.0,0.0,0.0,0.0,0.0,0.0,0.0,0.0,0.0,0.0,0.0,0.0,0.0,0.0,0.0,0.0,0.0,0.0,0.0,0.0,0.0,0.0,0.0,0.0,0.0,a2c
2023-05-03,0.0,0.0,0.0,0.0,0.0,0.0,0.0,0.0,0.0,0.0,0.0,0.0,0.0,0.0,0.0,0.0,0.0,0.0,0.0,0.0,0.0,0.0,0.0,0.0,0.0,0.0,0.0,0.0,0.0,0.0,a2c
2023-05-04,0.0,0.0,0.0,0.0,0.0,0.0,0.0,0.0,0.0,0.0,0.0,0.0,0.0,0.0,0.0,0.0,0.0,0.0,0.0,0.0,0.0,0.0,0.0,0.0,0.0,0.0,0.0,0.0,0.0,0.0,a2c
2023-05-05,0.0,0.0,0.0,0.0,0.0,0.0,0.0,0.0,0.0,0.0,0.0,0.0,0.0,0.0,0.0,-8.84741097688675,0.0,0.0,0.0,0.0,0.0,0.0,0.0,0.0,0.0,0.0,0.0,0.0,0.0,22.78300003692577,a2c
2023-05-08,0.0,0.0,0.0,0.0,0.0,0.0,0.0,0.0,0.0,0.0,0.0,0.0,0.0,0.0,0.0,-8.84741097688675,0.0,0.0,0.0,0.0,0.0,0.0,0.0,0.0,0.0,0.0,0.0,0.0,0.0,23.029095967610278,a2c
2023-05-09,0.0,0.0,0.0,0.0,0.0,0.0,0.0,0.0,0.0,0.0,0.0,0.0,0.0,0.0,0.0,0.0,0.0,0.0,0.0,0.0,0.0,0.0,0.0,0.0,0.0,0.0,0.0,0.0,0.0,0.0,a2c
2023-05-10,0.0,0.0,0.0,0.0,0.0,0.0,0.0,0.0,0.0,0.0,0.0,0.0,0.0,0.0,0.0,0.0,0.0,0.0,0.0,0.0,0.0,0.0,0.0,0.0,0.0,0.0,0.0,0.0,0.0,0.0,a2c
2023-05-11,0.0,0.0,0.0,0.0,0.0,0.0,0.0,0.0,0.0,0.0,0.0,0.0,0.0,0.0,0.0,0.0,0.0,0.0,0.0,0.0,0.0,0.0,0.0,0.0,0.0,0.0,0.0,0.0,0.0,0.0,a2c
2023-05-12,0.0,0.0,0.0,0.0,0.0,0.0,0.0,0.0,0.0,0.0,0.0,0.0,0.0,0.0,0.0,0.0,0.0,0.0,0.0,0.0,0.0,0.0,0.0,0.0,0.0,0.0,0.0,0.0,0.0,0.0,a2c
2023-05-15,0.0,0.0,0.0,0.0,0.0,0.0,0.0,0.0,0.0,0.0,0.0,0.0,0.0,0.0,0.0,-8.847374469041824,0.0,0.0,0.0,0.0,0.0,0.0,0.0,0.0,0.0,0.0,0.0,0.0,0.0,22.39258285071107,a2c
2023-05-16,0.0,0.0,0.0,0.0,0.0,0.0,0.0,0.0,0.0,0.0,0.0,0.0,0.0,0.0,0.0,-6.461707502603531,0.0,0.0,0.0,0.0,0.0,0.0,0.0,0.0,0.0,0.0,0.0,0.0,0.0,16.621516991932168,a2c
2023-05-17,0.0,0.0,0.0,0.0,0.0,0.0,0.0,0.0,0.0,0.0,0.0,0.0,0.0,0.0,0.0,0.0,0.0,0.0,0.0,0.0,0.0,0.0,0.0,0.0,0.0,0.0,0.0,0.0,0.0,0.0,a2c
2023-05-18,0.0,0.0,0.0,0.0,0.0,0.0,0.0,0.0,0.0,0.0,0.0,0.0,0.0,0.0,0.0,-8.985527604818344,0.0,0.0,0.0,0.0,0.0,0.0,0.0,8.082107553614758,0.0,0.0,0.0,0.0,0.0,0.0,a2c
2023-05-19,0.0,0.0,0.0,0.0,0.0,0.0,0.0,0.0,0.0,0.0,0.0,0.0,0.0,0.0,0.0,-9.014599770307541,0.0,0.0,0.0,0.0,0.0,0.0,0.0,0.0,0.0,0.0,0.0,0.0,0.0,23.985294897327815,a2c
2023-05-22,0.0,0.0,0.0,0.0,0.0,0.0,0.0,0.0,0.0,0.0,0.0,0.0,0.0,0.0,0.0,-9.014599770307541,0.0,0.0,0.0,0.0,0.0,0.0,0.0,0.0,0.0,0.0,0.0,0.0,0.0,24.179298236872523,a2c
2023-05-23,0.0,0.0,0.0,0.0,0.0,0.0,0.0,0.0,0.0,0.0,0.0,0.0,0.0,0.0,0.0,-15.54705798625946,0.0,0.0,0.0,19.151641527059628,0.0,0.0,0.0,0.0,0.0,0.0,0.0,0.0,0.0,0.0,a2c
2023-05-24,0.0,0.0,0.0,5.4467004136505786,0.0,0.0,0.0,0.0,0.0,0.0,0.0,0.0,0.0,0.0,0.0,-6.299155950546265,0.0,0.0,0.0,0.0,0.0,0.0,0.0,0.0,0.0,0.0,0.0,0.0,0.0,0.0,a2c
2023-05-25,0.0,0.0,0.0,0.0,0.0,0.0,0.0,0.0,0.0,0.0,0.0,0.0,0.0,0.0,0.0,0.0,0.0,0.0,0.0,0.0,0.0,0.0,0.0,0.0,0.0,0.0,0.0,0.0,0.0,0.0,a2c
2023-05-26,0.0,0.0,0.0,0.0,0.0,0.0,0.0,0.0,0.0,0.0,0.0,0.0,0.0,0.0,0.0,0.0,0.0,0.0,0.0,0.0,0.0,0.0,0.0,0.0,0.0,0.0,0.0,0.0,0.0,0.0,a2c
2023-05-30,0.0,0.0,0.0,0.0,0.0,0.0,0.0,0.0,0.0,0.0,0.0,0.0,0.0,0.0,0.0,0.0,0.0,0.0,0.0,0.0,0.0,0.0,0.0,0.0,0.0,0.0,0.0,0.0,0.0,0.0,a2c
2023-05-31,0.0,0.0,0.0,0.0,0.0,0.0,0.0,0.0,0.0,0.0,0.0,0.0,0.0,0.0,0.0,0.0,0.0,0.0,0.0,0.0,0.0,0.0,0.0,0.0,0.0,0.0,0.0,0.0,0.0,0.0,a2c
2023-06-01,0.0,0.0,0.0,0.0,0.0,0.0,0.0,0.0,0.0,0.0,0.0,0.0,0.0,0.0,0.0,0.0,0.0,0.0,0.0,0.0,0.0,0.0,0.0,0.0,0.0,0.0,0.0,0.0,0.0,0.0,a2c
2023-06-02,0.0,0.0,0.0,0.0,0.0,0.0,0.0,0.0,0.0,0.0,0.0,0.0,0.0,0.0,0.0,0.0,0.0,0.0,0.0,0.0,0.0,0.0,0.0,0.0,0.0,0.0,0.0,0.0,0.0,0.0,a2c
2023-06-05,0.0,0.0,0.0,0.0,0.0,0.0,0.0,0.0,0.0,0.0,0.0,0.0,0.0,0.0,0.0,0.0,0.0,0.0,0.0,0.0,0.0,0.0,0.0,0.0,0.0,0.0,0.0,0.0,0.0,0.0,a2c
2023-06-06,0.0,0.0,0.0,0.0,0.0,0.0,0.0,0.0,0.0,0.0,0.0,0.0,0.0,0.0,0.0,0.0,0.0,0.0,0.0,0.0,0.0,0.0,0.0,0.0,0.0,0.0,0.0,0.0,0.0,0.0,a2c
2023-06-07,0.0,0.0,0.0,0.0,0.0,0.0,0.0,0.0,0.0,0.0,0.0,0.0,0.0,0.0,0.0,0.0,0.0,0.0,0.0,0.0,0.0,0.0,0.0,0.0,0.0,0.0,0.0,0.0,0.0,0.0,a2c
2023-06-08,0.0,0.0,0.0,0.0,0.0,0.0,0.0,0.0,0.0,0.0,0.0,0.0,0.0,0.0,0.0,0.0,0.0,0.0,0.0,0.0,0.0,0.0,0.0,0.0,0.0,0.0,0.0,0.0,0.0,0.0,a2c
2023-06-09,0.0,0.0,0.0,0.0,0.0,0.0,0.0,0.0,0.0,0.0,0.0,0.0,0.0,0.0,0.0,0.0,0.0,0.0,0.0,0.0,0.0,0.0,0.0,0.0,0.0,0.0,0.0,0.0,0.0,0.0,a2c
2023-06-12,0.0,0.0,0.0,0.0,0.0,0.0,0.0,0.0,0.0,0.0,0.0,0.0,0.0,0.0,0.0,0.0,0.0,0.0,0.0,0.0,0.0,0.0,0.0,0.0,0.0,0.0,0.0,0.0,0.0,0.0,a2c
2023-06-13,0.0,0.0,0.0,0.0,0.0,0.0,0.0,0.0,0.0,0.0,0.0,0.0,0.0,0.0,0.0,0.0,0.0,0.0,0.0,0.0,0.0,0.0,0.0,0.0,0.0,0.0,0.0,0.0,0.0,0.0,a2c
2023-06-14,0.0,0.0,0.0,0.0,0.0,0.0,0.0,0.0,0.0,0.0,0.0,0.0,0.0,0.0,0.0,0.0,0.0,0.0,0.0,0.0,0.0,0.0,0.0,0.0,0.0,0.0,0.0,0.0,0.0,0.0,a2c
2023-06-15,0.0,0.0,0.0,0.0,0.0,0.0,0.0,0.0,0.0,0.0,0.0,0.0,0.0,0.0,0.0,0.0,0.0,0.0,0.0,0.0,0.0,0.0,0.0,0.0,0.0,0.0,0.0,0.0,0.0,0.0,a2c
2023-06-16,0.0,0.0,0.0,0.0,0.0,0.0,0.0,0.0,0.0,0.0,0.0,0.0,0.0,0.0,0.0,0.0,0.0,0.0,0.0,0.0,0.0,0.0,0.0,0.0,0.0,0.0,0.0,0.0,0.0,0.0,a2c
2023-06-20,0.0,0.0,0.0,0.0,0.0,0.0,0.0,0.0,0.0,0.0,0.0,0.0,0.0,0.0,0.0,0.0,0.0,0.0,0.0,0.0,0.0,0.0,0.0,0.0,0.0,0.0,0.0,0.0,0.0,0.0,a2c
2023-06-21,0.0,0.0,0.0,0.0,0.0,0.0,0.0,0.0,0.0,0.0,0.0,0.0,0.0,0.0,0.0,0.0,0.0,0.0,0.0,0.0,0.0,0.0,0.0,0.0,0.0,0.0,0.0,0.0,0.0,0.0,a2c
2023-06-22,0.0,0.0,0.0,0.0,0.0,0.0,0.0,0.0,0.0,0.0,0.0,0.0,0.0,0.0,0.0,0.0,0.0,0.0,0.0,0.0,0.0,0.0,0.0,0.0,0.0,0.0,0.0,0.0,0.0,0.0,a2c
2023-06-23,0.0,0.0,0.0,0.0,0.0,0.0,0.0,0.0,0.0,0.0,0.0,0.0,0.0,0.0,0.0,0.0,0.0,0.0,0.0,0.0,0.0,0.0,0.0,0.0,0.0,0.0,0.0,0.0,0.0,0.0,a2c
2023-06-26,0.0,0.0,0.0,0.0,0.0,0.0,0.0,0.0,0.0,0.0,0.0,0.0,0.0,0.0,0.0,0.0,0.0,0.0,0.0,0.0,0.0,0.0,0.0,0.0,0.0,0.0,0.0,0.0,0.0,0.0,a2c
2023-06-27,0.0,0.0,0.0,0.0,0.0,0.0,0.0,0.0,0.0,0.0,0.0,0.0,0.0,0.0,0.0,0.0,0.0,0.0,0.0,0.0,0.0,0.0,0.0,0.0,0.0,0.0,0.0,0.0,0.0,0.0,a2c
2023-06-28,0.0,0.0,0.0,0.0,0.0,0.0,0.0,0.0,0.0,0.0,0.0,0.0,0.0,0.0,0.0,0.0,0.0,0.0,0.0,0.0,0.0,0.0,0.0,0.0,0.0,0.0,0.0,0.0,0.0,0.0,a2c
2023-06-29,0.0,0.0,0.0,0.0,0.0,0.0,0.0,0.0,0.0,0.0,0.0,0.0,0.0,0.0,0.0,0.0,0.0,0.0,0.0,0.0,0.0,0.0,0.0,0.0,0.0,0.0,0.0,0.0,0.0,0.0,a2c
2023-06-30,0.0,0.0,0.0,0.0,0.0,0.0,0.0,0.0,0.0,0.0,0.0,0.0,0.0,0.0,0.0,0.0,0.0,0.0,0.0,0.0,0.0,0.0,0.0,0.0,0.0,0.0,0.0,0.0,0.0,0.0,a2c
2023-07-03,0.0,0.0,0.0,0.0,0.0,0.0,0.0,0.0,0.0,0.0,0.0,0.0,0.0,0.0,0.0,0.0,0.0,0.0,0.0,0.0,0.0,0.0,0.0,0.0,0.0,0.0,0.0,0.0,0.0,0.0,a2c
2023-07-05,0.0,0.0,0.0,0.0,0.0,0.0,0.0,0.0,0.0,0.0,0.0,0.0,0.0,0.0,0.0,0.0,0.0,0.0,0.0,0.0,0.0,0.0,0.0,0.0,0.0,0.0,0.0,0.0,0.0,0.0,a2c
2023-07-07,0.0,0.0,13.47128301858902,-7.849391549825668,14.219707250595093,0.0,-12.388105690479279,0.0,0.0,0.0,0.0,-30.19496202468872,-7.418063282966614,0.0,4.952806274435848,0.0,-8.581850677728653,0.0,0.0,-40.86221158504486,14.13385272026062,-1.4025314711034298,0.0,18.293696641921997,0.0,0.0,0.0,18.886204063892365,16.75247550010681,15.586049854755402,ppo
2023-07-10,0.0,0.0,0.0,-10.626140981912613,0.0,5.054661510966181,-15.949203073978424,0.0,0.0,0.0,0.0,-38.91504406929016,-3.72854545712471,13.777385652065277,18.727856874465942,0.0,-7.4135251343250275,0.0,0.0,-45.100438594818115,13.243812322616577,-0.16252389177680016,0.0,27.16168463230133,0.0,13.170836865901947,0.0,15.821404755115509,31.454449892044067,23.56836348772049,ppo
2023-07-11,0.0,0.0,0.0,-10.487963259220123,-0.4837292246520519,0.0,-14.626115560531616,0.0,0.0,0.0,0.0,-7.190187199362967,-9.955526888370514,0.0,23.202355206012726,0.0,-11.069204658269882,0.0,0.0,-39.88634943962097,17.33777237070445,0.0,0.0,26.545411348342896,0.0,0.0,0.0,0.0,25.07437765598297,0.0,ppo
2023-07-12,0.0,19.45098638534546,-0.1912558451294899,-1.2915169820189476,0.0,0.0,-19.908134639263153,0.0,0.0,0.0,0.0,0.0,-14.03491497039795,-5.737272277474403,0.0,0.0,-13.503623008728027,0.0,0.0,-28.49477529525757,14.972012218544634,0.0,0.0,18.898822367191315,0.0,0.0,0.0,0.0,0.0,0.0,ppo
2023-07-13,0.0,12.310614343197821,0.0,0.0,18.87882798910141,0.0,-20.746031403541565,0.0,0.0,0.0,0.0,0.0,-9.283344447612762,-4.535183310508728,0.0,0.0,-16.977977752685547,0.0,0.0,-33.19714963436127,0.0,0.0,0.0,20.920661091804504,0.0,0.0,0.0,0.0,22.268137335777283,18.702808022499084,ppo
2023-07-14,0.0,0.0,12.80168741941452,0.0,13.976742327213287,0.0,-22.235599160194397,0.0,0.0,0.0,0.0,0.0,-9.43073034286499,0.0,0.0,0.0,-21.579524874687195,0.0,12.324120849370956,-37.872886657714844,0.0,0.0,0.0,15.891297161579132,8.736284983626212e-16,0.0,0.0,8.032794062301827,33.352988958358765,17.694532871246338,ppo
2023-07-17,0.0,0.0,0.0,-2.745956741273403,0.0,3.88311944747385,-17.92237162590027,0.0,0.0,0.0,0.0,0.0,-5.335526168346405,0.0,11.40608862042427,0.0,-13.563916087150574,0.0,0.0,-39.833393692970276,0.0,0.0,0.0,22.404977679252625,0.0,0.0,0.0,11.525295674800873,26.052093505859375,18.752028048038483,ppo
2023-07-18,0.0,0.0,0.0,0.0,0.0,0.0,-25.816816091537476,0.0,0.0,0.0,0.0,0.0,-11.538636684417725,0.0,0.0,0.0,-12.41525486111641,0.0,0.0,-40.87880849838257,0.0,-4.56252321600914,0.0,26.42376720905304,0.0,0.0,0.0,36.3602340221405,26.286733150482178,0.5024375210581697,ppo
2023-07-19,0.0,10.857231599674837,-2.1719587966799736,-8.827900886535645,-0.28476864099502563,-5.6311167776584625,-17.381632328033447,0.0,0.0,0.0,0.0,0.0,-8.297678828239441,-3.291565924882889,26.745644211769104,0.0,-12.176676839590073,0.0,-7.537149637937546,-36.96724772453308,1.290820818799256e-15,4.849738738697253e-31,0.0,23.075667023658752,13.843311369419098,-4.210590571165085,0.0,0.0,27.627211809158325,17.19451993703842,ppo
2023-07-20,0.0,0.0,0.0,0.0,0.0,-3.306664180781569,-26.788806915283203,0.0,0.0,0.0,0.0,0.0,-13.928350806236267,-0.2133641391992569,26.241198182106018,0.0,-17.755064368247986,0.0,0.0,-41.76340699195862,-1.2586262077093124,-4.8832956701517105,0.0,17.011448382970507,26.121094822883606,0.0,0.0,0.0,37.92433142662048,29.07269597053528,ppo
2023-07-21,0.0,0.0,0.0,0.0,0.0,0.0,-26.87850296497345,0.0,0.0,0.0,0.0,0.0,-14.433358609676361,0.0,26.429682970046997,0.0,-17.194822430610657,0.0,0.0,-42.68374443054199,-1.3513464480638504,-5.272974818944931,0.0,26.652371883392334,17.386238523974892,0.0,0.0,0.0,38.595885038375854,28.84185016155243,ppo
2023-07-24,0.0,9.939544792658982,0.0,3.0596633435901033e-31,0.0,0.0,-26.802590489387512,0.0,0.0,0.0,0.0,0.0,-16.78847223520279,0.0,2.8969523341683006e-15,0.0,-14.97012972831726,0.0,0.0,-45.25993764400482,-1.7283163964748383,-6.13212063908577,0.0,30.46526610851288,25.984984636306763,0.0,0.0,0.0,40.243327617645264,26.116934418678284,ppo
2023-07-25,0.0,9.330901552513328,0.0,0.0,0.0,0.0,-26.802590489387512,0.0,0.0,0.0,0.0,0.0,-16.788455843925476,0.0,0.0,0.0,-14.970001578330994,0.0,0.0,-45.260071754455566,-1.728207990527153,-6.132258847355843,0.0,30.465468764305115,25.984936952590942,0.0,0.0,0.0,40.243443846702576,26.117101311683655,ppo
2023-07-26,0.0,8.146350331416022,0.0,0.0,0.0,0.0,-26.802924275398254,0.0,0.0,0.0,0.0,0.0,-16.78793877363205,0.0,1.4299911344231904e-15,0.0,-14.966273307800293,0.0,0.0,-45.25940418243408,-1.7200339585542679,-6.136704608798027,0.0,30.468976497650146,25.983476638793945,0.0,0.0,0.0,40.24457931518555,26.121100783348083,ppo
2023-07-27,0.0,26.305893063545227,-3.578606992959976,0.0,0.0,0.0,-32.26210176944733,0.0,0.0,0.0,0.0,0.0,-11.637237668037415,0.0,0.0,0.0,-12.329969555139542,0.0,0.0,-53.516024351119995,-2.569485828280449,-16.52170866727829,0.0,29.324939846992493,21.303320406406872,0.0,0.0,0.0,40.36901295185089,27.901849150657654,ppo
2023-07-28,0.0,26.300355792045593,-3.5774223506450653,0.0,0.0,0.0,-32.27311670780182,0.0,0.0,0.0,0.0,0.0,-11.626353859901428,0.0,7.096440842122471e-16,0.0,-12.33285740017891,0.0,0.0,-2.315791049840982,-2.5912150740623474,-16.531847417354584,0.0,29.312047362327576,2.587578975729817,0.0,0.0,0.0,40.363809466362,27.894580364227295,ppo
2023-07-31,0.0,30.945369601249695,-1.239154301583767,0.3729944317737537,0.0,0.0,-40.67126214504242,0.0,0.0,0.0,0.0,0.0,-3.548264130949974,0.0,25.14423131942749,0.0,-9.822910279035568,0.0,0.0,0.0,0.0,-14.222384989261627,0.0,0.0,2.595397801149141e-17,0.0,0.0,0.0,37.15880811214447,1.5275432142581001e-32,ppo
2023-08-01,0.0,26.315906643867493,-3.5694122314453125,0.0,0.0,0.0,-32.29681849479675,0.0,0.0,0.0,0.0,0.0,-11.602955311536789,0.0,0.0,0.0,-12.330692261457443,0.0,0.0,0.0,-2.5838498026132584,-16.53183400630951,0.0,29.295143485069275,0.0,0.0,0.0,1.819059588832802,40.359389781951904,27.882513403892517,ppo
2023-08-02,0.0,26.300358772277832,-3.5774260759353638,0.0,0.0,0.0,-32.273125648498535,0.0,0.0,0.0,0.0,0.0,-11.626357585191727,0.0,0.0,0.0,-12.332848459482193,0.0,0.0,0.0,-2.591213956475258,-16.53185337781906,0.0,29.31205928325653,1.6459876507005349,0.0,0.0,0.0,40.36381244659424,27.894580364227295,ppo
2023-08-03,0.0,0.0,-7.088103890419006,35.37212610244751,0.0,0.0,-39.26771283149719,0.0,0.0,0.0,0.0,0.0,-16.154049336910248,0.0,0.0,0.0,-1.8107317388057709,0.0,30.58508046252111,0.0,-0.822034478187561,-20.740552246570587,0.0,36.012956500053406,0.0,0.0,0.0,0.0,40.90554714202881,0.0,ppo
2023-08-04,0.0,0.0,-11.68336570262909,0.0,0.0,0.0,-32.61420726776123,0.0,0.0,0.0,0.0,0.0,-10.857878625392914,0.0,35.537309464510706,0.0,0.0,0.0,0.0,0.0,0.0,-13.861574232578278,0.0,41.59098565578461,0.0,0.0,0.0,0.0,0.0,0.0,ppo
2023-08-07,0.0,22.151626760087048,-7.71594749962226,0.0,-3.5028841346502304,0.0,-40.72946012020111,0.0,0.0,0.0,0.0,0.0,-2.396867424249649,0.0,0.0,0.0,0.0,0.0,0.0,0.0,0.0,-9.832250326871872,0.0,48.26563000679016,0.0,0.0,0.0,0.0,0.0,0.0,ppo
2023-08-08,0.0,0.0,0.0,0.0,-3.502875939011574,0.0,-27.876905538115125,0.0,0.0,0.0,0.0,0.0,-2.3900821805000305,0.0,7.110853448218186,0.0,0.0,0.0,0.0,0.0,0.0,-9.83058363199234,0.0,48.25780689716339,0.0,0.0,0.0,0.0,0.0,0.0,ppo
2023-08-09,0.0,0.0,0.0,0.0,-3.502875939011574,0.0,0.0,0.0,0.0,0.0,0.0,0.0,-2.3900821805000305,0.0,0.0,0.0,0.0,0.0,0.0,0.0,0.0,-9.83058363199234,0.0,15.369618145263802,0.0,0.0,0.0,0.0,0.0,0.0,ppo
2023-08-10,0.0,0.0,0.0,0.0,-3.4973029047250748,0.0,0.0,0.0,0.0,0.0,0.0,0.0,-2.3946870118379593,0.0,0.0,0.0,0.0,0.0,0.0,0.0,0.0,-9.828272461891174,0.0,15.402409597604828,0.0,0.0,0.0,0.0,0.0,0.0,ppo
2023-08-11,0.0,11.54652831604152,0.0,0.0,0.0,0.0,0.0,0.0,0.0,0.0,0.0,0.0,-15.966576337814331,0.0,0.0,0.0,0.0,0.0,0.0,0.0,0.0,-8.54271873831749,0.0,0.0,1.893207600409209e-31,0.0,0.0,0.0,28.9004385471344,8.755330593600704e-15,ppo
2023-08-14,0.0,0.0,0.0,0.0,0.0,0.0,0.0,0.0,0.0,0.0,0.0,0.0,-10.857878625392914,0.0,2.8359638610705763e-15,0.0,0.0,0.0,0.0,0.0,0.0,-13.861574232578278,0.0,22.25383280043284,0.0,0.0,0.0,0.0,1.8179374420661548e-30,2.145769565476734e-46,ppo
2023-08-15,0.0,0.0,0.0,0.0,0.0,0.0,0.0,0.0,0.0,0.0,0.0,0.0,-10.865189880132675,0.0,0.0,0.0,0.0,0.0,0.0,0.0,0.0,-13.851375877857208,0.0,0.0,4.008924413756638,0.0,0.0,0.0,28.36877703666687,26.284629106521606,ppo
2023-08-16,0.0,0.0,0.0,0.0,0.0,0.0,0.0,0.0,0.0,0.0,0.0,0.0,-16.141347587108612,0.0,22.292722045979694,0.0,0.0,0.0,0.0,0.0,0.0,-8.576663583517075,0.0,0.0,0.0,0.0,0.0,0.0,0.0,0.0,ppo
2023-08-17,0.0,0.0,0.0,0.0,0.0,0.0,0.0,0.0,0.0,0.0,0.0,0.0,-10.857819765806198,0.0,20.09727135247284,0.0,0.0,0.0,0.0,0.0,0.0,-13.861529529094696,0.0,0.0,0.0,0.0,0.0,0.0,0.0,0.0,ppo
2023-08-18,0.0,2.3083752022000284e-47,0.0,0.0,0.0,0.0,0.0,0.0,0.0,0.0,0.0,0.0,-10.857875645160675,0.0,19.758593014502665,0.0,0.0,0.0,7.973410721034578e-63,0.0,0.0,-13.861572742462158,0.0,0.0,1.9230541631161648e-31,0.0,0.0,0.0,1.652311568796793e-14,0.0,ppo
2023-08-21,0.0,0.0,0.0,0.0,0.0,0.0,0.0,0.0,0.0,0.0,0.0,0.0,-5.403008311986923,0.0,11.890864247635566,0.0,0.0,0.0,0.0,0.0,0.0,-10.045889019966125,0.0,0.0,0.0,0.0,0.0,0.0,0.0,0.0,ppo
2023-08-22,0.0,0.0,0.0,0.0,0.0,0.0,0.0,0.0,0.0,0.0,0.0,0.0,-5.402879416942596,0.0,12.147317614731318,0.0,0.0,0.0,3.270594684513449e-31,0.0,0.0,-10.04597544670105,0.0,1.607636827111899e-15,0.0,0.0,0.0,0.0,0.0,0.0,ppo
2023-08-23,0.0,0.0,0.0,0.0,0.0,0.0,0.0,0.0,0.0,0.0,0.0,0.0,-5.403008311986923,0.0,12.12830962841946,0.0,0.0,0.0,3.2931710473223594e-31,0.0,0.0,-10.045889019966125,0.0,1.6070016434520133e-15,0.0,0.0,0.0,0.0,0.0,0.0,ppo
2023-08-24,0.0,0.0,0.0,0.0,0.0,0.0,0.0,0.0,0.0,0.0,0.0,0.0,-5.403008311986923,0.0,0.0,0.0,0.0,0.0,2.9322912300639454e-15,0.0,0.0,-10.045889019966125,0.0,12.859771867787988,0.0,0.0,0.0,0.0,0.0,0.0,ppo
2023-08-25,0.0,0.0,0.0,0.0,0.0,0.0,0.0,0.0,0.0,0.0,0.0,0.0,-5.403008311986923,0.0,11.930594408173915,0.0,0.0,0.0,3.293505412154792e-31,0.0,0.0,-10.045889019966125,0.0,1.5995222065185856e-15,0.0,0.0,0.0,0.0,0.0,0.0,ppo
2023-08-28,0.0,0.0,0.0,0.0,0.0,0.0,0.0,0.0,0.0,0.0,0.0,0.0,-5.403008311986923,0.0,0.0,0.0,0.0,0.0,0.0,0.0,0.0,-10.045889019966125,0.0,12.815324600680857,0.0,0.0,0.0,0.0,0.0,0.0,ppo
2023-08-29,0.0,0.0,0.0,0.0,0.0,0.0,0.0,0.0,0.0,0.0,0.0,0.0,-5.408402532339096,0.0,12.120315344508057,0.0,0.0,0.0,0.0,0.0,0.0,-10.049188137054443,0.0,0.0,0.0,0.0,0.0,0.0,0.0,0.0,ppo
2023-08-30,0.0,0.0,0.0,0.0,-3.9876788854599,0.0,0.0,0.0,0.0,0.0,0.0,0.0,-5.743028223514557,0.0,0.0,0.0,0.0,0.0,0.0,0.0,0.0,-16.613468527793884,0.0,24.21608690926412,0.0,0.0,0.0,0.0,0.0,0.0,ppo
2023-08-31,0.0,0.0,0.0,0.0,-4.0148284286260605,0.0,0.0,0.0,0.0,0.0,0.0,0.0,-5.720032379031181,0.0,2.9895471046157943e-15,0.0,0.0,0.0,0.0,0.0,0.0,-16.63188636302948,0.0,24.264666779933542,0.0,0.0,0.0,0.0,0.0,9.66368701550397e-31,ppo
2023-09-01,0.0,0.0,0.0,0.0,-4.026096686720848,0.0,0.0,0.0,0.0,0.0,0.0,0.0,-5.710400268435478,0.0,23.009412655930575,0.0,0.0,0.0,6.082502990592599e-31,0.0,0.0,-16.639533638954163,0.0,0.0,0.0,0.0,0.0,0.0,0.0,8.628799808442981e-15,ppo
2023-09-05,0.0,0.0,0.0,0.0,-7.732602953910828,0.0,0.0,0.0,0.0,0.0,0.0,0.0,-3.9800550788640976,0.0,0.0,0.0,0.0,0.0,0.0,0.0,0.0,-11.376412957906723,0.0,24.291241318790824,0.0,0.0,0.0,0.0,0.0,0.0,ppo
2023-09-06,0.0,0.0,0.0,0.0,-7.732762396335602,0.0,0.0,0.0,0.0,0.0,0.0,0.0,-3.979978710412979,0.0,0.0,0.0,0.0,0.0,0.0,0.0,0.0,-11.37617900967598,0.0,24.35385329900821,0.0,0.0,0.0,0.0,0.0,0.0,ppo
2023-09-07,0.0,0.0,0.0,0.0,-4.026162251830101,0.0,0.0,0.0,0.0,0.0,0.0,0.0,-5.71037232875824,0.0,0.0,0.0,0.0,0.0,0.0,0.0,0.0,-16.639438271522522,0.0,23.949679699105303,0.0,0.0,0.0,0.0,0.0,0.0,ppo
2023-09-08,0.0,0.0,0.0,0.0,-0.7807091809809208,0.0,0.0,0.0,0.0,0.0,0.0,0.0,-5.710362643003464,0.0,0.0,0.0,0.0,0.0,0.0,0.0,0.0,-16.639399528503418,0.0,18.51380601762528,0.0,0.0,0.0,0.0,0.0,0.0,ppo
2023-09-11,0.0,9.52341816132634e-16,0.0,0.0,0.0,0.0,0.0,0.0,0.0,0.0,0.0,0.0,0.0,0.0,0.0,0.0,0.0,0.0,3.0535608602092995e-31,0.0,0.0,-16.415254771709442,0.0,10.688378967818517,0.0,0.0,0.0,0.0,0.0,0.0,ppo
2023-09-12,0.0,0.0,0.0,0.0,0.0,0.0,0.0,0.0,0.0,0.0,0.0,0.0,-7.229867577552795,0.0,0.0,0.0,0.0,0.0,0.0,0.0,0.0,-8.817102015018463,0.0,13.908516313849965,0.0,0.0,0.0,0.0,0.0,0.0,ppo
2023-09-13,0.0,0.0,0.0,0.0,0.0,0.0,0.0,0.0,0.0,0.0,0.0,0.0,-7.302793860435486,0.0,1.4961438192118293e-15,0.0,0.0,0.0,0.0,0.0,0.0,-8.785292506217957,0.0,14.33017023336295,0.0,0.0,0.0,0.0,0.0,0.0,ppo
2023-09-14,0.0,0.0,0.0,0.0,0.0,0.0,0.0,0.0,0.0,0.0,0.0,0.0,-11.672617495059967,0.0,0.0,0.0,0.0,0.0,0.0,0.0,0.0,-3.679993748664856,0.0,16.269593299641862,0.0,0.0,0.0,0.0,0.0,0.0,ppo
2023-09-15,0.0,0.0,0.0,0.0,0.0,0.0,0.0,0.0,0.0,0.0,0.0,0.0,-3.2340198755264282,0.0,3.65242770090941,0.0,0.0,0.0,0.0,0.0,0.0,0.0,0.0,0.0,0.0,0.0,0.0,0.0,0.0,0.0,ppo
2023-09-18,0.0,0.0,0.0,0.0,0.0,0.0,0.0,0.0,0.0,0.0,0.0,0.0,-5.4030269384384155,0.0,0.0,0.0,0.0,0.0,0.0,0.0,0.0,-10.045862197875977,0.0,12.897050194026269,0.0,0.0,0.0,0.0,0.0,0.0,ppo
2023-09-19,0.0,0.0,0.0,0.0,0.0,0.0,0.0,0.0,0.0,0.0,0.0,0.0,-5.403008311986923,0.0,0.0,0.0,0.0,0.0,0.0,0.0,0.0,-10.045889019966125,0.0,12.846062643083584,0.0,0.0,0.0,0.0,0.0,0.0,ppo
2023-09-20,0.0,0.0,0.0,0.0,0.0,0.0,0.0,0.0,0.0,0.0,0.0,0.0,0.0,0.0,0.0,0.0,0.0,0.0,0.0,0.0,0.0,-9.766796231269836,0.0,6.133940437196401,0.0,0.0,0.0,0.0,0.0,0.0,ppo
2023-09-21,0.0,0.0,0.0,0.0,0.0,0.0,0.0,0.0,0.0,0.0,0.0,0.0,-4.05973494052887,0.0,7.722026675156127,0.0,0.0,0.0,0.0,0.0,0.0,-5.239063501358032,0.0,0.0,0.0,0.0,0.0,0.0,0.0,0.0,ppo
2023-09-22,0.0,0.0,0.0,0.0,0.0,0.0,0.0,0.0,0.0,0.0,0.0,0.0,-6.396757066249847,0.0,9.392113210783739,0.0,0.0,0.0,2.9972592917507484e-15,0.0,0.0,-3.720002621412277,0.0,1.7804948069324916e-31,0.0,0.0,0.0,1.4894031658586433e-79,1.011280011150583e-46,5.929223538072459e-63,ppo
2023-09-25,0.0,0.0,0.0,0.0,0.0,0.0,0.0,0.0,0.0,0.0,0.0,0.0,-6.396755576133728,0.0,9.379622232146746,0.0,0.0,0.0,0.0,0.0,0.0,-3.720002621412277,0.0,0.0,0.0,0.0,0.0,0.0,0.0,0.0,ppo
2023-09-26,0.0,0.0,0.0,0.0,0.0,0.0,0.0,0.0,0.0,0.0,0.0,0.0,-6.396755576133728,0.0,0.0,0.0,0.0,0.0,0.0,0.0,0.0,-3.720002621412277,0.0,0.0,5.616620000231917,0.0,0.0,0.0,0.0,0.0,ppo
2023-09-27,0.0,0.0,0.0,0.0,0.0,0.0,0.0,0.0,0.0,0.0,0.0,0.0,-14.112730324268341,0.0,0.0,0.0,-0.23573487997055054,0.0,0.0,0.0,0.0,0.0,0.0,21.81527316570282,1.083127801188701,-9.558097273111343,0.0,0.0,21.730417013168335,0.0,ppo
2023-09-28,0.0,0.0,0.0,0.0,0.0,0.0,0.0,0.0,0.0,0.0,0.0,0.0,-23.58568161725998,0.0,0.0,0.0,-2.512124925851822,0.0,0.0,0.0,0.0,-7.883255183696747,0.0,0.0,23.920250812627064,-7.088444381952286,0.0,0.0,0.0,0.0,ppo
2023-09-29,0.0,0.0,0.0,0.0,0.0,0.0,0.0,0.0,0.0,0.0,0.0,0.0,-18.130137026309967,0.0,30.01850381296303,0.0,0.0,0.0,0.0,0.0,0.0,-1.8443629145622253,0.0,0.0,0.0,-7.527592033147812,0.0,0.0,0.0,0.0,ppo
2023-10-02,0.0,0.0,0.0,0.0,0.0,0.0,0.0,0.0,0.0,0.0,0.0,0.0,-13.289600610733032,0.0,0.0,0.0,-2.9498301446437836,0.0,0.0,0.0,0.0,-14.843499660491943,0.0,0.0,17.236341018645984,-4.00158129632473,0.0,0.0,0.0,0.0,ppo
2023-10-03,0.0,0.0,0.0,0.0,0.0,0.0,0.0,0.0,0.0,0.0,0.0,0.0,-23.895445466041565,0.0,37.50149607658386,0.0,-6.6359743475914,0.0,0.0,0.0,0.0,-15.647433698177338,0.0,2.937740871680883,0.0,-1.1762042529881,0.0,0.0,0.0,0.0,ppo
2023-10-05,0.0,0.0,0.0,0.0,0.0,0.0,0.0,0.0,0.0,0.0,0.0,0.0,0.0,0.0,0.0,0.0,0.0,0.0,-35.372051673954516,0.0,0.0,0.0,0.0,-100.0,46.60414235782809,-100.0,100.0,-92.44499216708388,-100.0,-100.0,ddpg
2023-10-06,0.0,0.0,0.0,0.0,0.0,0.0,0.0,0.0,0.0,0.0,0.0,0.0,0.0,0.0,0.0,0.0,0.0,0.0,0.0,0.0,0.0,0.0,0.0,-100.0,0.0,-100.0,75.02463267331817,0.0,-100.0,-100.0,ddpg
2023-10-09,0.0,0.0,0.0,0.0,0.0,0.0,0.0,0.0,0.0,0.0,0.0,0.0,0.0,0.0,0.0,0.0,0.0,0.0,0.0,0.0,0.0,0.0,0.0,-100.0,0.0,-35.90729525312781,53.4349225083084,0.0,-100.0,-100.0,ddpg
2023-10-10,0.0,0.0,0.0,0.0,0.0,0.0,0.0,0.0,0.0,0.0,0.0,0.0,0.0,0.0,0.0,0.0,0.0,0.0,0.0,0.0,0.0,0.0,0.0,-100.0,0.0,0.0,42.01518056481898,0.0,-100.0,-100.0,ddpg
2023-10-11,0.0,0.0,0.0,0.0,0.0,0.0,0.0,0.0,0.0,0.0,0.0,0.0,0.0,0.0,0.0,0.0,0.0,0.0,0.0,0.0,0.0,0.0,0.0,-100.0,0.0,0.0,42.628860162511124,0.0,-100.0,-100.0,ddpg
2023-10-12,0.0,0.0,0.0,0.0,0.0,0.0,0.0,0.0,0.0,0.0,0.0,0.0,0.0,0.0,0.0,0.0,0.0,0.0,0.0,0.0,0.0,0.0,0.0,-100.0,0.0,0.0,42.29556820694461,0.0,-100.0,-100.0,ddpg
2023-10-13,0.0,0.0,2.7464251585736702e-14,0.0,0.0,0.0,0.0,0.0,0.0,0.0,0.0,0.0,0.0,0.0,0.0,0.0,0.0,0.0,0.0,0.0,0.0,0.0,0.0,-100.0,0.0,0.0,42.1948526852391,0.0,-100.0,-100.0,ddpg
2023-10-16,0.0,0.0,0.0,0.0,0.0,0.0,0.0,0.0,0.0,0.0,0.0,0.0,0.0,0.0,0.0,0.0,0.0,0.0,0.0,0.0,0.0,0.0,0.0,-100.0,0.0,0.0,41.374762456970274,0.0,-100.0,-100.0,ddpg
2023-10-17,0.0,0.0,0.0,0.0,0.0,0.0,0.0,0.0,0.0,0.0,0.0,0.0,0.0,0.0,0.0,0.0,0.0,0.0,0.0,0.0,0.0,0.0,0.0,-100.0,78.69294018900632,0.0,0.0,0.0,-24.640047550201416,-100.0,ddpg
2023-10-18,0.0,0.0,0.0,0.0,0.0,0.0,0.0,0.0,0.0,0.0,0.0,0.0,0.0,0.0,0.0,0.0,0.0,0.0,0.0,0.0,0.0,0.0,0.0,-100.0,0.0,0.0,36.8753012595738,0.0,0.0,-100.0,ddpg
2023-10-19,0.0,0.0,0.0,0.0,0.0,0.0,0.0,0.0,0.0,0.0,0.0,0.0,0.0,0.0,0.0,0.0,0.0,0.0,0.0,0.0,0.0,0.0,0.0,-100.0,0.0,0.0,37.611115894646574,0.0,0.0,-100.0,ddpg
2023-10-20,0.0,0.0,0.0,0.0,0.0,0.0,0.0,0.0,0.0,0.0,0.0,0.0,0.0,0.0,0.0,0.0,0.0,0.0,0.0,0.0,0.0,0.0,0.0,-100.0,0.0,0.0,37.71998833535784,0.0,0.0,-100.0,ddpg
2023-10-23,0.0,0.0,0.0,0.0,0.0,0.0,0.0,0.0,0.0,0.0,0.0,0.0,0.0,0.0,0.0,0.0,0.0,0.0,0.0,0.0,0.0,0.0,0.0,-100.0,81.56707828873483,0.0,0.0,0.0,0.0,-100.0,ddpg
2023-10-24,0.0,0.0,2.871637589078243e-14,0.0,0.0,0.0,0.0,0.0,0.0,0.0,0.0,0.0,0.0,0.0,0.0,0.0,0.0,0.0,0.0,0.0,0.0,0.0,0.0,-100.0,0.0,0.0,38.44432004002491,0.0,0.0,-100.0,ddpg
2023-10-25,0.0,0.0,0.0,0.0,0.0,0.0,0.0,0.0,0.0,0.0,0.0,0.0,0.0,0.0,0.0,0.0,0.0,0.0,0.0,0.0,0.0,0.0,0.0,-100.0,0.0,0.0,38.666196448441255,0.0,0.0,-100.0,ddpg
2023-10-26,0.0,0.0,0.0,0.0,0.0,0.0,0.0,0.0,0.0,0.0,0.0,0.0,0.0,0.0,0.0,0.0,0.0,0.0,0.0,0.0,0.0,0.0,0.0,-100.0,0.0,0.0,38.384717282270486,0.0,0.0,-100.0,ddpg
2023-10-27,0.0,0.0,0.0,0.0,0.0,0.0,0.0,0.0,0.0,0.0,0.0,0.0,0.0,0.0,0.0,0.0,0.0,0.0,0.0,0.0,0.0,0.0,0.0,-100.0,0.0,0.0,38.30643827434309,0.0,0.0,-100.0,ddpg
2023-10-30,0.0,0.0,0.0,0.0,0.0,0.0,0.0,0.0,0.0,0.0,0.0,0.0,0.0,0.0,0.0,0.0,0.0,0.0,0.0,0.0,0.0,0.0,0.0,-100.0,0.0,0.0,38.04261272252222,0.0,0.0,-100.0,ddpg
2023-10-31,0.0,0.0,0.0,0.0,0.0,0.0,0.0,0.0,0.0,0.0,0.0,0.0,0.0,0.0,0.0,0.0,0.0,0.0,0.0,0.0,0.0,0.0,0.0,-72.51931101790728,0.0,0.0,30.553847525056714,0.0,0.0,-100.0,ddpg
2023-11-01,0.0,0.0,7.579331679418284e-31,0.0,0.0,0.0,0.0,0.0,0.0,0.0,0.0,0.0,0.0,0.0,0.0,0.0,0.0,0.0,0.0,0.0,0.0,0.0,0.0,0.0,3.897935958201976e-15,0.0,10.375173314248828,0.0,0.0,-100.0,ddpg
2023-11-02,0.0,0.0,0.0,0.0,0.0,0.0,0.0,0.0,0.0,0.0,0.0,0.0,0.0,0.0,0.0,0.0,0.0,0.0,0.0,0.0,0.0,0.0,0.0,0.0,0.0,0.0,10.545850427518651,0.0,0.0,-100.0,ddpg
2023-11-03,0.0,0.0,0.0,0.0,0.0,0.0,0.0,0.0,0.0,0.0,0.0,0.0,0.0,0.0,0.0,0.0,0.0,0.0,0.0,0.0,0.0,0.0,0.0,0.0,3.6218488250302694,0.0,0.0,0.0,0.0,-16.25602364871247,ddpg
2023-11-06,0.0,0.0,0.0,0.0,0.0,0.0,0.0,0.0,0.0,0.0,0.0,0.0,0.0,0.0,0.0,0.0,0.0,0.0,0.0,0.0,0.0,0.0,0.0,0.0,0.0,0.0,0.0,0.0,0.0,0.0,ddpg
2023-11-07,0.0,0.0,0.0,0.0,0.0,0.0,0.0,0.0,0.0,0.0,0.0,0.0,0.0,0.0,0.0,0.0,0.0,0.0,0.0,0.0,0.0,0.0,0.0,0.0,0.0,0.0,0.0,0.0,0.0,0.0,ddpg
2023-11-08,0.0,0.0,0.0,0.0,0.0,0.0,0.0,0.0,0.0,0.0,0.0,0.0,0.0,0.0,0.0,0.0,0.0,0.0,0.0,0.0,0.0,0.0,0.0,0.0,0.0,0.0,0.0,0.0,0.0,0.0,ddpg
2023-11-09,0.0,0.0,0.0,0.0,0.0,0.0,0.0,0.0,0.0,0.0,0.0,0.0,0.0,0.0,0.0,0.0,0.0,0.0,0.0,0.0,0.0,0.0,0.0,0.0,0.0,0.0,0.0,0.0,0.0,0.0,ddpg
2023-11-10,0.0,0.0,0.0,0.0,0.0,0.0,0.0,0.0,0.0,0.0,0.0,0.0,0.0,0.0,0.0,0.0,0.0,0.0,0.0,0.0,0.0,0.0,0.0,0.0,0.0,0.0,0.0,0.0,0.0,0.0,ddpg
2023-11-13,0.0,0.0,0.0,0.0,0.0,0.0,0.0,0.0,0.0,0.0,0.0,0.0,0.0,0.0,0.0,0.0,0.0,0.0,0.0,0.0,0.0,0.0,0.0,0.0,0.0,0.0,0.0,0.0,0.0,0.0,ddpg
2023-11-14,0.0,0.0,0.0,0.0,0.0,0.0,0.0,0.0,0.0,0.0,0.0,0.0,0.0,0.0,0.0,0.0,0.0,0.0,0.0,0.0,0.0,0.0,0.0,0.0,0.0,0.0,0.0,0.0,0.0,0.0,ddpg
2023-11-15,0.0,0.0,0.0,0.0,0.0,0.0,0.0,0.0,0.0,0.0,0.0,0.0,0.0,0.0,0.0,0.0,0.0,0.0,0.0,0.0,0.0,0.0,0.0,0.0,0.0,0.0,0.0,0.0,0.0,0.0,ddpg
2023-11-16,0.0,0.0,0.0,0.0,0.0,0.0,0.0,0.0,0.0,0.0,0.0,0.0,0.0,0.0,0.0,0.0,0.0,0.0,0.0,0.0,0.0,0.0,0.0,0.0,0.0,0.0,0.0,0.0,0.0,0.0,ddpg
2023-11-17,0.0,0.0,0.0,0.0,0.0,0.0,0.0,0.0,0.0,0.0,0.0,0.0,0.0,0.0,0.0,0.0,0.0,0.0,0.0,0.0,0.0,0.0,0.0,0.0,0.0,0.0,0.0,0.0,0.0,0.0,ddpg
2023-11-20,0.0,0.0,0.0,0.0,0.0,0.0,0.0,0.0,0.0,0.0,0.0,0.0,0.0,0.0,0.0,0.0,0.0,0.0,0.0,0.0,0.0,0.0,0.0,0.0,0.0,0.0,0.0,0.0,0.0,0.0,ddpg
2023-11-21,0.0,0.0,0.0,0.0,0.0,0.0,0.0,0.0,0.0,0.0,0.0,0.0,0.0,0.0,0.0,0.0,0.0,0.0,0.0,0.0,0.0,0.0,0.0,0.0,0.0,0.0,0.0,0.0,0.0,0.0,ddpg
2023-11-22,0.0,0.0,0.0,0.0,0.0,0.0,0.0,0.0,0.0,0.0,0.0,0.0,0.0,0.0,0.0,0.0,0.0,0.0,0.0,0.0,0.0,0.0,0.0,0.0,0.0,0.0,0.0,0.0,0.0,0.0,ddpg
2023-11-24,0.0,0.0,0.0,0.0,0.0,0.0,0.0,0.0,0.0,0.0,0.0,0.0,0.0,0.0,0.0,0.0,0.0,0.0,0.0,0.0,0.0,0.0,0.0,0.0,0.0,0.0,0.0,0.0,0.0,0.0,ddpg
2023-11-27,0.0,0.0,0.0,0.0,0.0,0.0,0.0,0.0,0.0,0.0,0.0,0.0,0.0,0.0,0.0,0.0,0.0,0.0,0.0,0.0,0.0,0.0,0.0,0.0,0.0,0.0,0.0,0.0,0.0,0.0,ddpg
2023-11-28,0.0,0.0,0.0,0.0,0.0,0.0,0.0,0.0,0.0,0.0,0.0,0.0,0.0,0.0,0.0,0.0,0.0,0.0,0.0,0.0,0.0,0.0,0.0,0.0,0.0,0.0,0.0,0.0,0.0,0.0,ddpg
2023-11-29,0.0,0.0,0.0,0.0,0.0,0.0,0.0,0.0,0.0,0.0,0.0,0.0,0.0,0.0,0.0,0.0,0.0,0.0,0.0,0.0,0.0,0.0,0.0,0.0,0.0,0.0,0.0,0.0,0.0,0.0,ddpg
2023-11-30,0.0,0.0,0.0,0.0,0.0,0.0,0.0,0.0,0.0,0.0,0.0,0.0,0.0,0.0,0.0,0.0,0.0,0.0,0.0,0.0,0.0,0.0,0.0,0.0,0.0,0.0,0.0,0.0,0.0,0.0,ddpg
2023-12-01,0.0,0.0,0.0,0.0,0.0,0.0,0.0,0.0,0.0,0.0,0.0,0.0,0.0,0.0,0.0,0.0,0.0,0.0,0.0,0.0,0.0,0.0,0.0,0.0,0.0,0.0,0.0,0.0,0.0,0.0,ddpg
2023-12-04,0.0,0.0,0.0,0.0,0.0,0.0,0.0,0.0,0.0,0.0,0.0,0.0,0.0,0.0,0.0,0.0,0.0,0.0,0.0,0.0,0.0,0.0,0.0,0.0,0.0,0.0,0.0,0.0,0.0,0.0,ddpg
2023-12-05,0.0,0.0,0.0,0.0,0.0,0.0,0.0,0.0,0.0,0.0,0.0,0.0,0.0,0.0,0.0,0.0,0.0,0.0,0.0,0.0,0.0,0.0,0.0,0.0,0.0,0.0,0.0,0.0,0.0,0.0,ddpg
2023-12-06,0.0,0.0,0.0,0.0,0.0,0.0,0.0,0.0,0.0,0.0,0.0,0.0,0.0,0.0,0.0,0.0,0.0,0.0,0.0,0.0,0.0,0.0,0.0,0.0,0.0,0.0,0.0,0.0,0.0,0.0,ddpg
2023-12-07,0.0,0.0,0.0,0.0,0.0,0.0,0.0,0.0,0.0,0.0,0.0,0.0,0.0,0.0,0.0,0.0,0.0,0.0,0.0,0.0,0.0,0.0,0.0,0.0,0.0,0.0,0.0,0.0,0.0,0.0,ddpg
2023-12-08,0.0,0.0,0.0,0.0,0.0,0.0,0.0,0.0,0.0,0.0,0.0,0.0,0.0,0.0,0.0,0.0,0.0,0.0,0.0,0.0,0.0,0.0,0.0,0.0,0.0,0.0,0.0,0.0,0.0,0.0,ddpg
2023-12-11,0.0,0.0,0.0,0.0,0.0,0.0,0.0,0.0,0.0,0.0,0.0,0.0,0.0,0.0,0.0,0.0,0.0,0.0,0.0,0.0,0.0,0.0,0.0,0.0,0.0,0.0,0.0,0.0,0.0,0.0,ddpg
2023-12-12,0.0,0.0,0.0,0.0,0.0,0.0,0.0,0.0,0.0,0.0,0.0,0.0,0.0,0.0,0.0,0.0,0.0,0.0,0.0,0.0,0.0,0.0,0.0,0.0,0.0,0.0,0.0,0.0,0.0,0.0,ddpg
2023-12-13,0.0,0.0,0.0,0.0,0.0,0.0,0.0,0.0,0.0,0.0,0.0,0.0,0.0,0.0,0.0,0.0,0.0,0.0,0.0,0.0,0.0,0.0,0.0,0.0,0.0,0.0,0.0,0.0,0.0,0.0,ddpg
2023-12-14,0.0,0.0,0.0,0.0,0.0,0.0,0.0,0.0,0.0,0.0,0.0,0.0,0.0,0.0,0.0,0.0,0.0,0.0,0.0,0.0,0.0,0.0,0.0,0.0,0.0,0.0,0.0,0.0,0.0,0.0,ddpg
2023-12-15,0.0,0.0,0.0,0.0,0.0,0.0,0.0,0.0,0.0,0.0,0.0,0.0,0.0,0.0,0.0,0.0,0.0,0.0,0.0,0.0,0.0,0.0,0.0,0.0,0.0,0.0,0.0,0.0,0.0,0.0,ddpg
2023-12-18,0.0,0.0,0.0,0.0,0.0,0.0,0.0,0.0,0.0,0.0,0.0,0.0,0.0,0.0,0.0,0.0,0.0,0.0,0.0,0.0,0.0,0.0,0.0,0.0,0.0,0.0,0.0,0.0,0.0,0.0,ddpg
2023-12-19,0.0,0.0,0.0,0.0,0.0,0.0,0.0,0.0,0.0,0.0,0.0,0.0,0.0,0.0,0.0,0.0,0.0,0.0,0.0,0.0,0.0,0.0,0.0,0.0,0.0,0.0,0.0,0.0,0.0,0.0,ddpg
2023-12-20,0.0,0.0,0.0,0.0,0.0,0.0,0.0,0.0,0.0,0.0,0.0,0.0,0.0,0.0,0.0,0.0,0.0,0.0,0.0,0.0,0.0,0.0,0.0,0.0,0.0,0.0,0.0,0.0,0.0,0.0,ddpg
2023-12-21,0.0,0.0,0.0,0.0,0.0,0.0,0.0,0.0,0.0,0.0,0.0,0.0,0.0,0.0,0.0,0.0,0.0,0.0,0.0,0.0,0.0,0.0,0.0,0.0,0.0,0.0,0.0,0.0,0.0,0.0,ddpg
2023-12-22,0.0,0.0,0.0,0.0,0.0,0.0,0.0,0.0,0.0,0.0,0.0,0.0,0.0,0.0,0.0,0.0,0.0,0.0,0.0,0.0,0.0,0.0,0.0,0.0,0.0,0.0,0.0,0.0,0.0,0.0,ddpg
2023-12-26,0.0,0.0,0.0,0.0,0.0,0.0,0.0,0.0,0.0,0.0,0.0,0.0,0.0,0.0,0.0,0.0,0.0,0.0,0.0,0.0,0.0,0.0,0.0,0.0,0.0,0.0,0.0,0.0,0.0,0.0,ddpg
2023-12-27,0.0,0.0,0.0,0.0,0.0,0.0,0.0,0.0,0.0,0.0,0.0,0.0,0.0,0.0,0.0,0.0,0.0,0.0,0.0,0.0,0.0,0.0,0.0,0.0,0.0,0.0,0.0,0.0,0.0,0.0,ddpg
2023-12-28,0.0,0.0,0.0,0.0,0.0,0.0,0.0,0.0,0.0,0.0,0.0,0.0,0.0,0.0,0.0,0.0,0.0,0.0,0.0,0.0,0.0,0.0,0.0,0.0,0.0,0.0,0.0,0.0,0.0,0.0,ddpg
2023-12-29,0.0,0.0,0.0,0.0,0.0,0.0,0.0,0.0,0.0,0.0,0.0,0.0,0.0,0.0,0.0,0.0,0.0,0.0,0.0,0.0,0.0,0.0,0.0,0.0,0.0,0.0,0.0,0.0,0.0,0.0,ddpg
2024-01-02,0.0,0.0,0.0,0.0,0.0,0.0,0.0,0.0,0.0,0.0,0.0,0.0,0.0,0.0,0.0,0.0,0.0,0.0,0.0,0.0,0.0,0.0,0.0,0.0,0.0,0.0,0.0,0.0,0.0,0.0,ddpg
2024-01-03,0.0,0.0,0.0,0.0,0.0,0.0,0.0,0.0,0.0,0.0,0.0,0.0,0.0,0.0,0.0,0.0,0.0,0.0,0.0,0.0,0.0,0.0,0.0,0.0,0.0,0.0,0.0,0.0,0.0,0.0,ddpg
2024-01-05,0.0,0.0,0.0,0.0,0.0,0.0,0.0,0.0,0.0,0.0,0.0,0.0,0.0,0.0,0.0,0.0,0.0,0.0,0.0,0.0,0.0,0.0,0.0,0.0,0.0,0.0,0.0,0.0,0.0,0.0,ddpg
2024-01-08,0.0,0.0,0.0,0.0,0.0,0.0,0.0,0.0,0.0,0.0,0.0,0.0,0.0,0.0,0.0,0.0,0.0,0.0,0.0,0.0,0.0,0.0,0.0,0.0,0.0,0.0,0.0,0.0,0.0,0.0,ddpg
2024-01-09,0.0,0.0,0.0,0.0,0.0,0.0,0.0,0.0,0.0,0.0,0.0,0.0,0.0,0.0,0.0,0.0,0.0,0.0,0.0,0.0,0.0,0.0,0.0,0.0,0.0,0.0,0.0,0.0,0.0,0.0,ddpg
2024-01-10,0.0,0.0,0.0,0.0,0.0,0.0,0.0,0.0,0.0,0.0,0.0,0.0,0.0,0.0,0.0,0.0,0.0,0.0,0.0,0.0,0.0,0.0,0.0,0.0,0.0,0.0,0.0,0.0,0.0,0.0,ddpg
2024-01-11,0.0,0.0,0.0,0.0,0.0,0.0,0.0,0.0,0.0,0.0,0.0,0.0,0.0,0.0,0.0,0.0,0.0,0.0,0.0,0.0,0.0,0.0,0.0,0.0,0.0,0.0,0.0,0.0,0.0,0.0,ddpg
2024-01-12,0.0,0.0,0.0,0.0,0.0,0.0,0.0,0.0,0.0,0.0,0.0,0.0,0.0,0.0,0.0,0.0,0.0,0.0,0.0,0.0,0.0,0.0,0.0,0.0,0.0,0.0,0.0,0.0,0.0,0.0,ddpg
2024-01-16,0.0,0.0,0.0,0.0,0.0,0.0,0.0,0.0,0.0,0.0,0.0,0.0,0.0,0.0,0.0,0.0,0.0,0.0,0.0,0.0,0.0,0.0,0.0,0.0,0.0,0.0,0.0,0.0,0.0,0.0,ddpg
2024-01-17,0.0,0.0,0.0,0.0,0.0,0.0,0.0,0.0,0.0,0.0,0.0,0.0,0.0,0.0,0.0,0.0,0.0,0.0,0.0,0.0,0.0,0.0,0.0,0.0,0.0,0.0,0.0,0.0,0.0,0.0,ddpg
2024-01-18,0.0,0.0,0.0,0.0,0.0,0.0,0.0,0.0,0.0,0.0,0.0,0.0,0.0,0.0,0.0,0.0,0.0,0.0,0.0,0.0,0.0,0.0,0.0,0.0,0.0,0.0,0.0,0.0,0.0,0.0,ddpg
2024-01-19,0.0,0.0,0.0,0.0,0.0,0.0,0.0,0.0,0.0,0.0,0.0,0.0,0.0,0.0,0.0,0.0,0.0,0.0,0.0,0.0,0.0,0.0,0.0,0.0,0.0,0.0,0.0,0.0,0.0,0.0,ddpg
2024-01-22,0.0,0.0,0.0,0.0,0.0,0.0,0.0,0.0,0.0,0.0,0.0,0.0,0.0,0.0,0.0,0.0,0.0,0.0,0.0,0.0,0.0,0.0,0.0,0.0,0.0,0.0,0.0,0.0,0.0,0.0,ddpg
2024-01-23,0.0,0.0,0.0,0.0,0.0,0.0,0.0,0.0,0.0,0.0,0.0,0.0,0.0,0.0,0.0,0.0,0.0,0.0,0.0,0.0,0.0,0.0,0.0,0.0,0.0,0.0,0.0,0.0,0.0,0.0,ddpg
2024-01-24,0.0,0.0,0.0,0.0,0.0,0.0,0.0,0.0,0.0,0.0,0.0,0.0,0.0,0.0,0.0,0.0,0.0,0.0,0.0,0.0,0.0,0.0,0.0,0.0,0.0,0.0,0.0,0.0,0.0,0.0,ddpg
2024-01-25,0.0,0.0,0.0,0.0,0.0,0.0,0.0,0.0,0.0,0.0,0.0,0.0,0.0,0.0,0.0,0.0,0.0,0.0,0.0,0.0,0.0,0.0,0.0,0.0,0.0,0.0,0.0,0.0,0.0,0.0,ddpg
2024-01-26,0.0,0.0,0.0,0.0,0.0,0.0,0.0,0.0,0.0,0.0,0.0,0.0,0.0,0.0,0.0,0.0,0.0,0.0,0.0,0.0,0.0,0.0,0.0,0.0,0.0,0.0,0.0,0.0,0.0,0.0,ddpg
2024-01-29,0.0,0.0,0.0,0.0,0.0,0.0,0.0,0.0,0.0,0.0,0.0,0.0,0.0,0.0,0.0,0.0,0.0,0.0,0.0,0.0,0.0,0.0,0.0,0.0,0.0,0.0,0.0,0.0,0.0,0.0,ddpg
2024-01-30,0.0,0.0,0.0,0.0,0.0,0.0,0.0,0.0,0.0,0.0,0.0,0.0,0.0,0.0,0.0,0.0,0.0,0.0,0.0,0.0,0.0,0.0,0.0,0.0,0.0,0.0,0.0,0.0,0.0,0.0,ddpg
2024-01-31,0.0,0.0,0.0,0.0,0.0,0.0,0.0,0.0,0.0,0.0,0.0,0.0,0.0,0.0,0.0,0.0,0.0,0.0,0.0,0.0,0.0,0.0,0.0,0.0,0.0,0.0,0.0,0.0,0.0,0.0,ddpg
2024-02-01,0.0,0.0,0.0,0.0,0.0,0.0,0.0,0.0,0.0,0.0,0.0,0.0,0.0,0.0,0.0,0.0,0.0,0.0,0.0,0.0,0.0,0.0,0.0,0.0,0.0,0.0,0.0,0.0,0.0,0.0,ddpg
2024-02-02,0.0,0.0,0.0,0.0,0.0,0.0,0.0,0.0,0.0,0.0,0.0,0.0,0.0,0.0,0.0,0.0,0.0,0.0,0.0,0.0,0.0,0.0,0.0,0.0,0.0,0.0,0.0,0.0,0.0,0.0,ddpg
2024-02-05,0.0,0.0,0.0,0.0,0.0,0.0,0.0,0.0,0.0,0.0,0.0,0.0,0.0,0.0,0.0,0.0,0.0,0.0,0.0,0.0,0.0,0.0,0.0,0.0,0.0,0.0,0.0,0.0,0.0,0.0,ddpg
2024-02-06,0.0,0.0,0.0,0.0,0.0,0.0,0.0,0.0,0.0,0.0,0.0,0.0,0.0,0.0,0.0,0.0,0.0,0.0,0.0,0.0,0.0,0.0,0.0,0.0,0.0,0.0,0.0,0.0,0.0,0.0,ddpg
2024-02-07,0.0,0.0,0.0,0.0,0.0,0.0,0.0,0.0,0.0,0.0,0.0,0.0,0.0,0.0,0.0,0.0,0.0,0.0,0.0,0.0,0.0,0.0,0.0,0.0,0.0,0.0,0.0,0.0,0.0,0.0,ddpg
2024-02-08,0.0,0.0,0.0,0.0,0.0,0.0,0.0,0.0,0.0,0.0,0.0,0.0,0.0,0.0,0.0,0.0,0.0,0.0,0.0,0.0,0.0,0.0,0.0,0.0,0.0,0.0,0.0,0.0,0.0,0.0,ddpg
2024-02-09,0.0,0.0,0.0,0.0,0.0,0.0,0.0,0.0,0.0,0.0,0.0,0.0,0.0,0.0,0.0,0.0,0.0,0.0,0.0,0.0,0.0,0.0,0.0,0.0,0.0,0.0,0.0,0.0,0.0,0.0,ddpg
2024-02-12,0.0,0.0,0.0,0.0,0.0,0.0,0.0,0.0,0.0,0.0,0.0,0.0,0.0,0.0,0.0,0.0,0.0,0.0,0.0,0.0,0.0,0.0,0.0,0.0,0.0,0.0,0.0,0.0,0.0,0.0,ddpg
2024-02-13,0.0,0.0,0.0,0.0,0.0,0.0,0.0,0.0,0.0,0.0,0.0,0.0,0.0,0.0,0.0,0.0,0.0,0.0,0.0,0.0,0.0,0.0,0.0,0.0,0.0,0.0,0.0,0.0,0.0,0.0,ddpg
2024-02-14,0.0,0.0,0.0,0.0,0.0,0.0,0.0,0.0,0.0,0.0,0.0,0.0,0.0,0.0,0.0,0.0,0.0,0.0,0.0,0.0,0.0,0.0,0.0,0.0,0.0,0.0,0.0,0.0,0.0,0.0,ddpg
2024-02-15,0.0,0.0,0.0,0.0,0.0,0.0,0.0,0.0,0.0,0.0,0.0,0.0,0.0,0.0,0.0,0.0,0.0,0.0,0.0,0.0,0.0,0.0,0.0,0.0,0.0,0.0,0.0,0.0,0.0,0.0,ddpg
2024-02-16,0.0,0.0,0.0,0.0,0.0,0.0,0.0,0.0,0.0,0.0,0.0,0.0,0.0,0.0,0.0,0.0,0.0,0.0,0.0,0.0,0.0,0.0,0.0,0.0,0.0,0.0,0.0,0.0,0.0,0.0,ddpg
2024-02-20,0.0,0.0,0.0,0.0,0.0,0.0,0.0,0.0,0.0,0.0,0.0,0.0,0.0,0.0,0.0,0.0,0.0,0.0,0.0,0.0,0.0,0.0,0.0,0.0,0.0,0.0,0.0,0.0,0.0,0.0,ddpg
2024-02-21,0.0,0.0,0.0,0.0,0.0,0.0,0.0,0.0,0.0,0.0,0.0,0.0,0.0,0.0,0.0,0.0,0.0,0.0,0.0,0.0,0.0,0.0,0.0,0.0,0.0,0.0,0.0,0.0,0.0,0.0,ddpg
2024-02-22,0.0,0.0,0.0,0.0,0.0,0.0,0.0,0.0,0.0,0.0,0.0,0.0,0.0,0.0,0.0,0.0,0.0,0.0,0.0,0.0,0.0,0.0,0.0,0.0,0.0,0.0,0.0,0.0,0.0,0.0,ddpg
2024-02-23,0.0,0.0,0.0,0.0,0.0,0.0,0.0,0.0,0.0,0.0,0.0,0.0,0.0,0.0,0.0,0.0,0.0,0.0,0.0,0.0,0.0,0.0,0.0,0.0,0.0,0.0,0.0,0.0,0.0,0.0,ddpg
2024-02-26,0.0,0.0,0.0,0.0,0.0,0.0,0.0,0.0,0.0,0.0,0.0,0.0,0.0,0.0,0.0,0.0,0.0,0.0,0.0,0.0,0.0,0.0,0.0,0.0,0.0,0.0,0.0,0.0,0.0,0.0,ddpg
2024-02-27,0.0,0.0,0.0,0.0,0.0,0.0,0.0,0.0,0.0,0.0,0.0,0.0,0.0,0.0,0.0,0.0,0.0,0.0,0.0,0.0,0.0,0.0,0.0,0.0,0.0,0.0,0.0,0.0,0.0,0.0,ddpg
2024-02-28,0.0,0.0,0.0,0.0,0.0,0.0,0.0,0.0,0.0,0.0,0.0,0.0,0.0,0.0,0.0,0.0,0.0,0.0,0.0,0.0,0.0,0.0,0.0,0.0,0.0,0.0,0.0,0.0,0.0,0.0,ddpg
2024-02-29,0.0,0.0,0.0,0.0,0.0,0.0,0.0,0.0,0.0,0.0,0.0,0.0,0.0,0.0,0.0,0.0,0.0,0.0,0.0,0.0,0.0,0.0,0.0,0.0,0.0,0.0,0.0,0.0,0.0,0.0,ddpg
2024-03-01,0.0,0.0,0.0,0.0,0.0,0.0,0.0,0.0,0.0,0.0,0.0,0.0,0.0,0.0,0.0,0.0,0.0,0.0,0.0,0.0,0.0,0.0,0.0,0.0,0.0,0.0,0.0,0.0,0.0,0.0,ddpg
2024-03-04,0.0,0.0,0.0,0.0,0.0,0.0,0.0,0.0,0.0,0.0,0.0,0.0,0.0,0.0,0.0,0.0,0.0,0.0,0.0,0.0,0.0,0.0,0.0,0.0,0.0,0.0,0.0,0.0,0.0,0.0,ddpg
2024-03-05,0.0,0.0,0.0,0.0,0.0,0.0,0.0,0.0,0.0,0.0,0.0,0.0,0.0,0.0,0.0,0.0,0.0,0.0,0.0,0.0,0.0,0.0,0.0,0.0,0.0,0.0,0.0,0.0,0.0,0.0,ddpg
2024-03-06,0.0,0.0,0.0,0.0,0.0,0.0,0.0,0.0,0.0,0.0,0.0,0.0,0.0,0.0,0.0,0.0,0.0,0.0,0.0,0.0,0.0,0.0,0.0,0.0,0.0,0.0,0.0,0.0,0.0,0.0,ddpg
2024-03-07,0.0,0.0,0.0,0.0,0.0,0.0,0.0,0.0,0.0,0.0,0.0,0.0,0.0,0.0,0.0,0.0,0.0,0.0,0.0,0.0,0.0,0.0,0.0,0.0,0.0,0.0,0.0,0.0,0.0,0.0,ddpg
2024-03-08,0.0,0.0,0.0,0.0,0.0,0.0,0.0,0.0,0.0,0.0,0.0,0.0,0.0,0.0,0.0,0.0,0.0,0.0,0.0,0.0,0.0,0.0,0.0,0.0,0.0,0.0,0.0,0.0,0.0,0.0,ddpg
2024-03-11,0.0,0.0,0.0,0.0,0.0,0.0,0.0,0.0,0.0,0.0,0.0,0.0,0.0,0.0,0.0,0.0,0.0,0.0,0.0,0.0,0.0,0.0,0.0,0.0,0.0,0.0,0.0,0.0,0.0,0.0,ddpg
2024-03-12,0.0,0.0,0.0,0.0,0.0,0.0,0.0,0.0,0.0,0.0,0.0,0.0,0.0,0.0,0.0,0.0,0.0,0.0,0.0,0.0,0.0,0.0,0.0,0.0,0.0,0.0,0.0,0.0,0.0,0.0,ddpg
2024-03-13,0.0,0.0,0.0,0.0,0.0,0.0,0.0,0.0,0.0,0.0,0.0,0.0,0.0,0.0,0.0,0.0,0.0,0.0,0.0,0.0,0.0,0.0,0.0,0.0,0.0,0.0,0.0,0.0,0.0,0.0,ddpg
2024-03-14,0.0,0.0,0.0,0.0,0.0,0.0,0.0,0.0,0.0,0.0,0.0,0.0,0.0,0.0,0.0,0.0,0.0,0.0,0.0,0.0,0.0,0.0,0.0,0.0,0.0,0.0,0.0,0.0,0.0,0.0,ddpg
2024-03-15,0.0,0.0,0.0,0.0,0.0,0.0,0.0,0.0,0.0,0.0,0.0,0.0,0.0,0.0,0.0,0.0,0.0,0.0,0.0,0.0,0.0,0.0,0.0,0.0,0.0,0.0,0.0,0.0,0.0,0.0,ddpg
2024-03-18,0.0,0.0,0.0,0.0,0.0,0.0,0.0,0.0,0.0,0.0,0.0,0.0,0.0,0.0,0.0,0.0,0.0,0.0,0.0,0.0,0.0,0.0,0.0,0.0,0.0,0.0,0.0,0.0,0.0,0.0,ddpg
2024-03-19,0.0,0.0,0.0,0.0,0.0,0.0,0.0,0.0,0.0,0.0,0.0,0.0,0.0,0.0,0.0,0.0,0.0,0.0,0.0,0.0,0.0,0.0,0.0,0.0,0.0,0.0,0.0,0.0,0.0,0.0,ddpg
2024-03-20,0.0,0.0,0.0,0.0,0.0,0.0,0.0,0.0,0.0,0.0,0.0,0.0,0.0,0.0,0.0,0.0,0.0,0.0,0.0,0.0,0.0,0.0,0.0,0.0,0.0,0.0,0.0,0.0,0.0,0.0,ddpg
2024-03-21,0.0,0.0,0.0,0.0,0.0,0.0,0.0,0.0,0.0,0.0,0.0,0.0,0.0,0.0,0.0,0.0,0.0,0.0,0.0,0.0,0.0,0.0,0.0,0.0,0.0,0.0,0.0,0.0,0.0,0.0,ddpg
2024-03-22,0.0,0.0,0.0,0.0,0.0,0.0,0.0,0.0,0.0,0.0,0.0,0.0,0.0,0.0,0.0,0.0,0.0,0.0,0.0,0.0,0.0,0.0,0.0,0.0,0.0,0.0,0.0,0.0,0.0,0.0,ddpg
2024-03-25,0.0,0.0,0.0,0.0,0.0,0.0,0.0,0.0,0.0,0.0,0.0,0.0,0.0,0.0,0.0,0.0,0.0,0.0,0.0,0.0,0.0,0.0,0.0,0.0,0.0,0.0,0.0,0.0,0.0,0.0,ddpg
2024-03-26,0.0,0.0,0.0,0.0,0.0,0.0,0.0,0.0,0.0,0.0,0.0,0.0,0.0,0.0,0.0,0.0,0.0,0.0,0.0,0.0,0.0,0.0,0.0,0.0,0.0,0.0,0.0,0.0,0.0,0.0,ddpg
2024-03-27,0.0,0.0,0.0,0.0,0.0,0.0,0.0,0.0,0.0,0.0,0.0,0.0,0.0,0.0,0.0,0.0,0.0,0.0,0.0,0.0,0.0,0.0,0.0,0.0,0.0,0.0,0.0,0.0,0.0,0.0,ddpg
2024-03-28,0.0,0.0,0.0,0.0,0.0,0.0,0.0,0.0,0.0,0.0,0.0,0.0,0.0,0.0,0.0,0.0,0.0,0.0,0.0,0.0,0.0,0.0,0.0,0.0,0.0,0.0,0.0,0.0,0.0,0.0,ddpg
2024-04-01,0.0,0.0,0.0,0.0,0.0,0.0,0.0,0.0,0.0,0.0,0.0,0.0,0.0,0.0,0.0,0.0,0.0,0.0,0.0,0.0,0.0,0.0,0.0,0.0,0.0,0.0,0.0,0.0,0.0,0.0,ddpg
2024-04-02,0.0,0.0,0.0,0.0,0.0,0.0,0.0,0.0,0.0,0.0,0.0,0.0,0.0,0.0,0.0,0.0,0.0,0.0,0.0,0.0,0.0,0.0,0.0,0.0,0.0,0.0,0.0,0.0,0.0,0.0,ddpg
2024-04-03,0.0,0.0,0.0,0.0,0.0,0.0,0.0,0.0,0.0,0.0,0.0,0.0,0.0,0.0,0.0,0.0,0.0,0.0,0.0,0.0,0.0,0.0,0.0,0.0,0.0,0.0,0.0,0.0,0.0,0.0,ddpg
2024-04-04,0.0,0.0,0.0,0.0,0.0,0.0,0.0,0.0,0.0,0.0,0.0,0.0,0.0,0.0,0.0,0.0,0.0,0.0,0.0,0.0,0.0,0.0,0.0,0.0,0.0,0.0,0.0,0.0,0.0,0.0,ddpg
2024-04-08,0.0,0.0,0.0,0.0,0.0,0.0,0.0,0.0,1.5324178647973213e-15,0.0,0.0,0.0,0.0,0.0,0.0,0.0,-24.60874766111374,0.0,0.0,0.0,0.0,16.210187509778102,0.0,0.0,0.0,0.0,0.0,0.0,0.0,0.0,ppo
2024-04-09,0.0,0.0,0.0,0.0,0.0,0.0,0.0,0.0,0.0,0.0,0.0,0.0,0.0,0.0,0.0,0.0,-13.322323560714722,0.0,0.0,0.0,0.0,9.482952808097867,0.0,0.0,-0.2261526882648468,0.0,0.0,0.0,0.0,0.0,ppo
2024-04-10,0.0,0.0,0.0,0.0,0.0,0.0,0.0,0.0,4.496012972999441,0.0,0.0,0.0,0.0,0.0,0.0,0.0,-11.879228055477142,0.0,0.0,0.0,0.0,0.0,0.0,0.0,0.0,0.0,0.0,0.0,0.0,0.0,ppo
2024-04-11,28.158826661297535,0.0,0.0,0.0,0.0,0.0,0.0,0.0,0.0,0.0,0.0,0.0,0.0,0.0,0.0,0.0,-20.607759058475494,0.0,0.0,0.0,0.0,0.0,0.0,0.0,-11.217455565929413,0.0,0.0,0.0,0.0,0.0,ppo
2024-04-12,0.0,0.0,0.0,0.0,0.0,0.0,0.0,0.0,0.0,0.0,0.0,0.0,0.0,0.0,0.0,0.0,-35.20677983760834,0.0,0.0,0.0,0.0,29.607056020975214,0.0,0.0,-2.0733004435896873,0.0,0.0,0.0,0.0,0.0,ppo
2024-04-15,0.0,0.0,0.0,0.0,0.0,0.0,0.0,0.0,0.0,0.0,0.0,0.0,0.0,0.0,0.0,0.0,-15.112682357023914,0.0,0.0,0.0,0.0,32.8481718941034,0.0,0.0,-6.6130466759204865,0.0,0.0,0.0,0.0,0.0,ppo
2024-04-16,0.0,0.0,0.0,0.0,0.0,0.0,0.0,0.0,5.222855356216849,0.0,0.0,0.0,0.0,0.0,0.0,0.0,0.0,0.0,0.0,0.0,-3.952205181121826,66.78091883659363,0.0,0.0,-16.565050184726715,0.0,0.0,0.0,0.0,0.0,ppo
2024-04-17,0.0,0.0,0.0,0.0,0.0,0.0,0.0,0.0,13.12230702166889,0.0,0.0,0.0,0.0,0.0,0.0,0.0,0.0,0.0,0.0,0.0,0.0,0.0,0.0,0.0,-6.217976659536362,0.0,0.0,0.0,0.0,0.0,ppo
2024-04-18,0.0,0.0,0.0,0.0,0.0,0.0,0.0,0.0,25.93346430559275,0.0,0.0,0.0,0.0,0.0,0.0,0.0,0.0,0.0,0.0,0.0,0.0,0.0,0.0,0.0,-12.22737431526184,0.0,0.0,0.0,0.0,0.0,ppo
2024-04-19,0.0,0.0,0.0,0.0,0.0,0.0,0.0,0.0,25.69355673184145,0.0,0.0,0.0,0.0,0.0,0.0,0.0,0.0,0.0,0.0,0.0,0.0,0.0,0.0,0.0,-12.235654890537262,0.0,0.0,0.0,0.0,0.0,ppo
2024-04-22,0.0,0.0,0.0,3.5268094653235837,0.0,0.0,0.0,0.0,0.0,0.0,0.0,0.0,0.0,0.0,0.0,0.0,0.0,0.0,0.0,0.0,-8.16594883799553,66.06720685958862,0.0,0.0,-11.909827589988708,0.0,0.0,0.0,0.0,0.0,ppo
2024-04-23,0.0,0.0,0.0,0.0,0.0,0.0,0.0,0.0,0.6355443994917582,0.0,0.0,0.0,0.0,0.0,0.0,0.0,0.0,0.0,0.0,0.0,0.0,1.5738969475092255e-16,0.0,0.0,-0.3111317753791809,0.0,0.0,0.0,0.0,0.0,ppo
2024-04-24,0.0,0.0,0.0,0.0,0.0,0.0,0.0,0.0,0.0,0.0,0.0,0.0,0.0,0.0,0.0,0.0,0.0,0.0,0.0,0.0,0.0,0.0,0.0,0.0,0.0,0.0,0.0,0.0,0.0,0.0,ppo
2024-04-25,0.0,0.0,0.0,0.0,0.0,0.0,0.0,0.0,6.938867254528494,0.0,0.0,0.0,0.0,0.0,0.0,0.0,0.0,0.0,0.0,0.0,-2.589265815913677,0.0,0.0,0.0,0.0,0.0,0.0,0.0,0.0,0.0,ppo
2024-04-26,0.0,0.0,0.0,0.0,0.0,0.0,0.0,0.0,34.70779458432352,0.0,0.0,0.0,0.0,0.0,0.0,0.0,0.0,0.0,0.0,0.0,-13.41535896062851,0.0,0.0,0.0,0.0,0.0,0.0,0.0,0.0,0.0,ppo
2024-04-29,0.0,0.0,0.0,0.0,0.0,0.0,0.0,0.0,0.0,0.0,0.0,0.0,0.0,0.0,0.0,0.0,0.0,0.0,0.0,0.0,-4.048389196395874,17.938238554465798,0.0,0.0,0.0,0.0,0.0,0.0,0.0,0.0,ppo
2024-04-30,2.6446681312678316e-15,0.0,0.0,0.0,0.0,0.0,0.0,0.0,22.476086732467632,0.0,0.0,0.0,0.0,0.0,0.0,0.0,0.0,0.0,0.0,0.0,-8.672945201396942,0.0,0.0,0.0,0.0,0.0,0.0,0.0,0.0,0.0,ppo
2024-05-01,0.0,0.0,0.0,0.0,0.0,0.0,0.0,0.0,21.98887630380865,0.0,0.0,0.0,0.0,0.0,0.0,0.0,0.0,0.0,0.0,0.0,-8.499827980995178,0.0,0.0,0.0,0.0,0.0,0.0,0.0,0.0,0.0,ppo
2024-05-02,8.862690700975525,0.0,0.0,0.0,0.0,0.0,0.0,0.0,0.0,0.0,0.0,0.0,0.0,0.0,0.0,0.0,0.0,0.0,0.0,0.0,-3.8268432021141052,0.0,0.0,0.0,0.0,0.0,0.0,0.0,0.0,0.0,ppo
2024-05-03,1.8795270583286057,0.0,0.0,0.0,0.0,0.0,0.0,0.0,0.0,0.0,0.0,0.0,0.0,0.0,0.0,0.0,0.0,0.0,0.0,0.0,-0.8233999833464622,0.0,0.0,0.0,0.0,0.0,0.0,0.0,0.0,0.0,ppo
2024-05-06,0.0,0.0,0.0,0.0,0.0,0.0,0.0,0.0,0.0,0.0,0.0,0.0,0.0,0.0,0.0,0.0,0.0,0.0,0.0,0.0,0.0,0.0,0.0,0.0,0.0,0.0,0.0,0.0,0.0,0.0,ppo
2024-05-07,0.0,0.0,0.0,0.0,0.0,0.0,0.0,0.0,0.0,0.0,0.0,0.0,0.0,0.0,0.0,0.0,0.0,0.0,0.0,0.0,0.0,0.0,0.0,0.0,0.0,0.0,0.0,0.0,0.0,0.0,ppo
2024-05-08,0.0,0.0,0.0,0.0,0.0,0.0,0.0,0.0,10.332856634329326,0.0,0.0,0.0,0.0,0.0,0.0,0.0,0.0,0.0,0.0,0.0,-3.831908106803894,0.0,0.0,0.0,0.0,0.0,0.0,0.0,0.0,0.0,ppo
2024-05-09,0.0,0.0,0.0,0.0,0.0,0.0,0.0,0.0,18.54085146646492,0.0,0.0,0.0,0.0,0.0,0.0,0.0,0.0,0.0,0.0,0.0,-6.850240379571915,0.0,0.0,0.0,0.0,0.0,0.0,0.0,0.0,0.0,ppo
2024-05-10,0.0,0.0,0.0,0.0,0.0,0.0,0.0,0.0,30.78285788504264,0.0,0.0,0.0,0.0,0.0,0.0,0.0,0.0,0.0,0.0,0.0,-11.526903510093689,0.0,0.0,0.0,0.0,0.0,0.0,0.0,0.0,0.0,ppo
2024-05-13,0.0,0.0,0.0,0.0,0.0,0.0,0.0,0.0,0.0,0.0,0.0,0.0,0.0,0.0,0.0,0.0,0.0,0.0,0.0,0.0,0.0,0.0,0.0,0.0,0.0,0.0,0.0,0.0,0.0,0.0,ppo
2024-05-14,6.148646061301364,0.0,0.0,0.0,0.0,0.0,0.0,0.0,0.0,0.0,0.0,0.0,0.0,0.0,0.0,0.0,0.0,0.0,0.0,0.0,-2.792396955192089,0.0,0.0,0.0,0.0,0.0,0.0,0.0,0.0,0.0,ppo
2024-05-15,0.0,0.0,0.0,0.0,0.0,0.0,0.0,0.0,9.183922870663077,0.0,0.0,0.0,0.0,0.0,-9.677745401859283,0.0,0.0,0.0,0.0,0.0,0.0,2.5562298656490812e-15,0.0,0.0,0.0,0.0,0.0,0.0,0.0,0.0,ppo
2024-05-16,0.0,0.0,0.0,0.0,0.0,0.0,0.0,0.0,0.0,0.0,0.0,0.0,0.0,0.0,0.0,0.0,0.0,0.0,0.0,0.0,0.0,0.0,0.0,0.0,0.0,0.0,0.0,0.0,0.0,0.0,ppo
2024-05-17,0.0,0.0,0.0,0.0,0.0,0.0,0.0,0.0,10.85745973691607,0.0,0.0,0.0,0.0,0.0,0.0,0.0,0.0,0.0,0.0,0.0,-3.909105062484741,0.0,0.0,0.0,0.0,0.0,0.0,0.0,0.0,0.0,ppo
2024-05-20,0.0,0.0,0.0,0.0,0.0,0.0,0.0,0.0,1.1243814348908046,0.0,0.0,0.0,0.0,0.0,0.0,0.0,0.0,0.0,0.0,0.0,-0.4095500335097313,0.0,0.0,0.0,0.0,0.0,0.0,0.0,0.0,0.0,ppo
2024-05-21,0.0,0.0,0.0,0.0,0.0,0.0,0.0,0.0,0.0,0.0,0.0,0.0,0.0,0.0,0.0,0.0,0.0,0.0,0.0,0.0,-11.688968539237976,55.70645943667297,0.0,0.0,0.0,0.0,0.0,0.0,0.0,0.0,ppo
2024-05-22,0.0,0.0,0.0,0.0,0.0,0.0,0.0,0.0,0.0,0.0,0.0,0.0,0.0,0.0,0.0,0.0,0.0,0.0,0.0,0.0,-13.079144060611725,62.162626527404605,0.0,0.0,0.0,0.0,0.0,0.0,0.0,0.0,ppo
2024-05-23,0.0,0.0,0.0,0.0,0.0,0.0,0.0,0.0,0.0,0.0,0.0,0.0,0.0,0.0,0.0,0.0,0.0,0.0,0.0,0.0,-0.07504802197217941,0.3591572961249601,0.0,0.0,0.0,0.0,0.0,0.0,0.0,0.0,ppo
2024-05-24,0.0,0.0,0.0,0.0,0.0,0.0,0.0,0.0,0.0,0.0,0.0,0.0,0.0,0.0,0.0,0.0,0.0,0.0,0.0,0.0,0.0,0.0,0.0,0.0,0.0,0.0,0.0,0.0,0.0,0.0,ppo
2024-05-28,0.0,0.0,0.0,0.0,0.0,0.0,0.0,0.0,0.0,0.0,0.0,0.0,0.0,0.0,0.0,0.0,0.0,0.0,0.0,0.0,0.0,0.0,0.0,0.0,0.0,0.0,0.0,0.0,0.0,0.0,ppo
2024-05-29,0.0,0.0,0.0,0.0,0.0,0.0,0.0,0.0,0.0,0.0,0.0,0.0,0.0,0.0,0.0,0.0,0.0,0.0,0.0,0.0,0.0,0.0,0.0,0.0,0.0,0.0,0.0,0.0,0.0,0.0,ppo
2024-05-30,0.0,0.0,0.0,0.0,0.0,0.0,0.0,0.0,0.0,0.0,0.0,0.0,0.0,0.0,0.0,0.0,0.0,0.0,0.0,0.0,0.0,14.234516470146081,0.0,0.0,-4.273086786270142,0.0,0.0,0.0,0.0,0.0,ppo
2024-05-31,0.0,0.0,0.0,0.0,0.0,0.0,0.0,0.0,0.0,0.0,0.0,0.0,0.0,0.0,-4.292917996644974,0.0,0.0,0.0,0.0,0.0,0.0,6.609271818785811,0.0,0.0,0.0,0.0,0.0,0.0,0.0,0.0,ppo
2024-06-03,0.0,0.0,0.0,0.0,0.0,0.0,0.0,0.0,14.16657016487502,0.0,0.0,0.0,0.0,0.0,0.0,0.0,0.0,0.0,0.0,0.0,0.0,0.0,0.0,0.0,-7.131782174110413,0.0,0.0,0.0,0.0,0.0,ppo
2024-06-04,0.0,0.0,0.0,0.0,0.0,0.0,0.0,0.0,0.0,0.0,0.0,0.0,0.0,0.0,-2.2795505821704865,0.0,0.0,0.0,0.0,0.0,-9.168428182601929,51.7202546679424,0.0,0.0,-2.1592244505882263,0.0,0.0,0.0,0.0,0.0,ppo
2024-06-05,0.0,0.0,0.0,0.0,0.0,0.0,0.0,0.0,0.0,0.0,0.0,0.0,0.0,0.0,-2.2795505821704865,0.0,0.0,0.0,0.0,0.0,-9.168428182601929,51.87763860445111,0.0,0.0,-2.1592244505882263,0.0,0.0,0.0,0.0,0.0,ppo
2024-06-06,0.0,0.0,0.0,0.0,0.0,0.0,0.0,0.0,6.3276058572539265e-15,0.0,0.0,0.0,0.0,0.0,-4.602710157632828,0.0,0.0,0.0,0.0,0.0,-8.662477135658264,51.23801954184656,0.0,0.0,-1.2943416833877563,0.0,0.0,0.0,0.0,0.0,ppo
2024-06-07,0.0,0.0,0.0,0.0,0.0,0.0,0.0,0.0,0.0,0.0,0.0,0.0,0.0,0.0,0.0,0.0,0.0,0.0,0.0,0.0,0.0,0.0,0.0,0.0,0.0,0.0,0.0,0.0,0.0,0.0,ppo
2024-06-10,0.0,0.0,0.0,0.0,0.0,0.0,0.0,0.0,0.0,0.0,0.0,0.0,0.0,0.0,0.0,0.0,0.0,0.0,0.0,0.0,0.0,0.0,0.0,0.0,0.0,0.0,0.0,0.0,0.0,0.0,ppo
2024-06-11,0.0,0.0,0.0,0.0,0.0,0.0,0.0,0.0,0.0,0.0,0.0,0.0,0.0,0.0,0.0,0.0,0.0,0.0,0.0,0.0,0.0,0.0,0.0,0.0,0.0,0.0,0.0,0.0,0.0,0.0,ppo
2024-06-12,0.0,0.0,0.0,0.0,0.0,0.0,0.0,0.0,0.0,0.0,0.0,0.0,0.0,0.0,0.0,0.0,0.0,0.0,0.0,0.0,0.0,0.0,0.0,0.0,0.0,0.0,0.0,0.0,0.0,0.0,ppo
2024-06-13,0.5526529990234187,0.0,0.0,0.0,0.0,0.0,0.0,0.0,0.0,0.0,0.0,0.0,0.0,0.0,-0.846555083990097,0.0,0.0,0.0,0.0,0.0,0.0,0.0,0.0,0.0,0.0,0.0,0.0,0.0,0.0,0.0,ppo
2024-06-14,0.0,0.0,0.0,0.0,0.0,0.0,0.0,0.0,0.8246322074980257,0.0,0.0,0.0,0.0,0.0,-0.846555083990097,0.0,0.0,0.0,0.0,0.0,0.0,0.0,0.0,0.0,0.0,0.0,0.0,0.0,0.0,0.0,ppo
2024-06-17,0.0,0.0,0.0,0.0,0.0,0.0,0.0,0.0,0.0,0.0,0.0,0.0,0.0,0.0,0.0,0.0,0.0,0.0,0.0,0.0,0.0,0.0,0.0,0.0,0.0,0.0,0.0,0.0,0.0,0.0,ppo
2024-06-18,0.0,0.0,0.0,0.0,0.0,0.0,0.0,0.0,0.0,0.0,0.0,0.0,0.0,0.0,0.0,0.0,0.0,0.0,0.0,0.0,0.0,0.0,0.0,0.0,0.0,0.0,0.0,0.0,0.0,0.0,ppo
2024-06-20,0.0,0.0,0.0,0.0,0.0,0.0,0.0,0.0,0.0,0.0,0.0,0.0,0.0,0.0,0.0,0.0,0.0,0.0,0.0,0.0,0.0,0.0,0.0,0.0,0.0,0.0,0.0,0.0,0.0,0.0,ppo
2024-06-21,0.0,0.0,0.0,0.0,0.0,0.0,0.0,0.0,0.0,0.0,0.0,0.0,0.0,0.0,0.0,0.0,0.0,0.0,0.0,0.0,0.0,0.0,0.0,0.0,0.0,0.0,0.0,0.0,0.0,0.0,ppo
2024-06-24,3.2332881581920416,0.0,0.0,0.0,0.0,0.0,0.0,0.0,0.0,0.0,0.0,0.0,0.0,0.0,-4.714757949113846,0.0,0.0,0.0,0.0,0.0,0.0,0.0,0.0,0.0,0.0,0.0,0.0,0.0,0.0,0.0,ppo
2024-06-25,8.658228106425078,0.0,0.0,0.0,0.0,0.0,0.0,0.0,0.0,0.0,0.0,0.0,0.0,0.0,-12.633493542671204,0.0,0.0,0.0,0.0,0.0,0.0,0.0,0.0,0.0,0.0,0.0,0.0,0.0,0.0,0.0,ppo
2024-06-26,0.0,0.0,0.0,0.0,0.0,0.0,0.0,0.0,1.2382254431748188,0.0,0.0,0.0,0.0,0.0,-1.3023048639297485,0.0,0.0,0.0,0.0,0.0,0.0,0.0,0.0,0.0,0.0,0.0,0.0,0.0,0.0,0.0,ppo
2024-06-27,0.0,0.0,0.0,0.0,0.0,0.0,0.0,0.0,1.2556000784608217,0.0,0.0,0.0,0.0,0.0,-1.302935928106308,0.0,0.0,0.0,0.0,0.0,0.0,0.0,0.0,0.0,0.0,0.0,0.0,0.0,0.0,0.0,ppo
2024-06-28,0.0,0.0,0.0,0.0,0.0,0.0,0.0,0.0,6.239435585581238,0.0,0.0,0.0,0.0,0.0,-6.535428017377853,0.0,0.0,0.0,0.0,0.0,0.0,0.0,0.0,0.0,0.0,0.0,0.0,0.0,0.0,0.0,ppo
2024-07-01,0.0,0.0,0.0,0.0,0.0,0.0,0.0,0.0,0.0,0.0,0.0,0.0,0.0,0.0,0.0,0.0,0.0,0.0,0.0,0.0,0.0,0.0,0.0,0.0,0.0,0.0,0.0,0.0,0.0,0.0,ppo
2024-07-02,0.0,0.0,0.0,0.0,0.0,0.0,0.0,0.0,0.0,0.0,0.0,0.0,0.0,0.0,0.0,0.0,0.0,0.0,0.0,0.0,0.0,0.0,0.0,0.0,0.0,0.0,0.0,0.0,0.0,0.0,ppo
2024-07-03,0.0,0.0,0.0,0.0,0.0,0.0,0.0,0.0,0.0,0.0,0.0,0.0,0.0,0.0,0.0,0.0,0.0,0.0,0.0,0.0,0.0,0.0,0.0,0.0,0.0,0.0,0.0,0.0,0.0,0.0,ppo
2024-07-05,0.0,0.0,0.0,0.0,0.0,0.0,0.0,0.0,0.0,0.0,0.0,0.0,0.0,0.0,0.0,0.0,0.0,0.0,0.0,0.0,0.0,0.0,0.0,0.0,0.0,0.0,0.0,0.0,0.0,0.0,ppo
2024-07-09,-28.628844022750854,-49.98372197151184,-5.618062747651913e-14,0.0,0.0,32.88595676422119,0.0,0.0,0.0,0.0,0.0,0.0,0.0,0.0,0.0,0.0,0.0,0.0,0.0,1.915514566788019e-15,0.0,53.1194806098938,0.0,0.0,-28.547072410583496,0.0,0.0,51.5112042427063,0.0,25.014165979204375,ppo
2024-07-10,-28.865015722792712,-50.156593322753906,0.0,0.0,0.0,0.0,0.0,0.0,0.0,0.0,0.0,0.0,0.0,0.0,0.0,0.0,0.0,0.0,0.0,0.0,65.77610339929034,0.0,0.0,0.0,-28.650975227355957,0.0,0.0,0.0,0.0,0.0,ppo
2024-07-11,0.0,-47.12516963481903,0.0,0.0,0.0,0.0,0.0,0.0,0.0,0.0,0.0,0.0,0.0,0.0,0.0,0.0,0.0,0.0,0.0,0.0,46.83879082713385,0.0,0.0,0.0,-24.37755912542343,0.0,0.0,0.0,0.0,0.0,ppo
2024-07-12,0.0,-48.883816599845886,0.0,0.0,0.0,0.0,0.0,0.0,0.0,0.0,0.0,0.0,0.0,0.0,0.0,0.0,0.0,0.0,0.0,0.0,50.3643022560968,0.0,0.0,0.0,-24.876008927822113,0.0,0.0,0.0,0.0,0.0,ppo
2024-07-15,0.0,-43.752366424990186,0.0,0.0,0.0,11.281161201373875,0.0,0.0,0.0,0.0,0.0,0.0,0.0,0.0,0.0,0.0,0.0,0.0,0.0,0.0,0.0,41.95200800895691,0.0,0.0,-26.422235369682312,0.0,0.0,58.108240365982056,0.0,0.0,ppo
2024-07-16,0.0,0.0,0.0,0.0,0.0,3.693876326516474e-63,0.0,0.0,0.0,0.0,0.0,0.0,0.0,0.0,0.0,0.0,0.0,0.0,0.0,9.27172546047939e-47,16.50848055883854,1.4713875852274106e-30,0.0,0.0,-23.614300787448883,0.0,0.0,3.4360965406027065e-15,0.0,0.0,ppo
2024-07-17,0.0,0.0,0.0,0.0,0.0,0.0,0.0,0.0,0.0,0.0,0.0,0.0,0.0,0.0,0.0,0.0,0.0,0.0,0.0,0.0,18.668728567790506,0.0,0.0,0.0,-25.800764560699463,0.0,0.0,0.0,0.0,0.0,ppo
2024-07-18,0.0,0.0,0.0,0.0,0.0,0.0,0.0,0.0,0.0,0.0,0.0,0.0,0.0,0.0,0.0,0.0,0.0,0.0,0.0,0.0,15.286981984736467,0.0,0.0,0.0,-20.883478224277496,0.0,0.0,0.0,0.0,0.0,ppo
2024-07-19,0.0,0.0,0.0,0.0,0.0,0.0,0.0,0.0,0.0,0.0,0.0,0.0,0.0,0.0,0.0,0.0,0.0,0.0,0.0,0.0,18.350624901355125,0.0,0.0,0.0,-24.18176382780075,0.0,-0.4343422129750252,0.0,0.0,0.0,ppo
2024-07-22,0.0,0.0,0.0,0.0,0.0,0.0,0.0,0.0,0.0,0.0,0.0,0.0,0.0,0.0,0.0,0.0,0.0,0.0,0.0,0.0,17.86963862815544,0.0,0.0,0.0,-24.354086816310883,0.0,0.0,0.0,0.0,0.0,ppo
2024-07-23,0.0,0.0,0.0,0.0,0.0,0.0,0.0,0.0,0.0,0.0,0.0,0.0,0.0,0.0,0.0,0.0,0.0,0.0,0.0,7.667543947394248e-15,0.0,1.4016114094070319e-30,0.0,0.0,-24.346761405467987,0.0,0.0,29.262770476366335,0.0,0.0,ppo
2024-07-24,0.0,0.0,0.0,0.0,0.0,0.0,0.0,0.0,0.0,0.0,0.0,0.0,0.0,0.0,0.0,0.0,0.0,0.0,0.0,0.0,16.834444242269093,0.0,0.0,0.0,-21.814341843128204,0.0,0.0,0.0,0.0,0.0,ppo
2024-07-25,0.0,0.0,0.0,0.0,0.0,0.0,0.0,0.0,0.0,0.0,0.0,0.0,0.0,0.0,0.0,0.0,0.0,0.0,0.0,0.0,19.112691020081776,0.0,0.0,0.0,-24.776078760623932,0.0,0.0,0.0,0.0,0.0,ppo
2024-07-26,0.0,0.0,0.0,0.0,0.0,0.0,0.0,0.0,0.0,0.0,0.0,0.0,0.0,0.0,0.0,0.0,0.0,0.0,0.0,0.0,3.2098436759013294,0.0,0.0,0.0,-3.9321460631521177,0.0,0.0,0.0,0.0,0.0,ppo
2024-07-29,0.0,0.0,0.0,0.0,0.0,0.0,0.0,0.0,0.0,0.0,0.0,0.0,0.0,0.0,0.0,0.0,0.0,0.0,0.0,0.0,3.3991242014752294,0.0,0.0,0.0,0.0,0.0,-2.609366364777088,8.887883868877494e-16,0.0,0.0,ppo
2024-07-30,0.0,0.0,0.0,0.0,0.0,0.0,0.0,0.0,0.0,0.0,0.0,0.0,0.0,0.0,0.0,0.0,0.0,0.0,0.0,0.0,0.0,0.0,0.0,0.0,0.0,0.0,0.0,0.0,0.0,0.0,ppo
2024-07-31,0.0,0.0,0.0,0.0,0.0,0.0,0.0,0.0,0.0,0.0,0.0,0.0,0.0,0.0,0.0,0.0,0.0,0.0,0.0,0.0,0.0,0.0,0.0,0.0,0.0,0.0,0.0,0.0,0.0,0.0,ppo
2024-08-01,0.0,0.0,0.0,0.0,0.0,0.0,0.0,0.0,0.0,0.0,0.0,0.0,0.0,0.0,0.0,0.0,0.0,0.0,0.0,0.0,0.0,0.0,0.0,0.0,0.0,0.0,-1.3495849445462227,2.850795361326957,0.0,0.0,ppo
2024-08-02,0.0,0.0,0.0,0.0,0.0,0.0,0.0,0.0,0.0,0.0,0.0,0.0,0.0,0.0,0.0,0.0,0.0,0.0,0.0,0.0,0.0,0.0,0.0,0.0,0.0,0.0,0.0,0.0,0.0,0.0,ppo
2024-08-05,0.0,0.0,0.0,0.0,0.0,0.0,0.0,0.0,0.0,0.0,0.0,0.0,0.0,0.0,0.0,0.0,0.0,0.0,0.0,0.0,3.8611032875426976,0.0,0.0,0.0,0.0,0.0,-2.749987877905369,8.650499831670362e-16,0.0,0.0,ppo
2024-08-06,0.0,0.0,0.0,0.0,0.0,0.0,0.0,0.0,0.0,0.0,0.0,0.0,0.0,0.0,0.0,0.0,0.0,0.0,0.0,0.0,0.03954593836081423,0.0,0.0,0.0,0.0,0.0,-0.028195790946483612,0.0,0.0,0.0,ppo
2024-08-07,0.0,0.0,0.0,0.0,0.0,0.0,0.0,0.0,0.0,0.0,0.0,0.0,0.0,0.0,0.0,0.0,0.0,0.0,0.0,0.0,3.803569785857098,0.0,0.0,0.0,0.0,0.0,-2.750278450548649,0.0,0.0,0.0,ppo
2024-08-08,0.0,0.0,0.0,0.0,0.0,0.0,0.0,0.0,0.0,0.0,0.0,0.0,0.0,0.0,0.0,0.0,0.0,0.0,0.0,0.0,2.337566047114323,0.0,0.0,0.0,0.0,0.0,-1.6920099034905434,0.0,0.0,0.0,ppo
2024-08-09,0.0,0.0,0.0,0.0,0.0,0.0,0.0,0.0,0.0,0.0,0.0,0.0,0.0,0.0,0.0,0.0,0.0,0.0,0.0,0.0,0.0,0.0,0.0,0.0,0.0,0.0,0.0,0.0,0.0,0.0,ppo
2024-08-12,0.0,0.0,0.0,0.0,0.0,0.0,0.0,0.0,0.0,0.0,0.0,0.0,0.0,0.0,0.0,0.0,0.0,0.0,0.0,0.0,0.0,0.0,0.0,0.0,0.0,0.0,0.0,0.0,0.0,0.0,ppo
2024-08-13,0.0,0.0,0.0,0.0,0.0,0.0,0.0,0.0,0.0,0.0,0.0,0.0,0.0,0.0,0.0,0.0,0.0,0.0,0.0,0.0,0.0,0.0,0.0,0.0,0.0,0.0,0.0,0.0,0.0,0.0,ppo
2024-08-14,0.0,0.0,0.0,0.0,0.0,0.0,0.0,0.0,0.0,0.0,0.0,0.0,0.0,0.0,0.0,0.0,0.0,0.0,0.0,0.0,0.0,0.0,0.0,0.0,0.0,0.0,0.0,0.0,0.0,0.0,ppo
2024-08-15,0.0,0.0,0.0,0.0,0.0,0.0,0.0,0.0,0.0,0.0,0.0,0.0,0.0,0.0,0.0,0.0,0.0,0.0,0.0,0.0,0.0,0.0,0.0,0.0,0.0,0.0,0.0,0.0,0.0,0.0,ppo
2024-08-16,0.0,0.0,0.0,0.0,0.0,0.0,0.0,0.0,0.0,0.0,0.0,0.0,0.0,0.0,0.0,0.0,0.0,0.0,0.0,0.0,0.0,0.0,0.0,0.0,0.0,0.0,0.0,0.0,0.0,0.0,ppo
2024-08-19,0.0,0.0,0.0,0.0,0.0,0.0,0.0,0.0,0.0,0.0,0.0,0.0,0.0,0.0,0.0,0.0,0.0,0.0,0.0,0.0,0.0,0.0,0.0,0.0,0.0,0.0,0.0,0.0,0.0,0.0,ppo
2024-08-20,0.0,0.0,0.0,0.0,0.0,0.0,0.0,0.0,0.0,0.0,0.0,0.0,0.0,0.0,0.0,0.0,0.0,0.0,0.0,0.0,0.0,0.0,0.0,0.0,0.0,0.0,0.0,0.0,0.0,0.0,ppo
2024-08-21,0.0,0.0,0.0,0.0,0.0,0.0,0.0,0.0,0.0,0.0,0.0,0.0,0.0,0.0,0.0,0.0,0.0,0.0,0.0,0.0,0.0,0.0,0.0,0.0,0.0,0.0,0.0,0.0,0.0,0.0,ppo
2024-08-22,0.0,0.0,0.0,0.0,0.0,0.0,0.0,0.0,0.0,0.0,0.0,0.0,0.0,0.0,0.0,0.0,0.0,0.0,0.0,0.0,0.0,0.0,0.0,0.0,0.0,0.0,0.0,0.0,0.0,0.0,ppo
2024-08-23,0.0,0.0,0.0,0.0,0.0,0.0,0.0,0.0,0.0,0.0,0.0,0.0,0.0,0.0,0.0,0.0,0.0,0.0,0.0,0.0,0.0,0.0,0.0,0.0,0.0,0.0,0.0,0.0,0.0,0.0,ppo
2024-08-26,0.0,0.0,0.0,0.0,0.0,0.0,0.0,0.0,0.0,0.0,0.0,0.0,0.0,0.0,0.0,0.0,0.0,0.0,0.0,0.0,0.0,0.0,0.0,0.0,0.0,0.0,0.0,0.0,0.0,0.0,ppo
2024-08-27,0.0,0.0,0.0,0.0,0.0,0.0,0.0,0.0,0.0,0.0,0.0,0.0,0.0,0.0,0.0,0.0,0.0,0.0,0.0,0.0,0.0,0.0,0.0,0.0,0.0,0.0,0.0,0.0,0.0,0.0,ppo
2024-08-28,0.0,0.0,0.0,0.0,0.0,0.0,0.0,0.0,0.0,0.0,0.0,0.0,0.0,0.0,0.0,0.0,0.0,0.0,0.0,0.0,0.0,0.0,0.0,0.0,0.0,0.0,0.0,0.0,0.0,0.0,ppo
2024-08-29,0.0,0.0,0.0,0.0,0.0,0.0,0.0,0.0,0.0,0.0,0.0,0.0,0.0,0.0,0.0,0.0,0.0,0.0,0.0,0.0,0.0,0.0,0.0,0.0,0.0,0.0,0.0,0.0,0.0,0.0,ppo
2024-08-30,0.0,0.0,0.0,0.0,0.0,0.0,0.0,0.0,0.0,0.0,0.0,0.0,0.0,0.0,0.0,0.0,0.0,0.0,0.0,0.0,0.0,0.0,0.0,0.0,0.0,0.0,0.0,0.0,0.0,0.0,ppo
2024-09-03,0.0,0.0,0.0,0.0,0.0,0.0,0.0,0.0,0.0,0.0,0.0,0.0,0.0,0.0,0.0,0.0,0.0,0.0,0.0,0.0,0.0,0.0,0.0,0.0,0.0,0.0,0.0,0.0,0.0,0.0,ppo
2024-09-04,0.0,0.0,0.0,0.0,0.0,0.0,0.0,0.0,0.0,0.0,0.0,0.0,0.0,0.0,0.0,0.0,0.0,0.0,0.0,0.0,0.0,0.0,0.0,0.0,0.0,0.0,0.0,0.0,0.0,0.0,ppo
2024-09-05,0.0,0.0,0.0,0.0,0.0,0.0,0.0,0.0,0.0,0.0,0.0,0.0,0.0,0.0,0.0,0.0,0.0,0.0,0.0,0.0,0.0,0.0,0.0,0.0,0.0,0.0,0.0,0.0,0.0,0.0,ppo
2024-09-06,0.0,0.0,0.0,0.0,0.0,0.0,0.0,0.0,0.0,0.0,0.0,0.0,0.0,0.0,0.0,0.0,0.0,0.0,0.0,0.0,0.0,0.0,0.0,0.0,0.0,0.0,0.0,0.0,0.0,0.0,ppo
2024-09-09,0.0,0.0,0.0,0.0,0.0,0.0,0.0,0.0,0.0,0.0,0.0,0.0,0.0,0.0,0.0,0.0,0.0,0.0,0.0,0.0,0.0,0.0,0.0,0.0,0.0,0.0,0.0,0.0,0.0,0.0,ppo
2024-09-10,0.0,0.0,0.0,0.0,0.0,0.0,0.0,0.0,-0.6673133000731468,0.0,0.0,0.0,0.0,0.0,0.0,0.0,0.0,0.0,0.0,0.0,0.0,1.1404056218157308,0.0,0.0,0.0,0.0,0.0,0.0,0.0,0.0,ppo
2024-09-11,0.0,0.0,0.0,0.0,0.0,0.0,0.0,0.0,0.0,0.0,0.0,0.0,0.0,0.0,0.0,0.0,0.0,0.0,0.0,0.0,0.0,0.0,0.0,0.0,0.0,0.0,0.0,0.0,0.0,0.0,ppo
2024-09-12,0.0,0.0,0.0,0.0,0.0,0.0,0.0,0.0,0.0,0.0,0.0,0.0,0.0,0.0,0.0,0.0,0.0,0.0,0.0,0.0,0.0,0.0,0.0,0.0,0.0,0.0,0.0,0.0,0.0,0.0,ppo
2024-09-13,0.0,0.0,0.0,0.0,0.0,0.0,0.0,0.0,0.0,0.0,0.0,0.0,0.0,0.0,0.0,0.0,0.0,0.0,0.0,0.0,0.0,0.0,0.0,0.0,0.0,0.0,0.0,0.0,0.0,0.0,ppo
2024-09-16,0.0,0.0,0.0,0.0,0.0,0.0,0.0,0.0,0.0,0.0,0.0,0.0,0.0,0.0,0.0,0.0,0.0,0.0,0.0,0.0,0.0,0.0,0.0,0.0,0.0,0.0,0.0,0.0,0.0,0.0,ppo
2024-09-17,0.0,0.0,0.0,0.0,0.0,0.0,0.0,0.0,0.0,0.0,0.0,0.0,0.0,0.0,0.0,0.0,0.0,0.0,0.0,0.0,0.0,0.0,0.0,0.0,0.0,0.0,0.0,0.0,0.0,0.0,ppo
2024-09-18,0.0,0.0,0.0,0.0,0.0,0.0,0.0,0.0,0.0,0.0,0.0,0.0,0.0,0.0,0.0,0.0,0.0,0.0,0.0,0.0,0.0,0.0,0.0,0.0,0.0,0.0,0.0,0.0,0.0,0.0,ppo
2024-09-19,0.0,0.0,0.0,0.0,0.0,0.0,0.0,0.0,0.0,0.0,0.0,0.0,0.0,0.0,0.0,0.0,0.0,0.0,0.0,0.0,0.0,0.0,0.0,0.0,0.0,0.0,0.0,0.0,0.0,0.0,ppo
2024-09-20,0.0,0.0,0.0,0.0,0.0,0.0,0.0,0.0,0.0,0.0,0.0,0.0,0.0,0.0,0.0,0.0,0.0,0.0,0.0,0.0,0.0,0.0,0.0,0.0,0.0,0.0,0.0,0.0,0.0,0.0,ppo
2024-09-23,0.0,0.0,0.0,0.0,0.0,0.0,0.0,0.0,0.0,0.0,0.0,0.0,0.0,0.0,0.0,0.0,0.0,0.0,0.0,0.0,0.0,0.0,0.0,0.0,0.0,0.0,0.0,0.0,0.0,0.0,ppo
2024-09-24,0.0,0.0,0.0,0.0,0.0,0.0,0.0,0.0,0.0,0.0,0.0,0.0,0.0,0.0,0.0,0.0,0.0,0.0,0.0,0.0,0.0,0.0,0.0,0.0,0.0,0.0,0.0,0.0,0.0,0.0,ppo
2024-09-25,0.0,0.0,0.0,0.0,0.0,0.0,0.0,0.0,0.0,0.0,0.0,0.0,0.0,0.0,0.0,0.0,0.0,0.0,0.0,0.0,0.0,0.0,0.0,0.0,0.0,0.0,0.0,0.0,0.0,0.0,ppo
2024-09-26,0.0,0.0,0.0,0.0,0.0,0.0,0.0,0.0,0.0,0.0,0.0,0.0,0.0,0.0,0.0,0.0,0.0,0.0,0.0,0.0,0.0,0.0,0.0,0.0,0.0,0.0,0.0,0.0,0.0,0.0,ppo
2024-09-27,0.0,0.0,0.0,0.0,0.0,0.0,0.0,0.0,0.0,0.0,0.0,0.0,0.0,0.0,0.0,0.0,0.0,0.0,0.0,0.0,0.0,0.0,0.0,0.0,0.0,0.0,0.0,0.0,0.0,0.0,ppo
2024-09-30,0.0,0.0,0.0,0.0,0.0,0.0,0.0,0.0,0.0,0.0,0.0,0.0,0.0,0.0,0.0,0.0,0.0,0.0,0.0,0.0,0.0,0.0,0.0,0.0,0.0,0.0,0.0,0.0,0.0,0.0,ppo
2024-10-01,0.0,0.0,0.0,0.0,0.0,0.0,0.0,0.0,0.0,0.0,0.0,0.0,0.0,0.0,0.0,0.0,0.0,0.0,0.0,0.0,0.0,0.0,0.0,0.0,0.0,0.0,0.0,0.0,0.0,0.0,ppo
2024-10-02,0.0,0.0,0.0,0.0,0.0,0.0,0.0,0.0,0.0,0.0,0.0,0.0,0.0,0.0,0.0,0.0,0.0,0.0,0.0,0.0,0.0,0.0,0.0,0.0,0.0,0.0,0.0,0.0,0.0,0.0,ppo
2024-10-03,0.0,0.0,0.0,0.0,0.0,0.0,0.0,0.0,0.0,0.0,0.0,0.0,0.0,0.0,0.0,0.0,0.0,0.0,0.0,0.0,0.0,0.0,0.0,0.0,0.0,0.0,0.0,0.0,0.0,0.0,ppo
2024-10-07,0.0,0.0,18.942830019514066,0.0,0.0,-44.16711796559507,0.0,0.0,-100.0,0.0,0.0,0.0,0.0,0.0,0.0,0.0,0.0,0.0,0.0,0.0,0.0,0.0,0.0,0.0,0.0,0.0,100.0,-100.0,0.0,-25.014165979204375,ddpg
2024-10-08,0.0,0.0,0.0,0.0,0.0,0.0,0.0,0.0,-100.0,0.0,0.0,0.0,0.0,0.0,0.0,0.0,0.0,0.0,0.0,0.0,0.0,0.0,0.0,0.0,69.91872733925612,0.0,0.0,-41.733010446381655,0.0,0.0,ddpg
2024-10-09,0.0,0.0,0.0,0.0,0.0,0.0,0.0,0.0,-65.09484587076304,0.0,0.0,0.0,0.0,0.0,0.0,0.0,0.0,0.0,0.0,0.0,0.0,0.0,0.0,0.0,0.0,0.0,16.136218580425776,0.0,0.0,0.0,ddpg
2024-10-10,0.0,0.0,0.0,0.0,0.0,0.0,0.0,0.0,0.0,0.0,0.0,0.0,0.0,0.0,0.0,0.0,0.0,0.0,0.0,0.0,0.0,0.0,0.0,0.0,0.0,0.0,0.0,0.0,0.0,0.0,ddpg
2024-10-11,0.0,0.0,0.0,0.0,0.0,0.0,0.0,0.0,0.0,0.0,0.0,0.0,0.0,0.0,0.0,0.0,0.0,0.0,0.0,0.0,0.0,0.0,0.0,0.0,0.0,0.0,0.0,0.0,0.0,0.0,ddpg
2024-10-14,0.0,0.0,0.0,0.0,0.0,0.0,0.0,0.0,0.0,0.0,0.0,0.0,0.0,0.0,0.0,0.0,0.0,0.0,0.0,0.0,0.0,0.0,0.0,0.0,0.0,0.0,0.0,0.0,0.0,0.0,ddpg
2024-10-15,0.0,0.0,0.0,0.0,0.0,0.0,0.0,0.0,0.0,0.0,0.0,0.0,0.0,0.0,0.0,0.0,0.0,0.0,0.0,0.0,0.0,0.0,0.0,0.0,0.0,0.0,0.0,0.0,0.0,0.0,ddpg
2024-10-16,0.0,0.0,0.0,0.0,0.0,0.0,0.0,0.0,0.0,0.0,0.0,0.0,0.0,0.0,0.0,0.0,0.0,0.0,0.0,0.0,0.0,0.0,0.0,0.0,0.0,0.0,0.0,0.0,0.0,0.0,ddpg
2024-10-17,0.0,0.0,0.0,0.0,0.0,0.0,0.0,0.0,0.0,0.0,0.0,0.0,0.0,0.0,0.0,0.0,0.0,0.0,0.0,0.0,0.0,0.0,0.0,0.0,0.0,0.0,0.0,0.0,0.0,0.0,ddpg
2024-10-18,0.0,0.0,0.0,0.0,0.0,0.0,0.0,0.0,0.0,0.0,0.0,0.0,0.0,0.0,0.0,0.0,0.0,0.0,0.0,0.0,0.0,0.0,0.0,0.0,0.0,0.0,0.0,0.0,0.0,0.0,ddpg
2024-10-21,0.0,0.0,0.0,0.0,0.0,0.0,0.0,0.0,0.0,0.0,0.0,0.0,0.0,0.0,0.0,0.0,0.0,0.0,0.0,0.0,0.0,0.0,0.0,0.0,0.0,0.0,0.0,0.0,0.0,0.0,ddpg
2024-10-22,0.0,0.0,0.0,0.0,0.0,0.0,0.0,0.0,0.0,0.0,0.0,0.0,0.0,0.0,0.0,0.0,0.0,0.0,0.0,0.0,0.0,0.0,0.0,0.0,0.0,0.0,0.0,0.0,0.0,0.0,ddpg
2024-10-23,0.0,0.0,0.0,0.0,0.0,0.0,0.0,0.0,0.0,0.0,0.0,0.0,0.0,0.0,0.0,0.0,0.0,0.0,0.0,0.0,0.0,0.0,0.0,0.0,0.0,0.0,0.0,0.0,0.0,0.0,ddpg
2024-10-24,0.0,0.0,0.0,0.0,0.0,0.0,0.0,0.0,0.0,0.0,0.0,0.0,0.0,0.0,0.0,0.0,0.0,0.0,0.0,0.0,0.0,0.0,0.0,0.0,0.0,0.0,0.0,0.0,0.0,0.0,ddpg
2024-10-25,0.0,0.0,0.0,0.0,0.0,0.0,0.0,0.0,0.0,0.0,0.0,0.0,0.0,0.0,0.0,0.0,0.0,0.0,0.0,0.0,0.0,0.0,0.0,0.0,0.0,0.0,0.0,0.0,0.0,0.0,ddpg
2024-10-28,0.0,0.0,0.0,0.0,0.0,0.0,0.0,0.0,0.0,0.0,0.0,0.0,0.0,0.0,0.0,0.0,0.0,0.0,0.0,0.0,0.0,0.0,0.0,0.0,0.0,0.0,0.0,0.0,0.0,0.0,ddpg
2024-10-29,0.0,0.0,0.0,0.0,0.0,0.0,0.0,0.0,0.0,0.0,0.0,0.0,0.0,0.0,0.0,0.0,0.0,0.0,0.0,0.0,0.0,0.0,0.0,0.0,0.0,0.0,0.0,0.0,0.0,0.0,ddpg
2024-10-30,0.0,0.0,0.0,0.0,0.0,0.0,0.0,0.0,0.0,0.0,0.0,0.0,0.0,0.0,0.0,0.0,0.0,0.0,0.0,0.0,0.0,0.0,0.0,0.0,0.0,0.0,0.0,0.0,0.0,0.0,ddpg
2024-10-31,0.0,0.0,0.0,0.0,0.0,0.0,0.0,0.0,0.0,0.0,0.0,0.0,0.0,0.0,0.0,0.0,0.0,0.0,0.0,0.0,0.0,0.0,0.0,0.0,0.0,0.0,0.0,0.0,0.0,0.0,ddpg
2024-11-01,0.0,0.0,0.0,0.0,0.0,0.0,0.0,0.0,0.0,0.0,0.0,0.0,0.0,0.0,0.0,0.0,0.0,0.0,0.0,0.0,0.0,0.0,0.0,0.0,0.0,0.0,0.0,0.0,0.0,0.0,ddpg
2024-11-04,0.0,0.0,0.0,0.0,0.0,0.0,0.0,0.0,0.0,0.0,0.0,0.0,0.0,0.0,0.0,0.0,0.0,0.0,0.0,0.0,0.0,0.0,0.0,0.0,0.0,0.0,0.0,0.0,0.0,0.0,ddpg
2024-11-05,0.0,0.0,0.0,0.0,0.0,0.0,0.0,0.0,0.0,0.0,0.0,0.0,0.0,0.0,0.0,0.0,0.0,0.0,0.0,0.0,0.0,0.0,0.0,0.0,0.0,0.0,0.0,0.0,0.0,0.0,ddpg
2024-11-06,0.0,0.0,0.0,0.0,0.0,0.0,0.0,0.0,0.0,0.0,0.0,0.0,0.0,0.0,0.0,0.0,0.0,0.0,0.0,0.0,0.0,0.0,0.0,0.0,0.0,0.0,0.0,0.0,0.0,0.0,ddpg
2024-11-07,0.0,0.0,0.0,0.0,0.0,0.0,0.0,0.0,0.0,0.0,0.0,0.0,0.0,0.0,0.0,0.0,0.0,0.0,0.0,0.0,0.0,0.0,0.0,0.0,0.0,0.0,0.0,0.0,0.0,0.0,ddpg
2024-11-08,0.0,0.0,0.0,0.0,0.0,0.0,0.0,0.0,0.0,0.0,0.0,0.0,0.0,0.0,0.0,0.0,0.0,0.0,0.0,0.0,0.0,0.0,0.0,0.0,0.0,0.0,0.0,0.0,0.0,0.0,ddpg
2024-11-11,0.0,0.0,0.0,0.0,0.0,0.0,0.0,0.0,0.0,0.0,0.0,0.0,0.0,0.0,0.0,0.0,0.0,0.0,0.0,0.0,0.0,0.0,0.0,0.0,0.0,0.0,0.0,0.0,0.0,0.0,ddpg
2024-11-12,0.0,0.0,0.0,0.0,0.0,0.0,0.0,0.0,0.0,0.0,0.0,0.0,0.0,0.0,0.0,0.0,0.0,0.0,0.0,0.0,0.0,0.0,0.0,0.0,0.0,0.0,0.0,0.0,0.0,0.0,ddpg
2024-11-13,0.0,0.0,0.0,0.0,0.0,0.0,0.0,0.0,0.0,0.0,0.0,0.0,0.0,0.0,0.0,0.0,0.0,0.0,0.0,0.0,0.0,0.0,0.0,0.0,0.0,0.0,0.0,0.0,0.0,0.0,ddpg
2024-11-14,0.0,0.0,0.0,0.0,0.0,0.0,0.0,0.0,0.0,0.0,0.0,0.0,0.0,0.0,0.0,0.0,0.0,0.0,0.0,0.0,0.0,0.0,0.0,0.0,0.0,0.0,0.0,0.0,0.0,0.0,ddpg
2024-11-15,0.0,0.0,0.0,0.0,0.0,0.0,0.0,0.0,0.0,0.0,0.0,0.0,0.0,0.0,0.0,0.0,0.0,0.0,0.0,0.0,0.0,0.0,0.0,0.0,0.0,0.0,0.0,0.0,0.0,0.0,ddpg
2024-11-18,0.0,0.0,0.0,0.0,0.0,0.0,0.0,0.0,0.0,0.0,0.0,0.0,0.0,0.0,0.0,0.0,0.0,0.0,0.0,0.0,0.0,0.0,0.0,0.0,0.0,0.0,0.0,0.0,0.0,0.0,ddpg
2024-11-19,0.0,0.0,0.0,0.0,0.0,0.0,0.0,0.0,0.0,0.0,0.0,0.0,0.0,0.0,0.0,0.0,0.0,0.0,0.0,0.0,0.0,0.0,0.0,0.0,0.0,0.0,0.0,0.0,0.0,0.0,ddpg
2024-11-20,0.0,0.0,0.0,0.0,0.0,0.0,0.0,0.0,0.0,0.0,0.0,0.0,0.0,0.0,0.0,0.0,0.0,0.0,0.0,0.0,0.0,0.0,0.0,0.0,0.0,0.0,0.0,0.0,0.0,0.0,ddpg
2024-11-21,0.0,0.0,0.0,0.0,0.0,0.0,0.0,0.0,0.0,0.0,0.0,0.0,0.0,0.0,0.0,0.0,0.0,0.0,0.0,0.0,0.0,0.0,0.0,0.0,0.0,0.0,0.0,0.0,0.0,0.0,ddpg
2024-11-22,0.0,0.0,0.0,0.0,0.0,0.0,0.0,0.0,0.0,0.0,0.0,0.0,0.0,0.0,0.0,0.0,0.0,0.0,0.0,0.0,0.0,0.0,0.0,0.0,0.0,0.0,0.0,0.0,0.0,0.0,ddpg
2024-11-25,0.0,0.0,0.0,0.0,0.0,0.0,0.0,0.0,0.0,0.0,0.0,0.0,0.0,0.0,0.0,0.0,0.0,0.0,0.0,0.0,0.0,0.0,0.0,0.0,0.0,0.0,0.0,0.0,0.0,0.0,ddpg
2024-11-26,0.0,0.0,0.0,0.0,0.0,0.0,0.0,0.0,0.0,0.0,0.0,0.0,0.0,0.0,0.0,0.0,0.0,0.0,0.0,0.0,0.0,0.0,0.0,0.0,0.0,0.0,0.0,0.0,0.0,0.0,ddpg
2024-11-27,0.0,0.0,0.0,0.0,0.0,0.0,0.0,0.0,0.0,0.0,0.0,0.0,0.0,0.0,0.0,0.0,0.0,0.0,0.0,0.0,0.0,0.0,0.0,0.0,0.0,0.0,0.0,0.0,0.0,0.0,ddpg
2024-11-29,0.0,0.0,0.0,0.0,0.0,0.0,0.0,0.0,0.0,0.0,0.0,0.0,0.0,0.0,0.0,0.0,0.0,0.0,0.0,0.0,0.0,0.0,0.0,0.0,0.0,0.0,0.0,0.0,0.0,0.0,ddpg
2024-12-02,0.0,0.0,0.0,0.0,0.0,0.0,0.0,0.0,0.0,0.0,0.0,0.0,0.0,0.0,0.0,0.0,0.0,0.0,0.0,0.0,0.0,0.0,0.0,0.0,0.0,0.0,0.0,0.0,0.0,0.0,ddpg
2024-12-03,0.0,0.0,0.0,0.0,0.0,0.0,0.0,0.0,0.0,0.0,0.0,0.0,0.0,0.0,0.0,0.0,0.0,0.0,0.0,0.0,0.0,0.0,0.0,0.0,0.0,0.0,0.0,0.0,0.0,0.0,ddpg
2024-12-04,0.0,0.0,0.0,0.0,0.0,0.0,0.0,0.0,0.0,0.0,0.0,0.0,0.0,0.0,0.0,0.0,0.0,0.0,0.0,0.0,0.0,0.0,0.0,0.0,0.0,0.0,0.0,0.0,0.0,0.0,ddpg
2024-12-05,0.0,0.0,0.0,0.0,0.0,0.0,0.0,0.0,0.0,0.0,0.0,0.0,0.0,0.0,0.0,0.0,0.0,0.0,0.0,0.0,0.0,0.0,0.0,0.0,0.0,0.0,0.0,0.0,0.0,0.0,ddpg
2024-12-06,0.0,0.0,0.0,0.0,0.0,0.0,0.0,0.0,0.0,0.0,0.0,0.0,0.0,0.0,0.0,0.0,0.0,0.0,0.0,0.0,0.0,0.0,0.0,0.0,0.0,0.0,0.0,0.0,0.0,0.0,ddpg
2024-12-09,0.0,0.0,0.0,0.0,0.0,0.0,0.0,0.0,0.0,0.0,0.0,0.0,0.0,0.0,0.0,0.0,0.0,0.0,0.0,0.0,0.0,0.0,0.0,0.0,0.0,0.0,0.0,0.0,0.0,0.0,ddpg
2024-12-10,0.0,0.0,0.0,0.0,0.0,0.0,0.0,0.0,0.0,0.0,0.0,0.0,0.0,0.0,0.0,0.0,0.0,0.0,0.0,0.0,0.0,0.0,0.0,0.0,0.0,0.0,0.0,0.0,0.0,0.0,ddpg
2024-12-11,0.0,0.0,0.0,0.0,0.0,0.0,0.0,0.0,0.0,0.0,0.0,0.0,0.0,0.0,0.0,0.0,0.0,0.0,0.0,0.0,0.0,0.0,0.0,0.0,0.0,0.0,0.0,0.0,0.0,0.0,ddpg
2024-12-12,0.0,0.0,0.0,0.0,0.0,0.0,0.0,0.0,0.0,0.0,0.0,0.0,0.0,0.0,0.0,0.0,0.0,0.0,0.0,0.0,0.0,0.0,0.0,0.0,0.0,0.0,0.0,0.0,0.0,0.0,ddpg
2024-12-13,0.0,0.0,0.0,0.0,0.0,0.0,0.0,0.0,0.0,0.0,0.0,0.0,0.0,0.0,0.0,0.0,0.0,0.0,0.0,0.0,0.0,0.0,0.0,0.0,0.0,0.0,0.0,0.0,0.0,0.0,ddpg
2024-12-16,0.0,0.0,0.0,0.0,0.0,0.0,0.0,0.0,0.0,0.0,0.0,0.0,0.0,0.0,0.0,0.0,0.0,0.0,0.0,0.0,0.0,0.0,0.0,0.0,0.0,0.0,0.0,0.0,0.0,0.0,ddpg
2024-12-17,0.0,0.0,0.0,0.0,0.0,0.0,0.0,0.0,0.0,0.0,0.0,0.0,0.0,0.0,0.0,0.0,0.0,0.0,0.0,0.0,0.0,0.0,0.0,0.0,0.0,0.0,0.0,0.0,0.0,0.0,ddpg
2024-12-18,0.0,0.0,0.0,0.0,0.0,0.0,0.0,0.0,0.0,0.0,0.0,0.0,0.0,0.0,0.0,0.0,0.0,0.0,0.0,0.0,0.0,0.0,0.0,0.0,0.0,0.0,0.0,0.0,0.0,0.0,ddpg
2024-12-19,0.0,0.0,0.0,0.0,0.0,0.0,0.0,0.0,0.0,0.0,0.0,0.0,0.0,0.0,0.0,0.0,0.0,0.0,0.0,0.0,0.0,0.0,0.0,0.0,0.0,0.0,0.0,0.0,0.0,0.0,ddpg
2024-12-20,0.0,0.0,0.0,0.0,0.0,0.0,0.0,0.0,0.0,0.0,0.0,0.0,0.0,0.0,0.0,0.0,0.0,0.0,0.0,0.0,0.0,0.0,0.0,0.0,0.0,0.0,0.0,0.0,0.0,0.0,ddpg
2024-12-23,0.0,0.0,0.0,0.0,0.0,0.0,0.0,0.0,0.0,0.0,0.0,0.0,0.0,0.0,0.0,0.0,0.0,0.0,0.0,0.0,0.0,0.0,0.0,0.0,0.0,0.0,0.0,0.0,0.0,0.0,ddpg
2024-12-24,0.0,0.0,0.0,0.0,0.0,0.0,0.0,0.0,0.0,0.0,0.0,0.0,0.0,0.0,0.0,0.0,0.0,0.0,0.0,0.0,0.0,0.0,0.0,0.0,0.0,0.0,0.0,0.0,0.0,0.0,ddpg
2024-12-26,0.0,0.0,0.0,0.0,0.0,0.0,0.0,0.0,0.0,0.0,0.0,0.0,0.0,0.0,0.0,0.0,0.0,0.0,0.0,0.0,0.0,0.0,0.0,0.0,0.0,0.0,0.0,0.0,0.0,0.0,ddpg
2024-12-27,0.0,0.0,0.0,0.0,0.0,0.0,0.0,0.0,0.0,0.0,0.0,0.0,0.0,0.0,0.0,0.0,0.0,0.0,0.0,0.0,0.0,0.0,0.0,0.0,0.0,0.0,0.0,0.0,0.0,0.0,ddpg
2024-12-30,0.0,0.0,0.0,0.0,0.0,0.0,0.0,0.0,0.0,0.0,0.0,0.0,0.0,0.0,0.0,0.0,0.0,0.0,0.0,0.0,0.0,0.0,0.0,0.0,0.0,0.0,0.0,0.0,0.0,0.0,ddpg
2024-12-31,0.0,0.0,0.0,0.0,0.0,0.0,0.0,0.0,0.0,0.0,0.0,0.0,0.0,0.0,0.0,0.0,0.0,0.0,0.0,0.0,0.0,0.0,0.0,0.0,0.0,0.0,0.0,0.0,0.0,0.0,ddpg
2025-01-02,0.0,0.0,0.0,0.0,0.0,0.0,0.0,0.0,0.0,0.0,0.0,0.0,0.0,0.0,0.0,0.0,0.0,0.0,0.0,0.0,0.0,0.0,0.0,0.0,0.0,0.0,0.0,0.0,0.0,0.0,ddpg
2025-01-03,0.0,0.0,0.0,0.0,0.0,0.0,0.0,0.0,0.0,0.0,0.0,0.0,0.0,0.0,0.0,0.0,0.0,0.0,0.0,0.0,0.0,0.0,0.0,0.0,0.0,0.0,0.0,0.0,0.0,0.0,ddpg
2025-01-07,0.0,0.0,-2.7795951813459396,0.0,0.0,0.0,0.0,0.0,0.0,0.0,0.0,0.0,0.0,0.0,-74.1296112537384,0.0,0.0,0.0,0.0,0.0,-46.583160758018494,-36.639901995658875,0.0,0.0,99.20714625118936,0.0,0.0,0.0,0.0,0.0,a2c
2025-01-08,0.0,0.0,0.0,0.0,0.0,0.0,0.0,0.0,0.0,0.0,55.9926273250296,0.0,1.8046285538678954e-14,0.0,-64.71853256225586,0.0,0.0,0.0,0.0,0.0,-46.209630370140076,-46.660420298576355,0.0,0.0,0.0,0.0,0.0,0.0,0.0,0.0,a2c
2025-01-10,0.0,0.0,0.0,0.0,0.0,0.0,0.0,0.0,0.0,0.0,20.31373668393119,0.0,100.0,0.0,-64.62512612342834,0.0,0.0,0.0,0.0,0.0,-46.27993106842041,-46.72761857509613,0.0,0.0,0.0,0.0,-0.1554720103740692,0.0,0.0,0.0,a2c
2025-01-13,0.0,0.0,-7.044420391321182,0.0,0.0,0.0,0.0,38.45396283768915,0.0,0.0,0.0,0.0,59.782081842422485,0.0,-47.10124135017395,0.0,0.0,0.0,0.0,100.0,-57.9185426235199,-59.11763906478882,0.0,72.74388670921326,94.21510100364685,0.0,-70.04321217536926,0.0,0.0,63.891392946243286,a2c
2025-01-14,0.0,0.0,-7.044316828250885,0.0,0.0,0.0,0.0,0.0,0.0,0.0,57.85688873537982,0.0,0.0,0.0,-47.09978103637695,0.0,0.0,0.0,0.0,100.0,-57.91686177253723,-59.11648869514465,0.0,0.0,94.21704411506653,0.0,-70.03887295722961,0.0,0.0,0.0,a2c
2025-01-15,0.0,0.0,0.0,0.0,0.0,0.0,0.0,0.0,0.0,0.0,85.51524297981426,0.0,0.0,0.0,-73.3205795288086,0.0,0.0,0.0,0.0,0.0,-54.83166575431824,-52.735066413879395,0.0,0.0,0.0,0.0,-21.4249849319458,0.0,0.0,0.0,a2c
2025-01-16,0.0,0.0,0.0,0.0,0.0,0.0,0.0,0.0,0.0,0.0,70.5147610142643,0.0,0.0,0.0,-26.2302395478751,0.0,0.0,0.0,0.0,0.0,-54.83212471008301,-52.73570418357849,0.0,0.0,0.0,0.0,-21.427491307258606,0.0,0.0,0.0,a2c
2025-01-17,0.0,0.0,-2.074497618596059,0.0,0.0,0.0,0.0,0.0,0.0,0.0,0.0,0.0,27.307091919016734,0.0,0.0,0.0,0.0,0.0,0.0,100.0,-63.15836310386658,-61.767446994781494,0.0,0.0,100.0,0.0,-38.489699363708496,0.0,0.0,0.0,a2c
2025-01-21,0.0,0.0,0.0,0.0,0.0,0.0,0.0,0.0,0.0,0.0,69.67145239371139,0.0,0.0,0.0,0.0,0.0,0.0,0.0,0.0,100.0,-51.88513994216919,-75.09005069732666,0.0,100.0,0.0,0.0,-100.0,0.0,0.0,100.0,a2c
2025-01-22,0.0,0.0,0.0,0.0,0.0,0.0,0.0,0.0,0.0,0.0,71.05005043823442,0.0,0.0,0.0,0.0,0.0,0.0,0.0,0.0,100.0,-51.52373909950256,-75.06121397018433,0.0,100.0,0.0,0.0,-100.0,0.0,0.0,100.0,a2c
2025-01-23,0.0,0.0,0.0,0.0,0.0,0.0,0.0,0.0,0.0,0.0,0.0,0.0,100.0,0.0,0.0,0.0,0.0,0.0,0.0,54.5898305603456,-67.74316430091858,-78.74621748924255,0.0,100.0,100.0,0.0,-100.0,0.0,0.0,100.0,a2c
2025-01-24,0.0,0.0,0.0,0.0,0.0,0.0,0.0,100.0,0.0,0.0,0.0,0.0,26.3318485939226,0.0,0.0,0.0,0.0,0.0,0.0,100.0,-54.75725531578064,-86.8848443031311,0.0,100.0,100.0,0.0,-100.0,0.0,0.0,100.0,a2c
2025-01-27,0.0,0.0,0.0,0.0,0.0,0.0,0.0,100.0,0.0,0.0,70.002253342165,0.0,100.0,0.0,0.0,0.0,0.0,0.0,0.0,0.0,-49.55219328403473,-82.20322132110596,0.0,0.0,0.0,0.0,-100.0,0.0,0.0,100.0,a2c
2025-01-28,0.0,0.0,0.0,0.0,0.0,0.0,0.0,0.0,0.0,0.0,62.706005101564465,0.0,100.0,0.0,0.0,0.0,0.0,0.0,0.0,0.0,-25.83741545677185,-72.33008146286011,0.0,0.0,0.0,0.0,-100.0,0.0,0.0,100.0,a2c
2025-01-29,0.0,0.0,0.0,0.0,0.0,0.0,0.0,100.0,0.0,0.0,0.2132576659411238,0.0,100.0,0.0,0.0,0.0,0.0,0.0,0.0,100.0,-33.182573318481445,-79.87951636314392,0.0,100.0,0.0,0.0,-77.43706107146556,0.0,0.0,100.0,a2c
2025-01-30,0.0,0.0,0.0,0.0,0.0,0.0,0.0,0.0,0.0,0.0,0.0,0.0,20.28407053347041,0.0,0.0,0.0,0.0,0.0,0.0,0.0,-18.61216425895691,-75.1502513885498,0.0,0.0,0.0,0.0,0.0,0.0,0.0,100.0,a2c
2025-01-31,0.0,0.0,0.0,0.0,0.0,0.0,0.0,0.0,0.0,0.0,0.0,0.0,17.619457794603168,0.0,0.0,0.0,0.0,0.0,0.0,0.0,-18.61163079738617,-75.1505196094513,0.0,0.0,0.0,0.0,0.0,0.0,0.0,100.0,a2c
2025-02-03,0.0,0.0,0.0,0.0,0.0,0.0,0.0,0.0,0.0,0.0,0.0,0.0,57.08100070157457,0.0,0.0,0.0,0.0,0.0,0.0,0.0,-36.44847571849823,-85.75197458267212,0.0,0.0,0.0,0.0,0.0,0.0,0.0,100.0,a2c
2025-02-04,0.0,0.0,0.0,0.0,0.0,0.0,0.0,0.0,0.0,0.0,0.0,0.0,0.0,0.0,0.0,0.0,0.0,0.0,0.0,0.0,-4.657735711043415,-82.35123753547668,0.0,0.0,0.0,0.0,0.0,0.0,0.0,81.47572983091506,a2c
2025-02-05,0.0,0.0,0.0,0.0,0.0,0.0,0.0,0.0,0.0,0.0,1.4696266884380572e-15,0.0,0.0,0.0,0.0,0.0,0.0,0.0,0.0,0.0,0.0,-78.07648181915283,0.0,0.0,0.0,4.215835311066029e-31,0.0,0.0,0.0,58.36163132732374,a2c
2025-02-06,0.0,0.0,0.0,0.0,0.0,0.0,0.0,0.0,0.0,0.0,0.0,0.0,0.0,0.0,0.0,0.0,0.0,0.0,0.0,0.0,0.0,-85.24020910263062,0.0,6.178450066718715e-31,0.0,3.762141545226679e-15,0.0,0.0,0.0,60.90937599533044,a2c
2025-02-07,0.0,0.0,0.0,0.0,0.0,0.0,0.0,0.0,0.0,0.0,0.0,0.0,0.0,0.0,0.0,0.0,0.0,0.0,0.0,0.0,0.0,-78.12693119049072,0.0,0.0,0.0,0.0,0.0,0.0,0.0,53.50417739886022,a2c
2025-02-10,0.0,0.0,0.0,0.0,0.0,0.0,0.0,0.0,0.0,0.0,0.0,0.0,0.0,0.0,0.0,0.0,0.0,0.0,0.0,0.0,0.0,-81.86155557632446,0.0,0.0,0.0,0.0,0.0,0.0,0.0,54.572548958379,a2c
2025-02-11,0.0,0.0,0.0,0.0,0.0,0.0,0.0,0.0,0.0,0.0,0.0,0.0,0.0,0.0,0.0,0.0,0.0,0.0,0.0,0.0,0.0,-81.40024542808533,0.0,0.0,0.0,0.0,0.0,0.0,0.0,55.086719715057,a2c
2025-02-12,0.0,0.0,0.0,0.0,0.0,0.0,0.0,0.0,0.0,0.0,0.0,0.0,0.0,0.0,0.0,0.0,0.0,0.0,0.0,0.0,0.0,-85.27501225471497,0.0,0.0,0.0,0.0,0.0,0.0,0.0,58.28919385359993,a2c
2025-02-13,0.0,0.0,0.0,0.0,0.0,0.0,0.0,0.0,0.0,0.0,0.0,0.0,0.0,0.0,0.0,0.0,0.0,0.0,0.0,0.0,0.0,-84.30087566375732,45.01023816483328,0.0,0.0,0.0,0.0,0.0,0.0,0.0,a2c
2025-02-14,0.0,0.0,0.0,0.0,0.0,0.0,0.0,0.0,0.0,0.0,0.0,0.0,0.0,0.0,0.0,0.0,0.0,0.0,0.0,0.0,0.0,-86.15676760673523,0.0,0.0,0.0,0.0,0.0,0.0,0.0,58.95133114630325,a2c
2025-02-18,0.0,0.0,0.0,0.0,0.0,0.0,0.0,0.0,0.0,0.0,0.0,0.0,0.0,0.0,0.0,0.0,0.0,0.0,0.0,0.0,0.0,-92.64329671859741,0.0,0.0,0.0,0.0,0.0,0.0,0.0,63.856377717912984,a2c
2025-02-19,0.0,0.0,0.0,0.0,0.0,0.0,0.0,0.0,0.0,0.0,0.0,0.0,0.0,0.0,0.0,0.0,0.0,0.0,0.0,0.0,0.0,-99.82224702835083,0.0,0.0,0.0,32.09998948579686,0.0,0.0,0.0,0.0,a2c
2025-02-20,0.0,0.0,0.0,0.0,0.0,0.0,0.0,0.0,0.0,0.0,0.0,0.0,0.0,0.0,0.0,0.0,0.0,0.0,0.0,0.0,0.0,-61.50339640370112,0.0,0.0,2.8988757930814033e-31,3.8240801287279685e-15,0.0,0.0,0.0,44.58037184330471,a2c
2025-02-21,0.0,0.0,0.0,0.0,0.0,0.0,0.0,0.0,0.0,0.0,0.0,0.0,0.0,0.0,0.0,0.0,0.0,0.0,0.0,0.0,0.0,0.0,0.0,0.0,0.0,0.0,0.0,0.0,0.0,0.0,a2c
2025-02-24,0.0,0.0,0.0,0.0,0.0,0.0,0.0,0.0,0.0,0.0,0.0,0.0,0.0,0.0,0.0,0.0,0.0,0.0,0.0,0.0,0.0,0.0,0.0,0.0,0.0,0.0,0.0,0.0,0.0,0.0,a2c
2025-02-25,0.0,0.0,0.0,0.0,0.0,0.0,0.0,0.0,0.0,0.0,0.0,0.0,0.0,0.0,0.0,0.0,0.0,0.0,0.0,0.0,0.0,0.0,0.0,0.0,0.0,0.0,0.0,0.0,0.0,0.0,a2c
2025-02-26,0.0,0.0,0.0,0.0,0.0,0.0,0.0,0.0,0.0,0.0,0.0,0.0,0.0,0.0,0.0,0.0,0.0,0.0,0.0,0.0,0.0,0.0,0.0,0.0,0.0,0.0,0.0,0.0,0.0,0.0,a2c
2025-02-27,0.0,0.0,0.0,0.0,0.0,0.0,0.0,0.0,0.0,0.0,0.0,0.0,0.0,0.0,0.0,0.0,0.0,0.0,0.0,0.0,0.0,0.0,0.0,0.0,0.0,0.0,0.0,0.0,0.0,0.0,a2c
2025-02-28,0.0,0.0,0.0,0.0,0.0,0.0,0.0,0.0,0.0,0.0,0.0,0.0,0.0,0.0,0.0,0.0,0.0,0.0,0.0,0.0,0.0,0.0,0.0,0.0,0.0,0.0,0.0,0.0,0.0,0.0,a2c
2025-03-03,0.0,0.0,0.0,0.0,0.0,0.0,0.0,0.0,0.0,0.0,0.0,0.0,0.0,0.0,0.0,0.0,0.0,0.0,0.0,0.0,0.0,0.0,0.0,0.0,0.0,0.0,0.0,0.0,0.0,0.0,a2c
2025-03-04,0.0,0.0,0.0,0.0,0.0,0.0,0.0,0.0,0.0,0.0,0.0,0.0,0.0,0.0,0.0,0.0,0.0,0.0,0.0,0.0,0.0,0.0,0.0,0.0,0.0,0.0,0.0,0.0,0.0,0.0,a2c
2025-03-05,0.0,0.0,0.0,-0.16470327973365784,0.0,0.0,0.0,0.0,0.0,0.0,0.0,0.0,0.0,0.0,0.0,0.0,0.0,0.0,0.0,0.0,0.0,0.0,0.0,0.0,0.0,0.0,0.0,0.0,0.0,0.4905033289267692,a2c
2025-03-06,0.0,0.0,0.0,-0.14372244477272034,0.0,0.0,0.0,0.0,0.0,0.0,0.0,0.0,0.0,0.0,0.0,0.0,0.0,0.0,0.0,0.0,0.0,0.0,0.0,0.0,0.0,0.0,0.0,0.0,0.0,0.42457694680010805,a2c
2025-03-07,0.0,0.0,0.0,0.0,0.0,0.0,0.0,0.0,0.0,0.0,0.0,0.0,0.0,0.0,0.0,0.0,0.0,0.0,0.0,0.0,0.0,0.0,0.0,0.0,0.0,0.0,0.0,0.0,0.0,0.0,a2c
2025-03-10,0.0,0.0,0.0,0.0,0.0,0.0,0.0,0.0,0.0,0.0,0.0,0.0,0.0,0.0,0.0,0.0,0.0,0.0,0.0,0.0,0.0,0.0,0.0,0.0,0.0,0.0,0.0,0.0,0.0,0.0,a2c
2025-03-11,0.0,0.0,0.0,0.0,0.0,0.0,0.0,0.0,0.0,0.0,0.0,0.0,0.0,0.0,0.0,0.0,0.0,0.0,0.0,0.0,0.0,0.0,0.0,0.0,0.0,0.0,0.0,0.0,0.0,0.0,a2c
2025-03-12,0.0,0.0,0.0,0.0,0.0,0.0,0.0,0.0,0.0,0.0,0.0,0.0,0.0,0.0,0.0,0.0,0.0,0.0,0.0,0.0,0.0,0.0,0.0,0.0,0.0,0.0,0.0,0.0,0.0,0.0,a2c
2025-03-13,0.0,0.0,0.0,0.0,0.0,0.0,0.0,0.0,0.0,0.0,0.0,0.0,0.0,0.0,0.0,0.0,0.0,0.0,0.0,0.0,0.0,0.0,0.0,0.0,0.0,0.0,0.0,0.0,0.0,0.0,a2c
2025-03-14,0.0,0.0,0.0,0.0,0.0,0.0,0.0,0.0,0.0,0.0,0.0,0.0,0.0,0.0,0.0,0.0,0.0,0.0,0.0,0.0,0.0,0.0,0.0,0.0,0.0,0.0,0.0,0.0,0.0,0.0,a2c
2025-03-17,0.0,0.0,0.0,0.0,0.0,0.0,0.0,0.0,0.0,0.0,0.0,0.0,0.0,0.0,0.0,0.0,0.0,0.0,0.0,0.0,0.0,0.0,0.0,0.0,0.0,0.0,0.0,0.0,0.0,0.0,a2c
2025-03-18,0.0,0.0,0.0,0.0,0.0,0.0,0.0,0.0,0.0,0.0,0.0,0.0,0.0,0.0,0.0,0.0,0.0,0.0,0.0,0.0,0.0,0.0,0.0,0.0,0.0,0.0,0.0,0.0,0.0,0.0,a2c
2025-03-19,0.0,0.0,0.0,0.0,0.0,0.0,0.0,0.0,0.0,0.0,0.0,0.0,0.0,0.0,0.0,0.0,0.0,0.0,0.0,0.0,0.0,0.0,0.0,0.0,0.0,0.0,0.0,0.0,0.0,0.0,a2c
2025-03-20,0.0,0.0,0.0,0.0,0.0,0.0,0.0,0.0,0.0,0.0,0.0,0.0,0.0,0.0,0.0,0.0,0.0,0.0,0.0,0.0,0.0,0.0,0.0,0.0,0.0,0.0,0.0,0.0,0.0,0.0,a2c
2025-03-21,0.0,0.0,0.0,0.0,0.0,0.0,0.0,0.0,0.0,0.0,0.0,0.0,0.0,0.0,0.0,0.0,0.0,0.0,0.0,0.0,0.0,0.0,0.0,0.0,0.0,0.0,0.0,0.0,0.0,0.0,a2c
2025-03-24,0.0,0.0,0.0,0.0,0.0,0.0,0.0,0.0,0.0,0.0,0.0,0.0,0.0,0.0,0.0,0.0,0.0,0.0,0.0,0.0,0.0,0.0,0.0,0.0,0.0,0.0,0.0,0.0,0.0,0.0,a2c
2025-03-25,0.0,0.0,0.0,0.0,0.0,0.0,0.0,0.0,0.0,0.0,0.0,0.0,0.0,0.0,0.0,0.0,0.0,0.0,0.0,0.0,0.0,0.0,0.0,0.0,0.0,0.0,0.0,0.0,0.0,0.0,a2c
2025-03-26,0.0,0.0,0.0,0.0,0.0,0.0,0.0,0.0,0.0,0.0,0.0,0.0,0.0,0.0,0.0,0.0,0.0,0.0,0.0,0.0,0.0,0.0,0.0,0.0,0.0,0.0,0.0,0.0,0.0,0.0,a2c
2025-03-27,0.0,0.0,0.0,0.0,0.0,0.0,0.0,0.0,0.0,0.0,0.0,0.0,0.0,0.0,0.0,0.0,0.0,0.0,0.0,0.0,0.0,0.0,0.0,0.0,0.0,0.0,0.0,0.0,0.0,0.0,a2c
2025-03-28,0.0,0.0,0.0,0.0,0.0,0.0,0.0,0.0,0.0,0.0,0.0,0.0,0.0,0.0,0.0,0.0,0.0,0.0,0.0,0.0,0.0,0.0,0.0,0.0,0.0,0.0,0.0,0.0,0.0,0.0,a2c
2025-03-31,0.0,0.0,0.0,0.0,0.0,0.0,0.0,0.0,0.0,0.0,0.0,0.0,0.0,0.0,0.0,0.0,0.0,0.0,0.0,0.0,0.0,0.0,0.0,0.0,0.0,0.0,0.0,0.0,0.0,0.0,a2c
2025-04-01,0.0,0.0,0.0,0.0,0.0,0.0,0.0,0.0,0.0,0.0,0.0,0.0,0.0,0.0,0.0,0.0,0.0,0.0,0.0,0.0,0.0,0.0,0.0,0.0,0.0,0.0,0.0,0.0,0.0,0.0,a2c
2025-04-02,0.0,0.0,0.0,0.0,0.0,0.0,0.0,0.0,0.0,0.0,0.0,0.0,0.0,0.0,0.0,0.0,0.0,0.0,0.0,0.0,0.0,0.0,0.0,0.0,0.0,0.0,0.0,0.0,0.0,0.0,a2c
2025-04-03,0.0,0.0,0.0,0.0,0.0,0.0,0.0,0.0,0.0,0.0,0.0,0.0,0.0,0.0,0.0,0.0,0.0,0.0,0.0,0.0,0.0,0.0,0.0,0.0,0.0,0.0,0.0,0.0,0.0,0.0,a2c
2025-04-04,0.0,0.0,0.0,0.0,0.0,0.0,0.0,0.0,0.0,0.0,0.0,0.0,0.0,0.0,0.0,0.0,0.0,0.0,0.0,0.0,0.0,0.0,0.0,0.0,0.0,0.0,0.0,0.0,0.0,0.0,a2c
2025-04-07,0.0,0.0,0.0,0.0,0.0,0.0,0.0,0.0,0.0,0.0,0.0,0.0,0.0,0.0,0.0,0.0,0.0,0.0,0.0,0.0,0.0,0.0,0.0,0.0,0.0,0.0,0.0,0.0,0.0,0.0,a2c
2025-04-09,0.0,0.0,0.0,0.0,0.0,0.0,0.0,-63.040417432785034,0.0,0.0,0.0,0.0,0.0,0.0,0.0,0.0,0.0,0.0,0.0,-20.497794449329376,0.0,0.0,11.940830847871895,100.0,-23.06787222623825,0.0,0.0,0.0,0.0,-55.31741380691528,a2c
2025-04-10,0.0,0.0,0.0,0.0,0.0,0.0,0.0,-60.55219769477844,0.0,0.0,0.0,0.0,0.0,0.0,0.0,0.0,0.0,0.0,0.0,-34.7418487071991,2.4881135181590834,100.0,100.0,0.0,-21.818743646144867,0.0,0.0,0.0,0.0,-53.69231700897217,a2c
2025-04-11,0.0,0.0,0.0,0.0,0.0,0.0,0.0,-60.55219769477844,0.0,0.0,0.0,0.0,0.0,0.0,0.0,0.0,0.0,0.0,0.0,-34.7418487071991,4.755852495976411,100.0,100.0,0.0,-21.818743646144867,0.0,0.0,0.0,0.0,-53.69231700897217,a2c
2025-04-14,0.0,0.0,0.0,0.0,0.0,0.0,0.0,-78.12679409980774,0.0,0.0,0.0,0.0,0.0,0.0,0.0,0.0,0.0,12.054108411465906,0.0,-26.176893711090088,0.0,0.0,100.0,0.0,-9.763698279857635,0.0,0.0,0.0,0.0,-55.91778755187988,a2c
2025-04-15,0.0,0.0,0.0,0.0,0.0,0.0,0.0,-76.18235591553946,0.0,0.0,0.0,0.0,0.0,0.0,0.0,0.0,0.0,41.19894865377337,0.0,-44.11631226539612,0.0,0.0,0.0,0.0,0.0,0.0,0.0,0.0,0.0,-54.49667572975159,a2c
2025-04-16,0.0,0.0,0.0,0.0,0.0,0.0,0.0,0.0,0.0,0.0,0.0,0.0,0.0,0.0,0.0,0.0,0.0,0.0,0.0,-39.41736817359924,0.0,0.0,0.0,59.18837070516965,-4.100284725427628,0.0,0.0,0.0,0.0,-57.02287554740906,a2c
2025-04-17,0.0,0.0,0.0,0.0,0.0,0.0,0.0,0.0,0.0,0.0,0.0,0.0,0.0,0.0,0.0,0.0,0.0,0.0,0.0,-20.664110779762268,0.0,0.0,89.78838944230004,0.0,-6.855819374322891,0.0,0.0,0.0,0.0,-62.326985597610474,a2c
2025-04-21,0.0,0.0,0.0,0.0,0.0,0.0,0.0,0.0,0.0,0.0,1.8202698230464975e-15,0.0,0.0,0.0,0.0,0.0,0.0,15.82304451189604,0.0,0.0,0.0,0.0,0.0,6.119790067100785e-31,0.0,0.0,0.0,0.0,0.0,-52.30712890625,a2c
2025-04-22,0.0,0.0,0.0,0.0,27.452331985798097,0.0,0.0,0.0,0.0,0.0,0.0,0.0,0.0,0.0,0.0,0.0,100.0,0.0,0.0,-23.090030252933502,0.0,0.0,0.0,0.0,-9.692563861608505,0.0,0.0,0.0,0.0,-72.6117193698883,a2c
2025-04-23,0.0,0.0,0.0,0.0,0.0,0.0,0.0,0.0,0.0,0.0,0.0,0.0,0.0,0.0,0.0,0.0,0.0,15.679922853086342,0.0,0.0,0.0,0.0,0.0,0.0,0.0,0.0,0.0,0.0,0.0,-52.216410636901855,a2c
2025-04-24,0.0,0.0,0.0,0.0,0.0,0.0,0.0,0.0,0.0,0.0,0.0,0.0,23.09972504175991,0.0,0.0,0.0,0.0,0.0,0.0,0.0,0.0,0.0,0.0,0.0,0.0,0.0,0.0,0.0,0.0,-44.610828161239624,a2c
2025-04-25,0.0,0.0,0.0,0.0,0.0,0.0,0.0,0.0,0.0,0.0,0.0,0.0,0.0,0.0,0.0,0.0,0.0,19.143398131211676,0.0,-12.446285784244537,0.0,0.0,0.0,5.8592306738910795e-15,0.0,0.0,0.0,0.0,0.0,-52.413225173950195,a2c
2025-04-28,0.0,0.0,0.0,0.0,0.0,0.0,0.0,0.0,0.0,0.0,0.0,0.0,0.0,0.0,0.0,0.0,0.0,0.0,0.0,-18.015603721141815,0.0,0.0,8.186651164925709e-15,44.13537210715166,-5.744105577468872,0.0,0.0,0.0,0.0,-38.21917176246643,a2c
2025-04-29,0.0,0.0,0.0,0.0,0.0,0.0,0.0,0.0,0.0,0.0,0.0,0.0,0.0,0.0,0.0,0.0,0.0,0.0,0.0,0.0,0.0,0.0,0.0,17.77864190454166,0.0,0.0,0.0,0.0,0.0,-29.75085973739624,a2c
2025-04-30,0.0,0.0,0.0,0.0,0.0,0.0,0.0,0.0,0.0,0.0,0.0,0.0,0.0,0.0,0.0,0.0,0.0,14.658321245995097,0.0,0.0,0.0,0.0,0.0,0.0,0.0,0.0,0.0,0.0,0.0,-47.51749336719513,a2c
2025-05-01,0.0,0.0,0.0,0.0,0.0,0.0,0.0,0.0,0.0,0.0,0.0,0.0,0.0,0.0,0.0,0.0,0.0,0.0,0.0,-8.105005323886871,0.0,0.0,44.812979619567805,0.0,-1.9986504688858986,0.0,0.0,0.0,0.0,-36.62979602813721,a2c
2025-05-02,0.0,0.0,0.0,0.0,0.0,0.0,0.0,0.0,0.0,0.0,0.0,0.0,0.0,0.0,0.0,0.0,0.0,9.30467702042226,0.0,0.0,0.0,0.0,0.0,0.0,0.0,0.0,0.0,0.0,0.0,-29.657191038131714,a2c
2025-05-05,0.0,0.0,0.0,0.0,0.0,0.0,0.0,0.0,0.0,0.0,0.0,0.0,0.0,0.0,0.0,0.0,0.0,13.441178037608408,0.0,0.0,0.0,0.0,0.0,0.0,0.0,0.0,0.0,0.0,0.0,-42.033934593200684,a2c
2025-05-06,0.0,0.0,0.0,0.0,0.0,0.0,0.0,0.0,0.0,0.0,0.0,0.0,0.0,0.0,0.0,0.0,0.0,0.0,0.0,-0.8553698658943176,0.0,8.120211892338937e-15,35.68799192218958,0.0,0.0,0.0,0.0,0.0,0.0,-40.71287214756012,a2c
2025-05-07,0.0,0.0,0.0,0.0,0.0,0.0,0.0,0.0,0.0,0.0,0.0,0.0,0.0,0.0,0.0,0.0,0.0,14.436664557419464,0.0,0.0,0.0,0.0,0.0,0.0,0.0,0.0,0.0,0.0,0.0,-45.93910872936249,a2c
2025-05-08,0.0,0.0,0.0,0.0,0.0,0.0,0.0,0.0,0.0,0.0,0.0,0.0,0.0,0.0,0.0,0.0,0.0,16.201187328820797,0.0,0.0,0.0,0.0,0.0,0.0,0.0,0.0,0.0,0.0,0.0,-51.625412702560425,a2c
2025-05-09,0.0,0.0,0.0,0.0,0.0,0.0,0.0,0.0,0.0,0.0,0.0,0.0,28.405654052763957,0.0,0.0,0.0,0.0,0.0,0.0,0.0,0.0,0.0,0.0,0.0,0.0,0.0,0.0,0.0,0.0,-58.136045932769775,a2c
2025-05-12,0.0,0.0,0.0,0.0,0.0,0.0,0.0,0.0,0.0,0.0,0.0,0.0,0.0,0.0,0.0,0.0,0.0,21.4791318731808,0.0,0.0,0.0,0.0,0.0,0.0,0.0,0.0,0.0,0.0,0.0,-68.79222989082336,a2c
2025-05-13,0.0,0.0,0.0,0.0,0.0,0.0,0.0,0.0,0.0,0.0,0.0,0.0,0.0,0.0,0.0,0.0,0.0,0.0,0.0,-9.355146437883377,0.0,0.0,0.0,34.75401514723828,-3.9917096495628357,0.0,0.0,0.0,0.0,-34.47046875953674,a2c
2025-05-14,0.0,0.0,0.0,0.0,0.0,0.0,0.0,0.0,0.0,0.0,0.0,0.0,0.0,0.0,0.0,0.0,38.70723248597448,0.0,0.0,0.0,0.0,0.0,0.0,0.0,0.0,0.0,0.0,0.0,0.0,-27.336019277572632,a2c
2025-05-15,0.0,0.0,0.0,0.0,0.0,0.0,0.0,0.0,0.0,0.0,0.0,0.0,0.0,0.0,0.0,0.0,0.0,0.0,0.0,-12.177345156669617,0.0,1.5088098989043293e-14,48.89778131319385,0.0,-6.735774874687195,0.0,0.0,0.0,0.0,-35.61921715736389,a2c
2025-05-16,0.0,0.0,0.0,0.0,0.0,0.0,0.0,0.0,0.0,0.0,0.0,0.0,0.0,0.0,0.0,0.0,37.430205424360096,0.0,0.0,0.0,0.0,0.0,0.0,0.0,0.0,0.0,0.0,0.0,0.0,-27.31606364250183,a2c
2025-05-19,0.0,0.0,0.0,0.0,0.0,0.0,0.0,0.0,0.0,0.0,0.0,0.0,0.0,0.0,0.0,0.0,0.0,7.588773299925713,0.0,0.0,0.0,0.0,0.0,0.0,0.0,0.0,0.0,0.0,0.0,-24.30494874715805,a2c
2025-05-20,0.0,0.0,0.0,0.0,0.0,0.0,0.0,0.0,0.0,0.0,0.0,0.0,0.0,0.0,0.0,0.0,0.0,7.517831662549552,0.0,0.0,0.0,0.0,0.0,0.0,0.0,0.0,0.0,0.0,0.0,-24.305425584316254,a2c
2025-05-21,0.0,0.0,0.0,0.0,0.0,0.0,0.0,0.0,0.0,0.0,0.0,0.0,0.0,0.0,0.0,0.0,51.167379289370544,0.0,0.0,0.0,0.0,0.0,0.0,0.0,0.0,0.0,0.0,0.0,0.0,-36.828744411468506,a2c
2025-05-22,0.0,0.0,0.0,-2.3192787542939186,0.0,0.0,0.0,0.0,0.0,0.0,0.0,0.0,0.0,0.0,0.0,0.0,0.0,0.0,0.0,-6.004266440868378,0.0,0.0,0.0,20.106439730751475,0.0,0.0,0.0,0.0,0.0,-22.34887331724167,a2c
2025-05-23,0.0,0.0,0.0,0.0,0.0,0.0,0.0,0.0,0.0,0.0,0.0,0.0,0.0,0.0,0.0,0.0,0.0,13.010194579315092,0.0,0.0,0.0,0.0,0.0,0.0,0.0,0.0,0.0,0.0,0.0,-42.09588170051575,a2c
2025-05-27,0.0,0.0,0.0,0.0,0.0,0.0,0.0,0.0,0.0,0.0,0.0,0.0,0.0,3.6029266083484e-15,0.0,0.0,68.98762513759429,0.0,0.0,0.0,0.0,0.0,0.0,0.0,0.0,0.0,0.0,0.0,0.0,-50.46398043632507,a2c
2025-05-28,0.0,0.0,0.0,-2.5565465912222862,0.0,0.0,0.0,0.0,0.0,0.0,0.0,0.0,0.0,0.0,0.0,0.0,0.0,0.0,0.0,-5.179481208324432,0.0,0.0,0.0,35.12137276897776,0.0,0.0,0.0,0.0,0.0,-47.61415421962738,a2c
2025-05-29,0.0,0.0,0.0,-2.727205492556095,0.0,0.0,0.0,0.0,0.0,0.0,0.0,0.0,0.0,0.0,0.0,0.0,0.0,0.0,0.0,-5.297199636697769,0.0,0.0,0.0,35.105054128648966,0.0,0.0,0.0,0.0,0.0,-47.09175229072571,a2c
2025-05-30,0.0,0.0,0.0,-8.845830708742142,0.0,0.0,0.0,0.0,0.0,0.0,0.0,0.0,0.0,0.0,0.0,0.0,0.0,0.0,0.0,-9.044171124696732,0.0,0.0,0.0,48.62243653769568,-5.42687326669693,0.0,0.0,0.0,0.0,-29.205456376075745,a2c
2025-06-02,0.0,0.0,0.0,-7.259715348482132,0.0,0.0,0.0,0.0,0.0,0.0,0.0,0.0,0.0,0.0,0.0,0.0,0.0,0.0,0.0,-8.789485692977905,0.0,0.0,52.038697384300576,0.0,0.0,0.0,0.0,0.0,0.0,-43.71868073940277,a2c
2025-06-03,0.0,0.0,0.0,-2.6460615918040276,0.0,0.0,0.0,0.0,0.0,0.0,0.0,0.0,0.0,0.0,0.0,0.0,0.0,0.0,0.0,-5.164322629570961,0.0,4.170952699766181e-31,1.6538072825644902e-15,10.711367305499653,0.0,0.0,0.0,0.0,0.0,-6.034463919780137,a2c
2025-06-04,0.0,0.0,0.0,-3.1092504039406776,0.0,0.0,0.0,0.0,0.0,0.0,0.0,0.0,0.0,0.0,0.0,0.0,0.0,2.974157797204467,0.0,0.0,0.0,0.0,0.0,0.0,0.0,0.0,0.0,0.0,0.0,0.0,a2c
2025-06-05,0.0,0.0,0.0,-3.1089039519429207,0.0,0.0,0.0,0.0,0.0,0.0,0.0,0.0,0.0,3.5097012097002325,0.0,0.0,0.0,0.0,0.0,0.0,0.0,0.0,0.0,0.0,0.0,0.0,0.0,0.0,0.0,0.0,a2c
2025-06-06,0.0,0.0,0.0,-10.364887118339539,0.0,0.0,0.0,0.0,0.0,0.0,0.0,0.0,0.0,0.0,0.0,0.0,0.0,0.0,0.0,-10.90715378522873,0.0,0.0,0.0,42.74926141231086,-8.230403065681458,0.0,0.0,0.0,0.0,0.0,a2c
2025-06-09,0.0,0.0,0.0,0.0,0.0,0.0,0.0,0.0,0.0,0.0,0.0,0.0,0.0,0.0,0.0,0.0,0.0,0.0,0.0,0.0,0.0,0.0,0.0,0.0,0.0,0.0,0.0,0.0,0.0,0.0,a2c
2025-06-10,0.0,0.0,0.0,-4.970940947532654,0.0,0.0,0.0,0.0,0.0,0.0,0.0,0.0,0.0,0.0,0.0,0.0,0.0,0.0,0.0,0.0,4.292302604058723e-31,0.0,1.2743464542049278e-14,51.88795847810121,-18.933571875095367,0.0,0.0,0.0,0.0,0.0,a2c
2025-06-11,0.0,0.0,0.0,-14.712712168693542,0.0,0.0,0.0,0.0,0.0,0.0,0.0,0.0,0.0,0.0,0.0,0.0,0.0,0.0,0.0,0.0,0.0,3.216603396790159e-30,1.2625732252169644e-14,85.4617980474006,-25.65731704235077,0.0,0.0,0.0,0.0,0.0,a2c
2025-06-12,0.0,0.0,0.0,-8.158714324235916,0.0,0.0,0.0,0.0,0.0,0.0,0.0,0.0,0.0,0.0,0.0,0.0,0.0,0.0,0.0,0.0,0.0,0.0,42.15092239481406,0.0,-10.194729268550873,0.0,0.0,0.0,0.0,0.0,a2c
2025-06-13,0.0,0.0,0.0,0.0,0.0,0.0,0.0,0.0,0.0,0.0,0.0,0.0,0.0,0.0,0.0,0.0,0.0,0.0,0.0,0.0,0.0,0.0,0.0,0.0,0.0,0.0,0.0,0.0,0.0,0.0,a2c
2025-06-16,0.0,0.0,0.0,0.0,0.0,0.0,0.0,0.0,0.0,0.0,0.0,0.0,0.0,0.0,0.0,0.0,0.0,0.0,0.0,0.0,0.0,0.0,0.0,0.0,0.0,0.0,0.0,0.0,0.0,0.0,a2c
2025-06-17,0.0,0.0,0.0,0.0,0.0,0.0,0.0,0.0,0.0,0.0,0.0,0.0,0.0,0.0,0.0,0.0,0.0,0.0,0.0,0.0,0.0,0.0,0.0,0.0,0.0,0.0,0.0,0.0,0.0,0.0,a2c
2025-06-18,0.0,0.0,0.0,0.0,0.0,0.0,0.0,0.0,0.0,0.0,0.0,0.0,0.0,0.0,0.0,0.0,0.0,0.0,0.0,0.0,0.0,0.0,0.0,0.0,0.0,0.0,0.0,0.0,0.0,0.0,a2c
2025-06-20,0.0,0.0,0.0,0.0,0.0,0.0,0.0,0.0,0.0,0.0,0.0,0.0,0.0,0.0,0.0,0.0,0.0,0.0,0.0,0.0,0.0,0.0,0.0,0.0,0.0,0.0,0.0,0.0,0.0,0.0,a2c
2025-06-23,0.0,0.0,0.0,0.0,0.0,0.0,0.0,0.0,0.0,0.0,0.0,0.0,0.0,0.0,0.0,0.0,0.0,0.0,0.0,0.0,0.0,0.0,0.0,0.0,0.0,0.0,0.0,0.0,0.0,0.0,a2c
2025-06-24,0.0,0.0,0.0,0.0,0.0,0.0,0.0,0.0,0.0,0.0,0.0,0.0,0.0,0.0,0.0,0.0,0.0,0.0,0.0,0.0,0.0,0.0,0.0,0.0,0.0,0.0,0.0,0.0,0.0,0.0,a2c
2025-06-25,0.0,0.0,0.0,0.0,0.0,0.0,0.0,0.0,0.0,0.0,0.0,0.0,0.0,0.0,0.0,0.0,0.0,0.0,0.0,0.0,0.0,0.0,0.0,0.0,0.0,0.0,0.0,0.0,0.0,0.0,a2c
2025-06-26,0.0,0.0,0.0,0.0,0.0,0.0,0.0,0.0,0.0,0.0,0.0,0.0,0.0,0.0,0.0,0.0,0.0,0.0,0.0,0.0,0.0,0.0,0.0,0.0,0.0,0.0,0.0,0.0,0.0,0.0,a2c
2025-06-27,0.0,0.0,0.0,0.0,0.0,0.0,0.0,0.0,0.0,0.0,0.0,0.0,0.0,0.0,0.0,0.0,0.0,0.0,0.0,0.0,0.0,0.0,0.0,0.0,0.0,0.0,0.0,0.0,0.0,0.0,a2c
2025-06-30,0.0,0.0,0.0,-25.642889738082886,0.0,0.0,0.0,0.0,0.0,0.0,0.0,0.0,0.0,0.0,0.0,0.0,0.0,0.0,1.4932219469434425e-46,-33.57313275337219,0.0,2.8518105434689813e-30,1.1521231415423799e-14,68.32002182447214,0.0,0.0,0.0,0.0,0.0,0.0,a2c
2025-07-01,0.0,0.0,0.0,-0.6685150787234306,0.0,0.0,0.0,0.0,0.0,0.0,0.0,0.0,0.0,0.0,0.0,0.0,0.0,0.7333614977305756,0.0,0.0,0.0,0.0,0.0,0.0,0.0,0.0,0.0,0.0,0.0,0.0,a2c
2025-07-02,0.0,0.0,0.0,-5.392106610020917,0.0,0.0,0.0,0.0,0.0,0.0,0.0,0.0,0.0,0.0,0.0,0.0,0.0,0.0,0.0,0.0,0.0,0.0,0.0,37.6923958625806,-11.893730610609055,0.0,0.0,0.0,0.0,0.0,a2c
2025-07-03,0.0,0.0,0.0,0.0,0.0,0.0,0.0,0.0,0.0,0.0,0.0,0.0,0.0,0.0,0.0,0.0,0.0,0.0,0.0,0.0,0.0,0.0,0.0,26.525303968355885,-11.893731355667114,0.0,0.0,0.0,0.0,0.0,a2c
2025-07-07,0.0,0.0,0.0,0.0,0.0,0.0,0.0,0.0,0.0,0.0,0.0,0.0,0.0,0.0,0.0,0.0,0.0,0.0,1.4842397369050102e-46,0.0,0.0,1.34470774580213e-30,5.703132429177396e-15,26.698700710340322,-11.893730610609055,0.0,0.0,0.0,0.0,0.0,a2c
2025-07-08,0.0,0.0,0.0,0.0,0.0,0.0,0.0,0.0,0.0,0.0,0.0,0.0,0.0,0.0,0.0,0.0,0.0,0.0,0.0,0.0,0.0,0.0,0.0,13.228115805977408,-6.011700630187988,0.0,0.0,0.0,0.0,0.0,a2c
2025-07-09,0.0,0.0,0.0,0.0,0.0,0.0,0.0,0.0,0.0,0.0,0.0,0.0,0.0,0.0,0.0,0.0,0.0,0.0,0.0,0.0,0.0,0.0,0.0,13.43553031770269,-6.011703610420227,0.0,0.0,0.0,0.0,0.0,a2c
2025-07-11,19.46345865726471,24.261370301246643,0.0,0.0,-18.06751638650894,0.0,0.0,0.0,0.0,0.0,-5.297737568616867,13.79689872264862,-2.706390991806984,-3.509701209700236,0.0,1.4555646787295735,-23.567017912864685,13.782061636447906,0.0,-12.315107136964798,-7.243966014135495,-10.012239217758179,-5.019072815775871,-23.804841935634613,-37.5894159078598,37.98930048942566,0.0,0.0,35.21651029586792,22.923921048641205,ppo
2025-07-14,11.52080123726403,0.0,0.0,0.0,-9.384815599289155,0.0,0.0,0.0,0.0,0.0,-9.454167634248734,18.52108985185623,0.0,0.0,0.0,-1.4555646787295735,-14.404943585395813,21.924978494644165,0.0,-20.423808693885803,0.0,-20.46249955892563,0.0,-17.65332669019699,-39.05685842037201,38.21465075016022,0.0,0.0,43.03847253322601,24.912184476852417,ppo
2025-07-15,8.958268120884787,-0.8373253047466278,0.0,0.0,0.0,0.0,0.0,0.0,0.0,0.0,-1.3387447223067284,24.33600127696991,-3.655310347676277,0.0,0.0,0.0,-11.552885174751282,0.0,0.0,-24.12407249212265,0.0,-17.774732410907745,-1.5995711088180542,-21.54041975736618,-42.17693507671356,46.94308340549469,0.0,0.0,33.09114873409271,0.0,ppo
2025-07-16,0.0,0.0,0.0,0.0,0.0,27.047845721244812,0.0,0.0,0.0,0.0,0.0,8.541315484058654,-20.09614109992981,0.0,0.0,0.0,-15.34639447927475,24.37920570373535,-2.9774616838484526e-46,-22.162701189517975,0.0,-44.27275061607361,0.0,-22.66784757375717,-55.626380443573,40.97647666931152,0.0,0.0,29.60607409477234,0.0,ppo
2025-07-17,0.0,0.0,0.0,0.0,0.0,27.047884464263916,0.0,0.0,0.0,0.0,0.0,8.15305593411942,-20.096176862716675,0.0,0.0,0.0,-15.346446633338928,24.379247426986694,0.0,-22.162650525569916,0.0,-44.272804260253906,0.0,-22.667810320854187,-55.62632083892822,40.97653925418854,0.0,0.0,29.606136679649353,0.0,ppo
2025-07-18,0.0,0.0,0.0,0.0,0.0,27.0529568195343,0.0,0.0,0.0,0.0,0.0,6.835374312749192,-20.096328854560852,0.0,0.0,0.0,-15.349891781806946,24.38240796327591,0.0,-22.168372571468353,0.0,-44.276320934295654,0.0,-22.664476931095123,-55.62633275985718,40.987589955329895,0.0,0.0,29.61021363735199,0.0,ppo
2025-07-21,0.0,0.0,0.0,0.0,0.0,41.369110345840454,0.0,0.0,0.0,0.0,0.0,0.0,-24.66987520456314,0.0,25.166484053249487,0.0,-24.017004668712616,0.0,0.0,-30.17027974128723,0.0,-18.928653001785307,0.0,-29.32763397693634,-58.13380479812622,52.370524406433105,0.0,0.0,0.0,0.0,ppo
2025-07-22,0.0,0.0,0.0,0.0,0.0,41.816283798180464,0.0,0.0,0.0,0.0,0.0,0.0,-13.885083794593811,0.0,0.0,0.0,-28.544974327087402,0.0,0.0,-30.051884055137634,0.0,0.0,0.0,-27.33502686023712,-53.49794626235962,48.00906777381897,0.0,0.0,0.0,0.0,ppo
2025-07-23,0.0,0.0,0.0,0.0,0.0,0.0,0.0,0.0,0.0,0.0,0.0,0.0,-9.294813871383667,0.0,15.503742123066369,0.0,-26.012378931045532,0.0,0.0,-34.755876660346985,0.0,0.0,0.0,-21.04349583387375,-28.488566535150994,63.92323970794678,0.0,0.0,0.0,0.0,ppo
2025-07-24,0.0,0.0,0.0,0.0,0.0,0.0,0.0,0.0,0.0,0.0,0.0,1.2299709887978308e-15,0.0,0.0,3.0396959337392484e-31,0.0,-18.509958684444427,12.792875350979054,0.0,-36.815932393074036,0.0,0.0,0.0,-8.594727516174316,0.0,0.0,0.0,0.0,45.05891799926758,0.0,ppo
2025-07-25,0.0,0.0,0.0,0.0,0.0,0.0,0.0,0.0,0.0,0.0,10.682519446195206,0.0,-9.183678030967712,0.0,0.0,0.0,-27.291977405548096,0.0,0.0,-33.49334895610809,0.0,0.0,0.0,-18.068386614322662,0.0,0.0,0.0,0.0,41.89755618572235,0.0,ppo
2025-07-28,0.0,0.0,0.0,0.0,0.0,0.0,0.0,0.0,0.0,0.0,0.0,0.0,-9.798792004585266,0.0,0.0,0.0,-27.14197039604187,0.0,0.0,-32.539165019989014,0.0,0.0,0.0,-17.383062839508057,0.0,35.75164654722613,0.0,0.0,0.0,0.0,ppo
2025-07-29,0.0,0.0,0.0,0.0,0.0,0.0,0.0,0.0,0.0,0.0,0.0,6.050077937108414e-47,-19.369851052761078,0.0,0.0,0.0,-17.29676127433777,6.859492024131018e-31,0.0,-21.949104964733124,0.0,0.0,0.0,-19.915974140167236,0.0,39.74511797136887,0.0,0.0,4.50604940003049e-14,0.0,ppo
2025-07-30,0.0,0.0,0.0,0.0,0.0,24.86525068008804,0.0,0.0,0.0,0.0,0.0,0.0,-21.260634064674377,0.0,0.0,0.0,-25.844931602478027,0.0,0.0,-23.09734955217357,0.0,0.0,0.0,-26.735147833824158,0.0,0.0,0.0,0.0,35.10296940803528,-0.08412394672632217,ppo
2025-07-31,0.0,0.0,0.0,0.0,0.0,6.5854662166122395,0.0,0.0,0.0,0.0,0.0,0.0,-29.66647744178772,0.0,49.09490644931793,0.0,-6.064905480171319,0.0,0.0,0.0,0.0,0.0,0.0,-29.613396525382996,0.0,0.0,0.0,0.0,0.0,0.0,ppo
2025-08-01,0.0,0.0,0.0,0.0,0.0,0.0,0.0,0.0,0.0,0.0,0.0,0.0,-25.229021906852722,0.0,0.0,0.0,0.0,0.0,0.0,0.0,0.0,0.0,0.0,-22.63105660676956,0.0,37.77107622228357,0.0,0.0,0.0,-12.644214928150177,ppo
2025-08-04,0.0,0.0,0.0,0.0,0.0,0.0,0.0,0.0,0.0,0.0,0.0,0.0,-12.474535405635834,0.0,5.533752738244865e-15,0.0,0.0,0.0,0.0,0.0,0.0,0.0,0.0,-17.23272353410721,0.0,23.28682688412668,0.0,0.0,0.0,-9.338615834712982,ppo
2025-08-05,0.0,0.0,12.58705797274845,0.0,0.0,0.0,0.0,0.0,0.0,0.0,0.0,0.0,-2.5578338652849197,0.0,0.0,0.0,0.0,0.0,0.0,0.0,0.0,0.0,0.0,-14.95189219713211,0.0,0.0,0.0,0.0,30.547520518302917,-12.088806927204132,ppo
2025-08-06,-0.48259771429002285,0.0,0.0,0.0,0.0,0.0,0.0,0.0,0.0,0.0,0.0,0.0,-21.754495799541473,0.0,0.0,0.0,0.0,0.0,0.0,0.0,0.0,0.0,0.0,-21.340401470661163,0.0,34.35997380084689,0.0,0.0,0.0,-13.680343888700008,ppo
2025-08-07,0.0,-1.7147082835435867,0.0,0.0,0.0,0.0,0.0,0.0,0.0,0.0,0.0,0.0,-2.0082661882042885,0.0,23.787478151582317,0.0,0.0,0.0,0.0,0.0,0.0,0.0,0.0,-20.786847174167633,0.0,0.0,0.0,0.0,0.0,0.0,ppo
2025-08-08,0.0,-2.2214222699403763,0.0,0.0,0.0,0.0,0.0,0.0,0.0,0.0,0.0,0.0,0.0,0.0,2.699128179010347e-15,0.0,0.0,0.0,0.0,0.0,0.0,0.0,0.0,-18.71434897184372,0.0,13.032507410934091,0.0,0.0,0.0,0.0,ppo
2025-08-11,0.0,-0.8509490638971329,0.0,0.0,0.0,0.0,0.0,0.0,0.0,0.0,0.0,0.0,0.0,0.0,0.0,0.0,0.0,0.0,0.0,0.0,0.0,0.0,0.0,-15.182484686374664,0.0,9.602553224897365,0.0,0.0,0.0,0.0,ppo
2025-08-12,0.0,-0.8471239358186722,0.0,0.0,0.0,0.0,0.0,0.0,0.0,0.0,0.0,0.0,0.0,0.0,0.0,0.0,0.0,0.0,0.0,0.0,0.0,0.0,0.0,-15.174199640750885,0.0,9.689413359011722,0.0,0.0,0.0,0.0,ppo
2025-08-13,0.0,-0.8471239358186722,0.0,0.0,0.0,1.1086080656508409e-15,0.0,0.0,0.0,0.0,0.0,0.0,0.0,0.0,0.0,0.0,0.0,0.0,0.0,0.0,0.0,0.0,0.0,-15.174199640750885,0.0,9.70743374601372,0.0,0.0,0.0,0.0,ppo
2025-08-14,0.0,0.0,0.0,0.0,0.0,0.0,0.0,0.0,0.0,0.0,0.0,0.0,0.0,0.0,0.0,0.0,0.0,0.0,0.0,0.0,0.0,0.0,0.0,-10.404667258262634,0.0,5.933191666537443,0.0,0.0,0.0,0.0,ppo
2025-08-15,0.0,-0.8471239358186722,0.0,0.0,0.0,0.0,0.0,0.0,0.0,0.0,0.0,0.0,0.0,0.0,0.0,0.0,0.0,0.0,0.0,0.0,0.0,0.0,0.0,-15.174199640750885,0.0,9.480061223222418,0.0,0.0,0.0,0.0,ppo
2025-08-18,0.0,0.0,0.0,0.0,0.0,0.0,0.0,0.0,0.0,0.0,0.0,0.0,0.0,0.0,0.0,0.0,0.0,0.0,0.0,0.0,0.0,0.0,0.0,-14.383552968502045,0.0,8.260508232091356,0.0,0.0,0.0,0.0,ppo
2025-08-19,0.0,0.0,0.0,0.0,0.0,0.0,0.0,0.0,0.0,0.0,0.0,0.0,0.0,0.0,0.0,0.0,0.0,0.0,0.0,0.0,0.0,0.0,0.0,-13.97320032119751,0.0,8.116018170451673,0.0,0.0,0.0,0.0,ppo
2025-08-20,0.0,0.0,0.0,0.0,0.0,0.0,0.0,0.0,0.0,0.0,0.0,0.0,0.0,0.0,0.0,0.0,0.0,0.0,0.0,0.0,0.0,0.0,0.0,-23.529601097106934,0.0,13.697613298635725,0.0,0.0,0.0,0.0,ppo
2025-08-21,0.0,0.0,0.0,0.0,0.0,2.1756752885688875e-15,0.0,0.0,0.0,0.0,0.0,0.0,0.0,0.0,0.0,0.0,0.0,0.0,0.0,0.0,0.0,0.0,5.752000561691484e-31,-29.507485032081604,0.0,16.9499833492785,0.0,0.0,0.0,0.0,ppo
2025-08-22,-6.356801837682724,0.0,0.0,0.0,0.0,0.0,0.0,0.0,0.0,0.0,0.0,0.0,0.0,0.0,5.1750006540518e-15,0.0,0.0,0.0,0.0,0.0,0.0,0.0,0.0,-24.271215498447418,0.0,19.08282670903087,0.0,0.0,0.0,0.0,ppo
2025-08-25,0.0,0.0,0.0,0.0,0.0,0.0,0.0,0.0,0.0,0.0,0.0,0.0,0.0,0.0,0.0,0.0,0.0,0.0,0.0,0.0,0.0,0.0,0.0,-22.940917313098907,0.0,13.018408458647341,0.0,0.0,0.0,0.0,ppo
2025-08-26,0.0,0.0,2.2127165364858247e-31,0.0,0.0,1.058370697972754e-15,0.0,0.0,0.0,0.0,0.0,1.3953723777089276e-47,0.0,0.0,0.0,0.0,0.0,0.0,0.0,0.0,0.0,0.0,0.0,-17.14787781238556,0.0,9.715347971221028,0.0,0.0,0.0,0.0,ppo
2025-08-27,0.0,0.0,0.0,0.0,0.0,1.0609228974254692e-15,0.0,0.0,0.0,0.0,0.0,1.4000286648583162e-47,0.0,0.0,0.0,0.0,0.0,1.639689057534828e-31,0.0,0.0,0.0,0.0,0.0,-20.338009297847748,0.0,11.571082959593905,0.0,0.0,1.4854735738611609e-62,0.0,ppo
2025-08-28,0.0,0.0,0.0,0.0,0.0,0.0,0.0,0.0,0.0,0.0,0.0,0.0,-10.272173583507538,0.0,0.0,0.0,0.0,0.0,0.0,0.0,0.0,0.0,0.0,-20.95513641834259,0.0,19.755536483016336,0.0,0.0,0.0,0.0,ppo
2025-08-29,0.0,0.0,0.0,0.0,0.0,2.1040382794651054e-15,0.0,0.0,0.0,0.0,0.0,20.24424527888026,-22.176162898540497,0.0,0.0,0.0,0.0,0.0,0.0,0.0,0.0,0.0,0.0,-23.371021449565887,0.0,0.0,0.0,0.0,0.0,0.0,ppo
2025-09-02,0.0,0.0,0.0,0.0,0.0,19.44147664736608,0.0,0.0,0.0,0.0,0.0,0.0,-22.17670977115631,0.0,0.0,0.0,0.0,0.0,0.0,0.0,0.0,0.0,0.0,-23.371152579784393,0.0,0.0,0.0,0.0,0.0,0.0,ppo
2025-09-03,0.0,0.0,0.0,0.0,0.0,0.0,0.0,0.0,0.0,0.0,0.0,0.0,-9.11245197057724,0.0,0.0,0.0,0.0,0.0,0.0,0.0,0.0,0.0,0.0,-23.36234301328659,0.0,20.133346585321156,0.0,0.0,0.0,0.0,ppo
2025-09-04,0.0,0.0,0.0,0.0,0.0,0.0,0.0,0.0,0.0,0.0,0.0,0.0,-2.895751968026161,0.0,0.0,0.0,0.0,0.0,0.0,0.0,0.0,0.0,0.0,-23.640620708465576,0.0,15.458292832519573,0.0,0.0,0.0,0.0,ppo
2025-09-05,0.0,0.0,0.0,0.0,0.0,0.0,0.0,0.0,0.0,0.0,0.0,0.0,-2.89938822388649,0.0,0.0,0.0,0.0,0.0,0.0,0.0,0.0,0.0,0.0,-23.676960170269012,0.0,15.41857206009297,0.0,0.0,0.0,0.0,ppo
2025-09-08,0.0,0.0,0.0,0.0,0.0,0.0,0.0,0.0,0.0,0.0,0.0,0.0,-2.895253710448742,0.0,0.0,0.0,0.0,0.0,0.0,0.0,0.0,0.0,0.0,-23.641841113567352,0.0,15.692817501945237,0.0,0.0,0.0,0.0,ppo
2025-09-09,0.0,0.0,0.0,0.0,0.0,0.0,0.0,0.0,0.0,0.0,0.0,0.0,-2.8952956199645996,0.0,0.0,0.0,0.0,0.0,0.0,0.0,0.0,0.0,0.0,-23.64250421524048,0.0,15.654509097392559,0.0,0.0,0.0,0.0,ppo
2025-09-10,0.0,-6.868313252925873,0.0,0.0,0.0,0.0,0.0,0.0,0.0,0.0,-0.32478664070367813,0.0,-4.2990826070308685,0.0,0.0,0.0,0.0,0.0,0.0,0.0,0.0,0.0,0.0,-31.13405704498291,0.0,28.937626423693544,0.0,0.0,0.0,0.0,ppo
2025-09-11,0.0,0.0,0.0,0.0,0.0,0.0,0.0,0.0,0.0,0.0,0.0,0.0,-2.8952423483133316,0.0,0.0,0.0,0.0,0.0,0.0,0.0,0.0,0.0,0.0,-23.641785979270935,0.0,15.54214298401007,0.0,0.0,0.0,0.0,ppo
2025-09-12,0.0,0.0,0.0,0.0,0.0,0.0,0.0,0.0,0.0,0.0,0.0,14.011157590552008,-7.740446925163269,0.0,0.0,0.0,0.0,0.0,0.0,0.0,0.0,0.0,0.0,-27.838125824928284,0.0,0.0,0.0,0.0,0.0,0.0,ppo
2025-09-15,0.0,0.0,0.0,0.0,0.0,0.0,0.0,0.0,0.0,0.0,-0.3225581720471382,0.0,-10.244892537593842,0.0,0.0,0.0,0.0,24.595735186221162,0.0,0.0,0.0,0.0,0.0,-33.53586494922638,0.0,0.0,0.0,0.0,0.0,0.0,ppo
2025-09-16,0.0,0.0,0.0,0.0,0.0,0.0,0.0,0.0,0.0,0.0,-0.32306257635354996,0.0,-10.24094671010971,0.0,0.0,0.0,0.0,0.0,0.0,0.0,0.0,0.0,0.0,-33.53159725666046,0.0,26.964309713774917,0.0,0.0,0.0,0.0,ppo
2025-09-17,0.0,-9.22728031873703,0.0,0.0,0.0,0.0,0.0,0.0,0.0,0.0,0.0,0.0,-1.3933492824435234,0.0,0.0,0.0,0.0,0.0,0.0,0.0,0.0,0.0,0.0,-18.075917661190033,0.0,20.4655722654853,0.0,0.0,0.0,0.0,ppo
2025-09-18,0.0,0.0,0.0,0.0,0.0,0.0,0.0,0.0,0.0,0.0,0.0,0.0,-10.295319557189941,0.0,-0.3110593184828758,0.0,0.0,0.0,0.0,0.0,0.0,0.0,0.0,-26.7361581325531,0.0,22.926312107065737,0.0,0.0,0.0,0.0,ppo
2025-09-19,0.0,0.0,0.0,0.0,0.0,0.0,0.0,0.0,0.0,0.0,0.0,0.0,-15.110689401626587,0.0,0.0,0.0,0.0,0.0,0.0,0.0,0.0,0.0,0.0,-22.419972717761993,0.0,23.14749024240908,0.0,0.0,0.0,0.0,ppo
2025-09-22,0.0,0.0,0.0,0.0,0.0,0.0,0.0,0.0,0.0,0.0,0.0,0.0,-15.110689401626587,0.0,0.0,0.0,0.0,0.0,0.0,0.0,0.0,0.0,0.0,-22.419972717761993,0.0,23.078518932235745,0.0,0.0,0.0,0.0,ppo
2025-09-23,0.0,0.0,0.0,0.0,0.0,0.0,0.0,0.0,0.0,0.0,0.0,2.234408797537532e-15,-15.110689401626587,0.0,0.0,0.0,0.0,0.0,0.0,0.0,0.0,0.0,6.100113327250689e-47,-22.419972717761993,0.0,22.896690573585495,0.0,0.0,2.454995533050381e-30,0.0,ppo
2025-09-24,0.0,0.0,0.0,0.0,0.0,0.0,0.0,0.0,0.0,0.0,0.0,0.0,-15.55129885673523,0.0,0.0,0.0,0.0,0.0,0.0,0.0,0.0,0.0,0.0,-24.134014546871185,0.0,24.096983678442548,0.0,0.0,0.0,0.0,ppo
2025-09-25,0.0,0.0,0.0,0.0,0.0,0.0,0.0,0.0,0.0,0.0,0.0,0.0,-8.03506225347519,0.0,0.0,0.0,0.0,0.0,0.0,0.0,0.0,0.0,5.1346890783216124e-15,-23.734478652477264,0.0,18.517556336645367,0.0,0.0,0.0,0.0,ppo
2025-09-26,0.0,0.0,0.0,0.0,0.0,9.866592635843245e-16,0.0,0.0,0.0,0.0,0.0,0.0,-3.8212042301893234,0.0,0.0,0.0,0.0,0.0,0.0,0.0,0.0,0.0,0.0,-20.146912336349487,0.0,13.699924427437384,0.0,0.0,0.0,0.0,ppo
2025-09-29,0.0,0.0,0.0,0.0,0.0,9.823377093337601e-16,0.0,0.0,0.0,0.0,0.0,0.0,-4.171110317111015,0.0,0.0,0.0,0.0,0.0,0.0,0.0,0.0,0.0,0.0,-20.45978158712387,0.0,13.970170805687793,0.0,0.0,0.0,0.0,ppo
2025-09-30,0.0,0.0,0.0,0.0,0.0,0.0,0.0,0.0,0.0,0.0,0.0,0.0,-6.4591169357299805,0.0,0.0,0.0,0.0,0.0,0.0,0.0,0.0,0.0,0.0,-21.934621036052704,0.0,16.54476590469051,0.0,0.0,0.0,0.0,ppo
2025-10-01,0.0,0.0,0.0,0.0,0.0,0.0,0.0,0.0,0.0,0.0,0.0,0.0,-6.4591169357299805,0.0,0.0,0.0,0.0,0.0,0.0,0.0,0.0,0.0,0.0,-21.934621036052704,0.0,16.419183918825265,0.0,0.0,0.0,0.0,ppo
2025-10-02,0.0,0.0,0.0,0.0,0.0,0.0,0.0,0.0,0.0,0.0,0.0,0.0,-6.4591169357299805,0.0,0.0,0.0,0.0,0.0,0.0,0.0,0.0,0.0,0.0,-21.934621036052704,0.0,16.49290106600444,0.0,0.0,0.0,0.0,ppo
2025-10-03,0.0,0.0,0.0,0.0,0.0,0.0,0.0,0.0,0.0,0.0,0.0,0.0,-6.459183245897293,0.0,0.0,0.0,0.0,0.0,0.0,0.0,0.0,0.0,0.0,-21.934670209884644,0.0,16.258807345539143,0.0,0.0,0.0,0.0,ppo
2025-10-06,0.0,0.0,0.0,0.0,0.0,0.0,0.0,0.0,0.0,0.0,0.0,0.0,-6.529706716537476,0.0,0.0,0.0,0.0,15.234947969213641,0.0,0.0,0.0,0.0,0.0,-21.98428362607956,0.0,0.0,0.0,0.0,0.0,0.0,ppo
2025-10-07,0.0,0.0,0.0,0.0,0.0,0.0,0.0,0.0,0.0,0.0,0.0,0.0,-8.871328830718994,0.0,0.0,0.0,0.0,0.0,0.0,0.0,0.0,0.0,0.0,-16.77857922299563,0.0,14.899025357178553,0.0,0.0,0.0,0.0,ppo
2025-10-09,-33.10312846344078,0.0,0.0,0.0,20.673426384486834,-42.650219798088074,0.0,0.0,0.0,0.0,0.0,-62.53407001495361,-80.4844617843628,0.0,0.0,0.0,0.0,0.0,0.0,0.0,0.0,0.0,0.0,0.0,0.0,100.0,0.0,85.81419587135315,-100.0,100.0,a2c
2025-10-10,0.0,0.0,0.0,0.0,43.31322665172151,-39.173924922943115,0.0,0.0,0.0,0.0,-17.14555025100708,-42.629361152648926,-89.03923630714417,0.0,-10.749973356723785,0.0,3.0821244377122214e-30,0.0,0.0,0.0,0.0,0.0,9.437460414593767e-15,0.0,0.0,100.0,0.0,72.63647317886353,-100.0,94.71762776374817,a2c
2025-10-13,0.0,0.0,0.0,0.0,0.0,-24.40965175628662,0.0,0.0,0.0,0.0,-2.871408127248287,-4.2978305369615555,-71.32521867752075,0.0,-0.10565929114818573,0.0,0.0,-31.855005025863647,0.0,0.0,0.0,0.0,0.0,0.0,0.0,100.0,0.0,14.462821690130468,-70.70339322090149,91.19022488594055,a2c
2025-10-14,0.0,0.0,76.39098763465881,0.0,0.0,-29.026639461517334,0.0,0.0,0.0,0.0,-18.86220872402191,0.0,-66.07393622398376,0.0,-17.8039088845253,0.0,0.0,-26.427435874938965,0.0,0.0,0.0,0.0,0.0,0.0,0.0,100.0,2.8443069547074766,0.0,-53.089189529418945,100.0,a2c
2025-10-15,0.0,0.0,0.0,0.0,0.0,-10.520534217357635,0.0,0.0,0.0,0.0,-26.046237349510193,0.0,-61.94251698500648,0.0,-43.353262543678284,0.0,0.0,-24.072007834911346,0.0,0.0,0.0,0.0,2.0189655866277846e-14,0.0,0.0,84.85363721847534,56.23105071442843,0.0,-28.982937335968074,100.0,a2c
2025-10-16,0.0,0.0,0.0,0.0,0.0,-10.321605205535889,0.0,0.0,0.0,0.0,-25.904199481010437,0.0,0.0,0.0,-41.22874738265767,0.0,0.0,-24.049435555934906,0.0,0.0,0.0,0.0,0.0,0.0,0.0,84.94526147842407,18.477913588373085,0.0,0.0,100.0,a2c
2025-10-17,0.0,0.0,0.0,0.0,0.0,-10.195507109165192,0.0,0.0,0.0,0.0,-13.404521346092224,0.0,0.0,0.0,0.0,0.0,0.0,-37.282150983810425,0.0,0.0,0.0,0.0,0.0,0.0,0.0,62.21544340551957,0.0,0.0,0.0,100.0,a2c
2025-10-20,0.0,0.0,0.0,0.0,0.0,-25.660377740859985,0.0,0.0,0.0,0.0,-37.23314106464386,0.0,0.0,0.0,0.0,0.0,0.0,-14.762233197689056,0.0,0.0,32.06589249065716,0.0,0.0,0.0,0.0,70.74243426322937,0.0,0.0,0.0,100.0,a2c
2025-10-21,0.0,0.0,0.0,0.0,0.0,-23.267814481376433,0.0,0.0,0.0,0.0,-13.566835224628448,-3.8308653980493546,0.0,0.0,0.0,0.0,0.0,-13.569770753383636,0.0,0.0,0.0,0.0,0.0,0.0,0.0,66.32345945181694,0.0,0.0,0.0,100.0,a2c
2025-10-22,0.0,0.0,0.0,0.0,0.0,0.0,0.0,0.0,0.0,0.0,-25.218838453292847,-1.147011349220847,0.0,0.0,0.0,0.0,0.0,-15.717917680740356,0.0,0.0,0.0,0.0,0.0,0.0,0.0,50.727012528126515,0.0,0.0,0.0,100.0,a2c
2025-10-23,0.0,0.0,0.0,0.0,0.0,0.0,0.0,0.0,0.0,0.0,-21.427740156650543,0.0,0.0,0.0,0.0,0.0,0.0,-25.22379159927368,0.0,0.0,0.0,0.0,0.0,0.0,0.0,48.14416837196237,0.0,0.0,0.0,100.0,a2c
2025-10-24,0.0,0.0,0.0,0.0,0.0,0.0,0.0,0.0,0.0,0.0,-4.7782596200704575,0.0,0.0,0.0,0.0,0.0,0.0,-17.112107574939728,0.0,0.0,0.0,0.0,0.0,0.0,0.0,6.8041767800574155e-15,0.0,0.0,0.0,82.15033090398435,a2c
2025-10-27,0.0,0.0,0.0,0.0,0.0,0.0,0.0,0.0,0.0,0.0,0.0,0.0,0.0,0.0,0.0,0.0,0.0,-15.358152985572815,0.0,0.0,0.0,0.0,0.0,0.0,0.0,0.0,0.0,0.0,0.0,43.90126468275594,a2c
2025-10-28,0.0,0.0,0.0,0.0,0.0,0.0,0.0,0.0,0.0,0.0,-1.139910239726305,0.0,0.0,0.0,0.0,0.0,0.0,-1.3792037963867188,0.0,0.0,0.0,0.0,0.0,0.0,0.0,0.0,0.0,0.0,0.0,12.628348564843856,a2c
2025-10-29,0.0,0.0,0.0,0.0,0.0,0.0,0.0,0.0,0.0,0.0,0.0,0.0,0.0,0.0,0.0,0.0,0.0,-1.5532135963439941,0.0,0.0,0.0,0.0,0.0,0.0,0.0,0.0,0.0,0.0,0.0,4.578077268414295,a2c
2025-10-30,0.0,0.0,0.0,0.0,0.0,0.0,0.0,0.0,0.0,0.0,0.0,0.0,0.0,0.0,0.0,0.0,0.0,-1.5804469585418701,0.0,0.0,0.0,0.0,0.0,0.0,0.0,2.135749758987075e-16,0.0,0.0,0.0,4.628626254599737,a2c
2025-10-31,0.0,0.0,0.0,0.0,0.0,0.0,0.0,0.0,0.0,0.0,-1.9872082397341728,0.0,0.0,0.0,0.0,0.0,0.0,-5.915449559688568,0.0,0.0,0.0,0.0,0.0,0.0,0.0,0.0,0.0,0.0,0.0,32.63269375488562,a2c
2025-11-03,0.0,0.0,0.0,0.0,0.0,0.0,0.0,0.0,0.0,0.0,0.0,0.0,0.0,0.0,0.0,0.0,0.0,-16.26095026731491,0.0,0.0,0.0,0.0,23.645378581760262,0.0,0.0,0.0,0.0,0.0,0.0,0.0,a2c
2025-11-04,0.0,0.0,0.0,0.0,0.0,0.0,0.0,0.0,0.0,0.0,-1.987859420478344,0.0,0.0,0.0,0.0,0.0,0.0,-5.916541814804077,0.0,0.0,0.0,0.0,0.0,0.0,0.0,0.0,0.0,0.0,0.0,32.406034301133694,a2c
2025-11-05,0.0,0.0,0.0,0.0,0.0,0.0,0.0,0.0,0.0,0.0,-11.799035966396332,0.0,0.0,0.0,0.0,0.0,0.0,-30.161726474761963,0.0,0.0,0.0,0.0,0.0,0.0,0.0,0.0,31.784012022797384,0.0,0.0,76.30254626274109,a2c
2025-11-06,0.0,0.0,0.0,0.0,0.0,0.0,0.0,0.0,0.0,0.0,-20.763953030109406,0.0,0.0,0.0,0.0,0.0,0.0,-32.72541165351868,0.0,0.0,0.0,0.0,0.0,0.0,0.0,0.0,53.500764757757786,0.0,0.0,87.77919411659241,a2c
2025-11-07,0.0,0.0,11.544308009164782,0.0,0.0,0.0,0.0,0.0,0.0,0.0,-19.71403956413269,0.0,0.0,0.0,0.0,0.0,0.0,-25.159573554992676,0.0,0.0,0.0,0.0,54.869163036346436,0.0,0.0,0.0,0.0,0.0,0.0,95.18529176712036,a2c
2025-11-10,0.0,0.0,0.0,0.0,0.0,0.0,0.0,0.0,0.0,0.0,-19.714055955410004,0.0,0.0,0.0,0.0,0.0,0.0,-20.63383444969736,0.0,0.0,0.0,0.0,0.0,0.0,0.0,0.0,36.63568085515716,0.0,0.0,95.18470764160156,a2c
2025-11-11,0.0,0.0,0.0,0.0,0.0,0.0,0.0,0.0,0.0,0.0,-19.714055955410004,0.0,0.0,0.0,0.0,0.0,0.0,0.0,0.0,0.0,0.0,0.0,0.0,0.0,0.0,0.0,18.408788964512457,0.0,0.0,95.18470764160156,a2c
2025-11-12,0.0,0.0,0.0,0.0,0.0,0.0,0.0,0.0,0.0,0.0,-10.437458753585815,0.0,0.0,0.0,0.0,0.0,0.0,0.0,0.0,0.0,0.0,0.0,0.0,0.0,0.0,0.0,0.0,0.0,0.0,81.25767158677827,a2c
2025-11-13,0.0,0.0,0.0,0.0,0.0,0.0,0.0,0.0,0.0,0.0,-7.729068398475647,0.0,0.0,0.0,0.0,0.0,0.0,0.0,0.0,0.0,0.0,0.0,0.0,0.0,0.0,0.0,0.0,0.0,0.0,62.30056537498618,a2c
2025-11-14,0.0,0.0,0.0,0.0,0.0,0.0,0.0,0.0,0.0,0.0,-33.48813354969025,0.0,0.0,0.0,0.0,0.0,80.20060658454895,0.0,0.0,0.0,0.0,0.0,0.0,0.0,0.0,0.0,33.054262945924705,0.0,0.0,100.0,a2c
2025-11-17,0.0,0.0,0.0,0.0,0.0,0.0,0.0,0.0,0.0,0.0,-11.942926049232483,0.0,0.0,0.0,0.0,0.0,8.406613408082434,0.0,0.0,0.0,0.0,0.0,-7.6169222593307495,0.0,0.0,0.0,0.0,0.0,0.0,100.0,a2c
2025-11-18,0.0,0.0,0.0,0.0,0.0,0.0,0.0,0.0,0.0,0.0,-11.945721507072449,0.0,0.0,0.0,0.0,0.0,4.837208307863649,0.0,0.0,0.0,0.0,0.0,-7.617022097110748,0.0,0.0,0.0,0.0,0.0,0.0,100.0,a2c
2025-11-19,0.0,0.0,0.0,0.0,0.0,0.0,0.0,66.20871424674988,0.0,0.0,-26.297900080680847,0.0,0.0,0.0,0.0,0.0,100.0,0.0,0.0,0.0,0.0,0.0,-42.92210936546326,0.0,0.0,0.0,0.0,49.53387255546791,0.0,0.0,a2c
2025-11-20,0.0,0.0,0.0,0.0,0.0,0.0,0.0,2.6014190569286172e-30,0.0,0.0,-25.046244263648987,0.0,0.0,0.0,0.0,0.0,100.0,0.0,0.0,0.0,3.745953246512433e-15,0.0,-37.923094630241394,0.0,0.0,0.0,37.73051995919678,0.0,0.0,79.97246980667114,a2c
2025-11-21,0.0,0.0,0.0,0.0,0.0,0.0,0.0,0.0,0.0,0.0,-20.477336645126343,0.0,0.0,0.0,0.0,0.0,100.0,0.0,0.0,0.0,0.0,0.0,-13.371522724628448,0.0,0.0,0.0,35.94788176942617,0.0,0.0,0.0,a2c
2025-11-24,0.0,0.0,0.0,0.0,0.0,0.0,0.0,0.0,0.0,0.0,-20.477336645126343,0.0,0.0,0.0,0.0,0.0,100.0,0.0,0.0,0.0,0.0,0.0,-13.371522724628448,0.0,0.0,0.0,34.40337048540268,0.0,0.0,0.0,a2c
2025-11-25,0.0,0.0,0.0,0.0,0.0,0.0,0.0,0.0,0.0,0.0,-19.96111422777176,0.0,0.0,0.0,0.0,0.0,99.17494546267498,0.0,0.0,0.0,0.0,0.0,-10.165180265903473,0.0,0.0,0.0,0.0,0.0,0.0,100.0,a2c
2025-11-26,0.0,0.0,0.0,0.0,0.0,0.0,0.0,0.0,0.0,0.0,-36.11539304256439,0.0,0.0,0.0,0.0,0.0,5.0751090311957315e-14,0.0,0.0,0.0,0.0,0.0,-16.725575923919678,0.0,0.0,0.0,65.16378312787896,0.0,0.0,100.0,a2c
2025-11-28,0.0,0.0,0.0,0.0,0.0,0.0,0.0,0.0,0.0,0.0,-30.260046479405105,0.0,0.0,0.0,0.0,0.0,5.0563069660788704e-14,0.0,0.0,0.0,0.0,0.0,-28.133845329284668,0.0,0.0,0.0,57.26212072747293,0.0,0.0,100.0,a2c
2025-12-01,0.0,0.0,0.0,0.0,0.0,0.0,0.0,0.0,0.0,0.0,0.0,0.0,0.0,0.0,0.0,0.0,0.0,0.0,0.0,0.0,0.0,0.0,-28.133845329284668,0.0,0.0,0.0,0.0,0.0,0.0,45.236321666573495,a2c
2025-12-02,0.0,0.0,0.0,0.0,0.0,0.0,0.0,0.0,0.0,0.0,0.0,0.0,0.0,0.0,0.0,0.0,70.68666333290452,0.0,0.0,0.0,0.0,0.0,-28.133845329284668,0.0,0.0,0.0,0.0,0.0,0.0,0.0,a2c
2025-12-03,0.0,0.0,0.0,0.0,0.0,0.0,0.0,0.0,0.0,0.0,0.0,0.0,0.0,0.0,0.0,0.0,0.0,0.0,0.0,0.0,0.0,0.0,-34.954386949539185,0.0,0.0,0.0,2.840346585895043e-15,0.0,0.0,56.645336536299446,a2c
2025-12-04,0.0,0.0,0.0,0.0,0.0,0.0,0.0,0.0,0.0,0.0,0.0,0.0,0.0,0.0,0.0,0.0,0.0,0.0,0.0,0.0,0.0,0.0,-38.3317768573761,0.0,0.0,0.0,0.0,0.0,0.0,60.40371401400017,a2c
2025-12-05,0.0,0.0,0.0,0.0,0.0,0.0,0.0,0.0,0.0,0.0,0.0,0.0,0.0,0.0,0.0,0.0,0.0,0.0,0.0,0.0,0.0,0.0,-38.331782817840576,0.0,0.0,0.0,0.0,0.0,0.0,61.45093766928414,a2c
2025-12-08,0.0,0.0,0.0,0.0,0.0,0.0,0.0,0.0,0.0,0.0,0.0,0.0,0.0,0.0,0.0,0.0,0.0,0.0,0.0,0.0,0.0,0.0,-52.93874740600586,0.0,0.0,0.0,0.0,0.0,0.0,84.22091800945562,a2c
2025-12-09,0.0,0.0,0.0,0.0,0.0,0.0,0.0,0.0,0.0,0.0,0.0,0.0,0.0,0.0,0.0,0.0,0.0,0.0,0.0,0.0,0.0,0.0,-17.70331859588623,0.0,0.0,0.0,10.208254936110585,0.0,0.0,0.0,a2c
2025-12-10,0.0,0.0,0.0,0.0,0.0,0.0,0.0,0.0,0.0,0.0,0.0,0.0,0.0,0.0,0.0,0.0,0.0,0.0,0.0,0.0,0.0,0.0,-17.70331859588623,0.0,0.0,0.0,10.176974046862217,0.0,0.0,0.0,a2c
2025-12-11,0.0,0.0,0.0,0.0,0.0,0.0,0.0,0.0,0.0,0.0,0.0,0.0,0.0,0.0,0.0,0.0,0.0,0.0,0.0,0.0,0.0,0.0,-26.83025598526001,0.0,0.0,0.0,0.0,0.0,0.0,43.73852115973187,a2c
2025-12-12,0.0,0.0,0.0,0.0,0.0,0.0,0.0,0.0,0.0,0.0,0.0,0.0,0.0,0.0,0.0,0.0,0.0,0.0,0.0,0.0,0.0,0.0,-38.706934452056885,0.0,0.0,-1.8201148137450218,0.0,0.0,0.0,65.32154381194258,a2c
2025-12-15,0.0,0.0,0.0,0.0,0.0,0.0,0.0,0.0,0.0,0.0,0.0,0.0,0.0,0.0,0.0,0.0,0.0,0.0,0.0,0.0,0.0,0.0,-44.46844458580017,0.0,0.0,0.0,0.0,0.0,0.0,66.81824997753614,a2c
2025-12-16,0.0,0.0,0.0,0.0,0.0,0.0,0.0,0.0,0.0,0.0,0.0,0.0,0.0,0.0,0.0,0.0,0.0,0.0,0.0,0.0,0.0,0.0,-42.71860122680664,0.0,0.0,0.0,0.0,0.0,0.0,64.60488629972147,a2c
2025-12-17,0.0,0.0,0.0,0.0,0.0,0.0,0.0,0.0,0.0,0.0,0.0,0.0,0.0,0.0,0.0,0.0,0.0,0.0,0.0,0.0,0.0,0.0,-40.39269685745239,0.0,0.0,-7.8574687242507935,28.425973618211135,0.0,0.0,0.0,a2c
2025-12-18,0.0,0.0,0.0,0.0,0.0,0.0,0.0,0.0,0.0,0.0,0.0,0.0,0.0,0.0,0.0,0.0,0.0,0.0,0.0,0.0,0.0,0.0,-32.58376717567444,0.0,0.0,0.0,0.0,0.0,0.0,48.24897711888775,a2c
2025-12-19,0.0,0.0,0.0,0.0,0.0,0.0,0.0,0.0,0.0,0.0,0.0,0.0,0.0,0.0,0.0,0.0,0.0,0.0,0.0,0.0,0.0,0.0,-49.79251027107239,0.0,0.0,-1.6833802685141563,0.0,0.0,0.0,79.95189975029702,a2c
2025-12-22,0.0,0.0,0.0,0.0,0.0,0.0,0.0,0.0,0.0,0.0,0.0,0.0,0.0,0.0,0.0,0.0,0.0,0.0,0.0,0.0,0.0,0.0,-31.238606572151184,0.0,0.0,0.0,0.0,0.0,0.0,49.533428967567275,a2c
2025-12-23,0.0,0.0,0.0,0.0,0.0,0.0,0.0,0.0,0.0,0.0,0.0,0.0,0.0,0.0,0.0,0.0,0.0,0.0,0.0,0.0,0.0,0.0,-1.4140944546953733,2.89992316302708,0.0,-0.5123427137732506,0.0,0.0,0.0,0.0,a2c
2025-12-24,0.0,0.0,0.0,0.0,0.0,0.0,0.0,0.0,0.0,0.0,0.0,0.0,0.0,0.0,0.0,0.0,0.0,0.0,0.0,0.0,0.0,0.0,0.0,0.0,0.0,-5.588239431381226,0.0,0.0,0.0,14.712322233915264,a2c
2025-12-26,0.0,0.0,0.0,0.0,0.0,0.0,0.0,0.0,0.0,0.0,0.0,0.0,0.0,0.0,0.0,0.0,0.0,0.0,0.0,0.0,0.0,0.0,0.0,0.0,0.0,-2.5412460789084435,3.4939930808030077e-16,0.0,0.0,6.679221115833132,a2c
2025-12-29,0.0,0.0,0.0,0.0,0.0,0.0,0.0,0.0,0.0,0.0,0.0,0.0,0.0,0.0,0.0,0.0,0.0,0.0,0.0,0.0,0.0,0.0,0.0,0.0,0.0,-1.7247503623366356,0.0,0.0,0.0,4.501426263439972,a2c
2025-12-30,0.0,0.0,0.0,0.0,0.0,0.0,0.0,0.0,0.0,0.0,0.0,0.0,0.0,0.0,0.0,0.0,0.0,0.0,0.0,0.0,0.0,0.0,0.0,0.0,0.0,-1.7130589112639427,0.0,0.0,0.0,4.43663797266195,a2c
2025-12-31,0.0,0.0,0.0,0.0,3.556520869211533e-64,0.0,0.0,0.0,0.0,0.0,0.0,0.0,0.0,0.0,0.0,0.0,9.059415892905429e-32,0.0,0.0,0.0,1.773864079757364e-80,0.0,0.0,4.9304197792991474e-48,0.0,-1.713058166205883,1.7229078062194745e-16,0.0,0.0,4.467693227528545,a2c
2026-01-02,0.0,0.0,0.0,0.0,5.807463891758265e-32,0.0,0.0,2.0394430434617092e-63,0.0,0.0,0.0,1.009615975269099e-79,0.0,0.0,0.0,0.0,10.51261696735051,0.0,0.0,0.0,2.9012318759667414e-48,0.0,0.0,8.041372990695239e-16,0.0,-2.530658058822155,0.0,0.0,0.0,0.0,a2c
2026-01-05,0.0,0.0,0.0,0.0,0.0,0.0,0.0,0.0,0.0,0.0,0.0,0.0,0.0,0.0,0.0,0.0,0.0,0.0,0.0,0.0,0.0,0.0,0.0,0.0,0.0,0.0,0.0,0.0,0.0,0.0,a2c
2026-01-06,0.0,0.0,0.0,0.0,0.0,0.0,0.0,0.0,0.0,0.0,0.0,0.0,0.0,0.0,0.0,0.0,0.0,0.0,0.0,0.0,0.0,0.0,0.0,0.0,0.0,-2.5232037529349327,0.0,0.0,0.0,6.431194042238866,a2c
2026-01-07,0.0,0.0,0.0,0.0,0.0,0.0,0.0,0.0,0.0,0.0,0.0,0.0,0.0,0.0,0.0,0.0,0.0,0.0,0.0,0.0,0.0,0.0,0.0,0.0,0.0,-2.530658058822155,3.2798297760848574e-16,0.0,0.0,6.301455491775653,a2c
2026-01-09,0.0,0.0,0.0,0.0,-57.66688585281372,1.665792315754327e-31,3.4961751265634364e-15,66.983824442651,0.0,0.0,0.0,-1.009615975269099e-79,0.0,0.0,0.0,0.0,-100.0,0.0,100.0,100.0,-32.06589249065717,100.0,0.0,-2.899923163027081,0.0,-100.0,-62.09444999694824,100.0,0.0,100.0,a2c
2026-01-12,0.0,0.0,0.0,0.0,-6.319767183394617,0.0,0.0,36.152921694505665,0.0,0.0,0.0,0.0,0.0,0.0,0.0,0.0,-100.0,0.0,0.0,0.0,0.0,100.0,0.0,0.0,0.0,-100.0,-55.60066103935242,100.0,0.0,100.0,a2c
2026-01-13,0.0,0.0,0.0,0.0,0.0,0.0,0.0,0.0,0.0,0.0,0.0,0.0,0.0,0.0,0.0,0.0,-100.0,0.0,1.3586147203659785e-15,16.878822565139124,0.0,100.0,0.0,0.0,0.0,-100.0,-57.530754804611206,100.0,0.0,100.0,a2c
2026-01-14,0.0,0.0,0.0,0.0,0.0,0.0,0.0,0.0,0.0,0.0,0.0,0.0,0.0,0.0,0.0,0.0,-100.0,0.0,0.0,11.054204517009063,0.0,100.0,0.0,0.0,0.0,-100.0,-55.60066103935242,100.0,0.0,100.0,a2c
2026-01-15,0.0,0.0,0.0,0.0,0.0,0.0,0.0,0.0,0.0,0.0,0.0,0.0,0.0,0.0,0.0,0.0,-100.0,0.0,0.0,0.0,0.0,67.77322170800036,0.0,0.0,0.0,-100.0,-45.07133662700653,100.0,0.0,100.0,a2c
2026-01-16,0.0,0.0,0.0,0.0,0.0,0.0,0.0,0.0,0.0,0.0,0.0,0.0,0.0,0.0,0.0,0.0,-100.0,0.0,0.0,0.0,0.0,57.82750213029788,0.0,0.0,0.0,-100.0,-42.469415068626404,100.0,0.0,100.0,a2c
2026-01-20,0.0,0.0,0.0,0.0,0.0,0.0,0.0,0.0,0.0,0.0,0.0,0.0,0.0,0.0,0.0,0.0,-73.81865406342502,0.0,89.84563657557796,100.0,0.0,100.0,0.0,0.0,0.0,-100.0,-37.17224895954132,0.0,0.0,100.0,a2c
2026-01-21,0.0,0.0,0.0,0.0,0.0,0.0,0.0,0.0,0.0,0.0,0.0,0.0,0.0,0.0,0.0,0.0,0.0,0.0,0.0,0.0,0.0,0.0,0.0,0.0,0.0,-100.0,-37.18423545360565,84.59037839513928,0.0,100.0,a2c
2026-01-22,5.1009859033929e-32,0.0,0.0,0.0,0.0,1.76313924507869e-16,4.179525788800477,100.0,0.0,0.0,0.0,0.0,0.0,0.0,0.0,0.0,0.0,0.0,0.0,100.0,0.0,100.0,0.0,0.0,0.0,-100.0,-30.656197667121887,0.0,0.0,100.0,a2c
2026-01-23,0.0,0.0,0.0,0.0,0.0,0.0,0.0,0.0,0.0,0.0,0.0,0.0,0.0,0.0,0.0,0.0,0.0,0.0,0.0,0.0,0.0,0.0,0.0,0.0,0.0,-100.0,-30.702009797096252,82.25005218974972,0.0,100.0,a2c
2026-01-26,0.0,0.0,0.0,0.0,0.0,0.0,0.0,2.449415446541013e-14,0.0,0.0,0.0,0.0,0.0,0.0,0.0,0.0,0.0,0.0,58.83182094558413,100.0,0.0,100.0,0.0,0.0,0.0,-100.0,-30.719885230064392,0.0,0.0,100.0,a2c
2026-01-27,0.0,0.0,0.0,0.0,0.0,0.0,0.0,0.0,0.0,0.0,0.0,0.0,0.0,0.0,0.0,0.0,0.0,0.0,0.0,0.0,0.0,5.629277742347639e-14,0.0,0.0,0.0,-100.0,-38.296616077423096,90.57768635551462,0.0,100.0,a2c
2026-01-28,0.0,0.0,0.0,0.0,0.0,0.0,0.0,0.0,0.0,0.0,0.0,0.0,0.0,0.0,0.0,0.0,0.0,0.0,0.0,0.0,0.0,0.0,0.0,0.0,0.0,-100.0,-7.15718771347008,56.5723038888753,0.0,100.0,a2c
2026-01-29,0.0,0.0,0.0,0.0,0.0,7.746093461996871e-63,0.0,5.704089858315293e-46,0.0,0.0,0.0,0.0,0.0,0.0,0.0,0.0,0.0,0.0,2.599100952840669e-30,0.0,0.0,5.878000444288521e-14,0.0,0.0,0.0,-100.0,0.0,50.46972557424454,0.0,100.0,a2c
2026-01-30,0.0,0.0,0.0,0.0,0.0,0.0,0.0,0.0,0.0,0.0,0.0,0.0,0.0,0.0,0.0,0.0,0.0,0.0,0.0,0.0,0.0,0.0,0.0,0.0,0.0,-100.0,0.0,50.16045254243218,0.0,100.0,a2c
2026-02-02,0.0,0.0,0.0,0.0,0.0,0.0,0.0,0.0,0.0,0.0,0.0,0.0,0.0,0.0,0.0,0.0,0.0,0.0,0.0,0.0,0.0,0.0,0.0,0.0,0.0,-100.0,0.0,51.244993187084944,0.0,100.0,a2c
2026-02-03,0.0,0.0,0.0,0.0,0.0,0.0,0.0,0.0,0.0,0.0,0.0,0.0,0.0,6.494144677141122e-31,0.0,0.0,0.0,0.0,1.1896800731112057e-14,87.69157551934418,0.0,100.0,0.0,0.0,0.0,-100.0,0.0,0.0,0.0,100.0,a2c
2026-02-04,0.0,0.0,0.0,0.0,0.0,0.0,0.0,0.0,0.0,0.0,0.0,0.0,0.0,0.0,0.0,0.0,0.0,0.0,0.0,0.0,0.0,0.0,0.0,0.0,0.0,-100.0,0.0,48.66222675340358,0.0,100.0,a2c
2026-02-05,0.0,0.0,0.0,0.0,0.0,0.0,0.0,0.0,0.0,0.0,0.0,0.0,0.0,0.0,0.0,0.0,0.0,0.0,0.0,0.0,0.0,0.0,0.0,0.0,0.0,-100.0,0.0,50.53920700768763,0.0,100.0,a2c
2026-02-06,0.0,0.0,0.0,0.0,0.0,0.0,0.0,0.0,0.0,0.0,0.0,0.0,0.0,0.0,0.0,0.0,0.0,0.0,0.0,0.0,0.0,0.0,0.0,0.0,0.0,-100.0,0.0,52.53141228916084,0.0,100.0,a2c
2026-02-09,0.0,0.0,0.0,0.0,0.0,0.0,0.0,0.0,0.0,0.0,0.0,0.0,0.0,0.0,0.0,0.0,0.0,0.0,0.0,0.0,0.0,0.0,0.0,0.0,0.0,-43.44634712292009,0.0,0.0,0.0,99.68500391904396,a2c
2026-02-10,0.0,0.0,0.0,0.0,0.0,0.0,0.0,0.0,0.0,0.0,0.0,0.0,0.0,0.0,0.0,0.0,0.0,0.0,0.0,0.0,0.0,0.0,0.0,0.0,0.0,0.0,0.0,0.0,0.0,0.0,a2c
2026-02-11,0.0,0.0,0.0,0.0,0.0,0.0,0.0,0.0,0.0,0.0,0.0,0.0,0.0,0.0,0.0,0.0,0.0,0.0,0.0,0.0,0.0,0.0,0.0,0.0,0.0,0.0,0.0,0.0,0.0,0.0,a2c
2026-02-12,0.0,0.0,0.0,0.0,0.0,0.0,0.0,0.0,0.0,0.0,0.0,0.0,0.0,0.0,0.0,0.0,0.0,0.0,0.0,0.0,0.0,0.0,0.0,0.0,0.0,0.0,0.0,0.0,0.0,0.0,a2c
2026-02-13,0.0,0.0,0.0,0.0,0.0,0.0,0.0,0.0,0.0,0.0,0.0,0.0,0.0,0.0,0.0,0.0,0.0,0.0,0.0,0.0,0.0,0.0,0.0,0.0,0.0,0.0,0.0,0.0,0.0,0.0,a2c
2026-02-17,0.0,0.0,0.0,0.0,0.0,0.0,0.0,0.0,0.0,0.0,0.0,0.0,0.0,0.0,0.0,0.0,0.0,0.0,0.0,0.0,0.0,0.0,0.0,0.0,0.0,0.0,0.0,0.0,0.0,0.0,a2c
2026-02-18,0.0,0.0,0.0,0.0,0.0,0.0,0.0,0.0,0.0,0.0,0.0,0.0,0.0,0.0,0.0,0.0,0.0,0.0,0.0,0.0,0.0,0.0,0.0,0.0,0.0,0.0,0.0,0.0,0.0,0.0,a2c
2026-02-19,0.0,0.0,0.0,0.0,0.0,0.0,0.0,0.0,0.0,0.0,0.0,0.0,0.0,0.0,0.0,0.0,0.0,0.0,0.0,0.0,0.0,0.0,0.0,0.0,0.0,0.0,0.0,0.0,0.0,0.0,a2c
2026-02-20,0.0,0.0,0.0,0.0,0.0,0.0,0.0,0.0,0.0,0.0,0.0,0.0,0.0,0.0,0.0,0.0,0.0,0.0,0.0,0.0,0.0,0.0,0.0,0.0,0.0,0.0,0.0,0.0,0.0,0.0,a2c
2026-02-23,0.0,0.0,0.0,0.0,0.0,0.0,0.0,0.0,0.0,0.0,0.0,0.0,0.0,0.0,0.0,0.0,0.0,0.0,0.0,0.0,0.0,0.0,0.0,0.0,0.0,0.0,0.0,0.0,0.0,0.0,a2c
2026-02-24,0.0,0.0,0.0,0.0,0.0,0.0,0.0,0.0,0.0,0.0,0.0,0.0,0.0,0.0,0.0,0.0,0.0,0.0,0.0,0.0,0.0,0.0,0.0,0.0,0.0,0.0,0.0,0.0,0.0,0.0,a2c
2026-02-25,0.0,0.0,0.0,0.0,0.0,0.0,0.0,0.0,0.0,0.0,0.0,0.0,0.0,0.0,0.0,0.0,0.0,0.0,0.0,0.0,0.0,0.0,0.0,0.0,0.0,0.0,0.0,0.0,0.0,0.0,a2c
2026-02-26,0.0,0.0,0.0,0.0,0.0,0.0,0.0,0.0,0.0,0.0,0.0,0.0,0.0,0.0,0.0,0.0,0.0,0.0,0.0,0.0,0.0,0.0,0.0,0.0,0.0,0.0,0.0,0.0,0.0,0.0,a2c
2026-02-27,0.0,0.0,0.0,0.0,0.0,0.0,0.0,0.0,0.0,0.0,0.0,0.0,0.0,0.0,0.0,0.0,0.0,0.0,0.0,0.0,0.0,0.0,0.0,0.0,0.0,0.0,0.0,0.0,0.0,0.0,a2c
2026-03-02,0.0,0.0,0.0,0.0,0.0,0.0,0.0,0.0,0.0,0.0,0.0,0.0,0.0,0.0,0.0,0.0,0.0,0.0,0.0,0.0,0.0,0.0,0.0,0.0,0.0,0.0,0.0,0.0,0.0,0.0,a2c
2026-03-03,0.0,0.0,0.0,0.0,0.0,0.0,0.0,0.0,0.0,0.0,0.0,0.0,0.0,0.0,0.0,0.0,0.0,0.0,0.0,0.0,0.0,0.0,0.0,0.0,0.0,0.0,0.0,0.0,0.0,0.0,a2c
2026-03-04,0.0,0.0,0.0,0.0,0.0,0.0,0.0,0.0,0.0,0.0,0.0,0.0,0.0,0.0,0.0,0.0,0.0,0.0,0.0,0.0,0.0,0.0,0.0,0.0,0.0,0.0,0.0,0.0,0.0,0.0,a2c
2026-03-05,0.0,0.0,0.0,0.0,0.0,0.0,0.0,0.0,0.0,0.0,0.0,0.0,0.0,0.0,0.0,0.0,0.0,0.0,0.0,0.0,0.0,0.0,0.0,0.0,0.0,0.0,0.0,0.0,0.0,0.0,a2c
2026-03-06,0.0,0.0,0.0,0.0,0.0,0.0,0.0,0.0,0.0,0.0,0.0,0.0,0.0,0.0,0.0,0.0,0.0,0.0,0.0,0.0,0.0,0.0,0.0,0.0,0.0,0.0,0.0,0.0,0.0,0.0,a2c
2026-03-09,0.0,0.0,0.0,0.0,0.0,0.0,0.0,0.0,0.0,0.0,0.0,0.0,0.0,0.0,0.0,0.0,0.0,0.0,0.0,0.0,0.0,0.0,0.0,0.0,0.0,0.0,0.0,0.0,0.0,0.0,a2c
2026-03-10,0.0,0.0,0.0,0.0,0.0,0.0,0.0,0.0,0.0,0.0,0.0,0.0,0.0,0.0,0.0,0.0,0.0,0.0,0.0,0.0,0.0,0.0,0.0,0.0,0.0,0.0,0.0,0.0,0.0,0.0,a2c
2026-03-11,0.0,0.0,0.0,0.0,0.0,0.0,0.0,0.0,0.0,0.0,0.0,0.0,0.0,0.0,0.0,0.0,0.0,0.0,0.0,0.0,0.0,0.0,0.0,0.0,0.0,0.0,0.0,0.0,0.0,0.0,a2c
2026-03-12,0.0,0.0,0.0,0.0,0.0,0.0,0.0,0.0,0.0,0.0,0.0,0.0,0.0,0.0,0.0,0.0,0.0,0.0,0.0,0.0,0.0,0.0,0.0,0.0,0.0,0.0,0.0,0.0,0.0,0.0,a2c
2026-03-13,0.0,0.0,0.0,0.0,0.0,0.0,0.0,0.0,0.0,0.0,0.0,0.0,0.0,0.0,0.0,0.0,0.0,0.0,0.0,0.0,0.0,0.0,0.0,0.0,0.0,0.0,0.0,0.0,0.0,0.0,a2c
2026-03-16,0.0,0.0,0.0,0.0,0.0,0.0,0.0,0.0,0.0,0.0,0.0,0.0,0.0,0.0,0.0,0.0,0.0,0.0,0.0,0.0,0.0,0.0,0.0,0.0,0.0,0.0,0.0,0.0,0.0,0.0,a2c
2026-03-17,0.0,0.0,0.0,0.0,0.0,0.0,0.0,0.0,0.0,0.0,0.0,0.0,0.0,0.0,0.0,0.0,0.0,0.0,0.0,0.0,0.0,0.0,0.0,0.0,0.0,0.0,0.0,0.0,0.0,0.0,a2c
2026-03-18,0.0,0.0,0.0,0.0,0.0,0.0,0.0,0.0,0.0,0.0,0.0,0.0,0.0,0.0,0.0,0.0,0.0,0.0,0.0,0.0,0.0,0.0,0.0,0.0,0.0,0.0,0.0,0.0,0.0,0.0,a2c
2026-03-19,0.0,0.0,0.0,0.0,0.0,0.0,0.0,0.0,0.0,0.0,0.0,0.0,0.0,0.0,0.0,0.0,0.0,0.0,0.0,0.0,0.0,0.0,0.0,0.0,0.0,0.0,0.0,0.0,0.0,0.0,a2c
2026-03-20,0.0,0.0,0.0,0.0,0.0,0.0,0.0,0.0,0.0,0.0,0.0,0.0,0.0,0.0,0.0,0.0,0.0,0.0,0.0,0.0,0.0,0.0,0.0,0.0,0.0,0.0,0.0,0.0,0.0,0.0,a2c
2026-03-23,0.0,0.0,0.0,0.0,0.0,0.0,0.0,0.0,0.0,0.0,0.0,0.0,0.0,0.0,0.0,0.0,0.0,0.0,0.0,0.0,0.0,0.0,0.0,0.0,0.0,0.0,0.0,0.0,0.0,0.0,a2c
2026-03-24,0.0,0.0,0.0,0.0,0.0,0.0,0.0,0.0,0.0,0.0,0.0,0.0,0.0,0.0,0.0,0.0,0.0,0.0,0.0,0.0,0.0,0.0,0.0,0.0,0.0,0.0,0.0,0.0,0.0,0.0,a2c
2026-03-25,0.0,0.0,0.0,0.0,0.0,0.0,0.0,0.0,0.0,0.0,0.0,0.0,0.0,0.0,0.0,0.0,0.0,0.0,0.0,0.0,0.0,0.0,0.0,0.0,0.0,0.0,0.0,0.0,0.0,0.0,a2c
2026-03-26,0.0,0.0,0.0,0.0,0.0,0.0,0.0,0.0,0.0,0.0,0.0,0.0,0.0,0.0,0.0,0.0,0.0,0.0,0.0,0.0,0.0,0.0,0.0,0.0,0.0,0.0,0.0,0.0,0.0,0.0,a2c
2026-03-27,0.0,0.0,0.0,0.0,0.0,0.0,0.0,0.0,0.0,0.0,0.0,0.0,0.0,0.0,0.0,0.0,0.0,0.0,0.0,0.0,0.0,0.0,0.0,0.0,0.0,0.0,0.0,0.0,0.0,0.0,a2c
2026-03-30,0.0,0.0,0.0,0.0,0.0,0.0,0.0,0.0,0.0,0.0,0.0,0.0,0.0,0.0,0.0,0.0,0.0,0.0,0.0,0.0,0.0,0.0,0.0,0.0,0.0,0.0,0.0,0.0,0.0,0.0,a2c
2026-03-31,0.0,0.0,0.0,0.0,0.0,0.0,0.0,0.0,0.0,0.0,0.0,0.0,0.0,0.0,0.0,0.0,0.0,0.0,0.0,0.0,0.0,0.0,0.0,0.0,0.0,0.0,0.0,0.0,0.0,0.0,a2c
2026-04-01,0.0,0.0,0.0,0.0,0.0,0.0,0.0,0.0,0.0,0.0,0.0,0.0,0.0,0.0,0.0,0.0,0.0,0.0,0.0,0.0,0.0,0.0,0.0,0.0,0.0,0.0,0.0,0.0,0.0,0.0,a2c
2026-04-02,0.0,0.0,0.0,0.0,0.0,0.0,0.0,0.0,0.0,0.0,0.0,0.0,0.0,0.0,0.0,0.0,0.0,0.0,0.0,0.0,0.0,0.0,0.0,0.0,0.0,0.0,0.0,0.0,0.0,0.0,a2c
2026-04-06,0.0,0.0,0.0,0.0,0.0,0.0,0.0,0.0,0.0,0.0,0.0,0.0,0.0,0.0,0.0,0.0,0.0,0.0,0.0,0.0,0.0,0.0,0.0,0.0,0.0,0.0,0.0,0.0,0.0,0.0,a2c
2026-04-07,0.0,0.0,0.0,0.0,0.0,0.0,0.0,0.0,0.0,0.0,0.0,0.0,0.0,0.0,0.0,0.0,0.0,0.0,0.0,0.0,0.0,0.0,0.0,0.0,0.0,0.0,0.0,0.0,0.0,0.0,a2c
2026-04-08,0.0,0.0,0.0,0.0,0.0,0.0,0.0,0.0,0.0,0.0,0.0,0.0,0.0,0.0,0.0,0.0,0.0,0.0,0.0,0.0,0.0,0.0,0.0,0.0,0.0,0.0,0.0,0.0,0.0,0.0,a2c
2026-04-09,0.0,0.0,0.0,0.0,0.0,0.0,0.0,0.0,0.0,0.0,0.0,0.0,0.0,0.0,0.0,0.0,0.0,0.0,0.0,0.0,0.0,0.0,0.0,0.0,0.0,0.0,0.0,0.0,0.0,0.0,a2c
2026-04-13,0.0,0.0,-8.96524265408516,0.0,0.0,0.0,0.0,33.914947509765625,0.0,0.0,2.2653494847802667,0.0,0.0,0.0,0.0,0.0,0.0,0.0,-28.48225235939026,25.200045108795166,0.0,0.0,0.0,0.0,0.0,0.0,0.0,0.0,0.0,-11.870833486318588,ppo
2026-04-14,0.0,0.0,-14.670272171497345,0.0,0.0,0.0,0.0,34.46860611438751,0.0,0.0,4.334243756765761,0.0,0.0,0.0,0.0,0.0,0.0,0.0,-30.060362815856934,23.435331881046295,0.0,0.0,0.0,0.0,0.0,0.0,0.0,0.0,0.0,-11.437221616506577,ppo
2026-04-15,0.0,0.0,-14.703035354614258,0.0,0.0,0.0,0.0,34.48411226272583,0.0,0.0,4.383323698904325,0.0,0.0,0.0,0.0,0.0,0.0,0.0,-30.085283517837524,23.38031381368637,0.0,0.0,0.0,0.0,0.0,0.0,0.0,0.0,0.0,-11.289622634649277,ppo
2026-04-16,0.0,0.0,-14.703035354614258,0.0,0.0,0.0,0.0,34.48411226272583,0.0,0.0,4.440030105481716,0.0,0.0,0.0,0.0,0.0,0.0,0.0,-30.085283517837524,23.38031381368637,0.0,0.0,0.0,0.0,0.0,0.0,0.0,0.0,0.0,-11.289622634649277,ppo
2026-04-17,0.0,0.0,-14.703035354614258,0.0,0.0,0.0,0.0,34.48411226272583,0.0,0.0,4.416200321937534,0.0,0.0,0.0,0.0,0.0,6.042738174840891e-15,0.0,-30.085283517837524,23.38031381368637,0.0,0.0,0.0,0.0,0.0,0.0,0.0,0.0,0.0,-11.289622634649277,ppo
2026-04-20,0.0,0.0,-8.41696485877037,0.0,0.0,0.0,0.0,39.60975706577301,0.0,0.0,0.0,0.0,0.0,0.0,0.0,0.0,0.0,0.0,-26.002812385559082,31.87516744076418,0.0,0.0,0.0,0.0,0.0,0.0,0.0,0.0,0.0,-8.631862699985504,ppo
2026-04-21,0.0,0.0,-14.701192080974579,0.0,0.0,2.719004821284212,0.0,34.483325481414795,0.0,0.0,0.0,0.0,0.0,0.0,0.0,0.0,22.447095811367035,0.0,-30.083870887756348,23.383434116840363,0.0,0.0,0.0,0.0,0.0,0.0,0.0,0.0,0.0,-11.297772079706192,ppo
2026-04-22,-5.1009859033929e-32,0.0,-5.9534382075071335,0.0,0.0,0.0,0.0,32.62385427951813,0.0,0.0,0.0,0.0,0.0,0.0,0.0,0.0,18.102307465360216,0.0,-23.935340344905853,34.43809449672699,0.0,0.0,0.0,0.0,0.0,0.0,0.0,0.0,0.0,-24.19559359550476,ppo
2026-04-23,0.0,0.0,-3.706137579894687,0.0,0.0,0.0,0.0,32.62343108654022,0.0,0.0,0.0,0.0,0.0,0.0,0.0,0.0,1.9958107113722985,0.0,-19.85696817418102,34.437933564186096,0.0,0.0,0.0,0.0,0.0,0.0,0.0,0.0,0.0,-24.19617623090744,ppo
2026-04-24,0.0,0.0,0.0,0.0,0.0,0.0,0.0,14.692647626663943,0.0,0.0,0.0,0.0,0.0,0.0,0.0,0.0,30.127248167991638,0.0,0.0,1.9817355040247657e-15,0.0,0.0,0.0,0.0,0.0,0.0,0.0,0.0,0.0,-27.37119197845459,ppo
2026-04-27,0.0,0.0,0.0,0.0,0.0,0.0,0.0,13.858267046939673,0.0,0.0,0.0,0.0,0.0,0.0,0.0,0.0,30.12746274471283,0.0,0.0,0.0,0.0,0.0,0.0,0.0,0.0,0.0,0.0,0.0,0.0,-27.371126413345337,ppo
2026-04-28,0.0,0.0,0.0,0.0,0.0,0.0,0.0,13.662729104224905,0.0,0.0,0.0,0.0,0.0,0.0,0.0,0.0,30.127260088920593,0.0,0.0,0.0,0.0,0.0,0.0,0.0,0.0,0.0,0.0,0.0,0.0,-27.371186017990112,ppo
2026-04-29,0.0,0.0,0.0,0.0,0.0,0.0,0.0,0.0,0.0,0.0,0.0,0.0,0.0,0.0,0.0,0.0,34.19604003429413,0.0,0.0,1.4295850021325958,0.0,0.0,0.0,0.0,0.0,0.0,0.0,0.0,0.0,-22.31883406639099,ppo
2026-04-30,0.0,0.0,0.0,0.0,0.0,0.0,0.0,11.656548726146381,0.0,0.0,0.0,0.0,0.0,0.0,0.0,0.0,0.0,0.0,0.0,0.0,0.0,0.0,0.0,0.0,0.0,0.0,0.0,0.0,0.0,-8.188140392303467,ppo
2026-05-01,0.0,0.6975100509765679,0.0,0.0,0.0,0.0,0.0,3.1030946572994227e-16,0.0,0.0,0.0,0.0,0.0,1.526324618991547e-48,0.0,0.0,34.195780754089355,0.0,0.0,0.0,0.0,0.0,0.0,0.0,0.0,0.0,0.0,9.576844364219636e-33,0.0,-22.318221628665924,ppo
2026-05-04,0.0,0.0,0.0,0.0,0.0,0.0,0.0,16.11237496801215,0.0,0.0,0.0,0.0,0.0,0.0,0.0,0.0,0.0,0.0,0.0,0.0,0.0,0.0,0.0,0.0,0.0,0.0,0.0,0.0,0.0,-11.289622634649277,ppo
2026-05-05,0.0,0.0,0.0,0.0,0.0,0.0,0.0,15.822517255295862,0.0,0.0,0.0,0.0,0.0,0.0,0.0,0.0,0.0,0.0,0.0,0.0,0.0,0.0,0.0,0.0,0.0,0.0,0.0,0.0,0.0,-11.289622634649277,ppo
2026-05-06,0.0,0.0,0.0,0.0,0.0,0.0,0.0,0.0,0.0,0.0,0.0,0.0,0.0,0.0,0.0,0.0,0.0,0.0,0.0,12.992263327032319,0.0,0.0,0.0,0.0,0.0,0.0,0.0,0.0,0.0,-11.283958703279495,ppo
2026-05-07,0.0,0.0,0.0,0.0,0.0,0.0,0.0,15.962770653992363,0.0,0.0,0.0,0.0,0.0,0.0,0.0,0.0,0.0,0.0,0.0,0.0,0.0,0.0,0.0,0.0,0.0,0.0,0.0,0.0,0.0,-11.289622634649277,ppo
2026-05-08,0.0,0.0,0.0,0.0,0.0,0.0,0.0,15.887344280377434,0.0,0.0,0.0,0.0,0.0,0.0,0.0,0.0,0.0,0.0,0.0,0.0,0.0,0.0,0.0,0.0,0.0,0.0,0.0,0.0,0.0,-11.289622634649277,ppo
2026-05-11,0.0,0.0,0.0,0.0,0.0,0.0,0.0,15.217086732104281,0.0,0.0,0.0,0.0,0.0,0.0,0.0,0.0,0.0,0.0,0.0,0.0,0.0,0.0,0.0,0.0,0.0,0.0,0.0,0.0,0.0,-11.289244145154953,ppo
2026-05-12,0.0,0.0,0.0,0.0,0.0,0.0,0.0,11.133884075550833,0.0,0.0,0.0,0.0,0.0,0.0,0.0,0.0,0.0,0.0,0.0,2.041216134130452e-15,0.0,0.0,0.0,0.0,0.0,0.0,0.0,0.0,0.0,-8.63184854388237,ppo
2026-05-13,0.0,0.0,0.0,0.0,0.0,0.0,0.0,11.309431212405906,0.0,0.0,0.0,0.0,0.0,0.0,0.0,0.0,0.0,0.0,0.0,0.0,0.0,0.0,0.0,0.0,0.0,0.0,0.0,0.0,0.0,-8.63184854388237,ppo
2026-05-14,0.0,0.0,0.0,0.0,0.0,0.0,0.0,11.117715884746296,0.0,0.0,0.0,0.0,0.0,0.0,0.0,0.0,0.0,0.0,0.0,0.0,0.0,0.0,0.0,0.0,0.0,0.0,0.0,0.0,0.0,-8.63184854388237,ppo
2026-05-15,0.0,0.0,0.0,0.0,0.0,0.0,0.0,9.877003922491552,0.0,0.0,0.0,0.0,0.0,0.0,0.0,0.0,0.0,0.0,0.0,0.0,0.0,0.0,0.0,0.0,0.0,0.0,0.0,0.0,0.0,-8.63184854388237,ppo
2026-05-18,0.0,0.0,0.0,0.0,0.0,0.0,0.0,9.579472359679189,0.0,0.0,0.0,0.0,0.0,0.0,0.0,0.0,0.0,0.0,0.0,0.0,0.0,0.0,0.0,0.0,0.0,0.0,0.0,0.0,0.0,-8.63184854388237,ppo
2026-05-19,0.0,0.0,0.0,0.0,0.0,0.0,0.0,9.662441437621077,0.0,0.0,0.0,0.0,0.0,0.0,0.0,0.0,0.0,0.0,0.0,0.0,0.0,0.0,0.0,0.0,0.0,0.0,0.0,0.0,0.0,-8.63184854388237,ppo
