date,portfolio_value,reward,unscaled_reward,cash,transaction_costs,trades,turbulence,risk_off,selected_model
2023-01-04,1001360.1519032607,0.1360151903260732,1360.151903260732,821500.903252812,178.32077597121685,16,48.617618480310206,False,a2c
2023-01-05,993435.2557938659,-0.7924896109394846,-7924.896109394846,641461.795353713,358.18002462166555,32,75.76188417571507,False,a2c
2023-01-06,1004213.0374177042,1.0777781623838354,10777.781623838353,465299.0784034164,534.1667548417419,48,36.88287126590971,False,a2c
2023-01-09,1005440.1645428024,0.12271271250981372,1227.1271250981372,285424.3114893188,713.8618266839973,64,27.665622415606787,False,a2c
2023-01-10,1007481.3462302648,0.20411816874623764,2041.1816874623764,104483.60706764134,894.6217711611976,80,32.68206897992657,False,a2c
2023-01-11,1020899.7238763551,1.3418377646090347,13418.377646090346,0.0,999.000999000999,89,12.194550716494991,False,a2c
2023-01-12,1027607.2509857377,0.6707527109382558,6707.527109382558,0.0,1220.7914441290618,104,31.517460622940924,False,a2c
2023-01-13,1029907.6757243592,0.2300424738621572,2300.424738621572,0.0,1442.584346153304,119,18.95959843909522,False,a2c
2023-01-17,1015013.5154969158,-1.4894160227443443,-14894.160227443443,0.0,1625.9225932864592,133,16.752907774513883,False,a2c
2023-01-18,995820.769721298,-1.9192745775617777,-19192.745775617776,0.0,1804.245855430588,147,93.66725005285349,False,a2c
2023-01-19,988489.5578924988,-0.733121182879922,-7331.21182879922,0.0,1967.129828111819,160,29.96924214535943,False,a2c
2023-01-20,1000062.3348256865,1.1572776933187736,11572.776933187735,0.0,2135.4104361381073,176,36.12941970797391,False,a2c
2023-01-23,1012349.7127466893,1.2287377921002802,12287.377921002802,0.0,2172.893141761965,182,41.29164800434987,False,a2c
2023-01-24,1009423.1546841238,-0.2926558062565513,-2926.558062565513,0.0,2198.824551409164,187,24.267918218779265,False,a2c
2023-01-25,1007921.6610815069,-0.15014936026169454,-1501.4936026169453,0.0,2220.5742708768257,192,70.90109706442583,False,a2c
2023-01-26,1022971.0632288388,1.5049402147331974,15049.402147331974,0.0,2222.239242915398,194,15.23518020865826,False,a2c
2023-01-27,1021713.7416705159,-0.12573215583229905,-1257.3215583229903,0.0,2225.0222086445247,196,78.08712783463974,False,a2c
2023-01-30,1014304.7921930978,-0.7408949477418093,-7408.949477418093,0.0,2227.0416828439165,198,111.89017051287911,False,a2c
2023-01-31,1033062.0421462735,1.8757249953175779,18757.24995317578,0.0,2227.0416828439165,198,63.07367884174347,False,a2c
2023-02-01,1037989.0498344204,0.49270076881469,4927.007688146899,0.0,2227.0416828439165,198,33.734816310882906,False,a2c
2023-02-02,1041439.4945783659,0.3450444743945496,3450.4447439454957,0.0,2227.0416828439165,198,26.401697821252355,False,a2c
2023-02-03,1030561.6623385568,-1.0877832239809098,-10877.832239809097,0.0,2227.0416828439165,198,77.42937474874395,False,a2c
2023-02-06,1028313.5261606661,-0.22481361778907014,-2248.136177890701,0.0,2227.0416828439165,198,56.118195152469404,False,a2c
2023-02-07,1040344.9272139837,1.203140105331759,12031.40105331759,0.0,2227.0416828439165,198,16.689097054582486,False,a2c
2023-02-08,1034583.1865002709,-0.5761740713712876,-5761.740713712876,0.0,2230.404227002037,200,35.21474062374773,False,a2c
2023-02-09,1028153.3560244809,-0.642983047578996,-6429.8304757899605,0.0,2230.404227002037,200,22.908968136690973,False,a2c
2023-02-10,1030378.8110886284,0.2225455064147478,2225.455064147478,0.0,2230.404227002037,200,18.04913138754658,False,a2c
2023-02-13,1046407.6996766018,1.602888858797343,16028.88858797343,0.0,2230.404227002037,200,16.313795799879674,False,a2c
2023-02-14,1042766.0529880349,-0.36416466885668924,-3641.6466885668924,0.0,2230.404227002037,200,9.036396525600187,False,a2c
2023-02-15,1045370.5255738574,0.26044725858224554,2604.472585822455,0.0,2230.404227002037,200,20.557400149016424,False,a2c
2023-02-16,1029181.6519603136,-1.6188873613543808,-16188.873613543807,0.0,2230.404227002037,200,17.834731917629504,False,a2c
2023-02-17,1031828.08889614,0.2646436935826438,2646.4369358264375,0.0,2230.404227002037,200,44.30944026337915,False,a2c
2023-02-21,1010124.6867438869,-2.170340215225308,-21703.402152253082,0.0,2230.404227002037,200,18.711727424089204,False,a2c
2023-02-22,1006763.3343001996,-0.3361352443687269,-3361.3524436872685,0.0,2230.404227002037,200,32.79577922415548,False,a2c
2023-02-23,1011366.4157806652,0.4603081480465597,4603.0814804655965,0.0,2230.404227002037,200,9.263636067054271,False,a2c
2023-02-24,999842.2695932875,-1.1524146187377744,-11524.146187377743,0.0,2230.404227002037,200,54.28339232253821,False,a2c
2023-02-27,1002505.0452389849,0.26627756456973734,2662.7756456973734,0.0,2230.404227002037,200,14.233045927985343,False,a2c
2023-02-28,994607.1792210693,-0.7897866017915541,-7897.866017915541,0.0,2230.404227002037,200,4.5887735855771,False,a2c
2023-03-01,995558.0622529082,0.09508830318389228,950.8830318389228,0.0,2230.404227002037,200,38.81900733446325,False,a2c
2023-03-02,1013053.6551326292,1.7495592879720965,17495.592879720964,0.0,2230.404227002037,200,36.74991290203244,False,a2c
2023-03-03,1024294.2515579554,1.1240596425326193,11240.596425326192,0.0,2230.404227002037,200,53.7611377002007,False,a2c
2023-03-06,1022362.1990211959,-0.19320525367595257,-1932.0525367595255,0.0,2236.5573064698638,202,15.9362057001613,False,a2c
2023-03-07,1007930.3473297022,-1.443185169149365,-14431.851691493648,0.0,2236.5573064698638,202,31.885617154918307,False,a2c
2023-03-08,1006744.3901245061,-0.11859572051961441,-1185.957205196144,0.0,2236.5573064698638,202,19.950066892968735,False,a2c
2023-03-09,990568.7666908131,-1.6175623433692963,-16175.623433692963,0.0,2236.5573064698638,202,15.800387192936995,False,a2c
2023-03-10,978208.0583306218,-1.236070836019132,-12360.708360191318,0.0,2236.5573064698638,202,22.22479849723993,False,a2c
2023-03-13,976182.6530662354,-0.20254052643864418,-2025.4052643864416,0.0,2236.868420564868,204,87.73452334074322,False,a2c
2023-03-14,990853.8289244038,1.4671175858168397,14671.175858168397,0.0,2236.868420564868,204,46.45314379454592,False,a2c
2023-03-15,983465.6942744062,-0.7388134649997578,-7388.134649997577,0.0,2242.8887774532077,206,25.895660316711407,False,a2c
2023-03-16,1002710.8976903985,1.9245203415992322,19245.20341599232,0.0,2246.342604744002,208,38.78757752703601,False,a2c
2023-03-17,991089.8722243705,-1.1621025466028019,-11621.025466028019,0.0,2249.845334354178,210,31.9670684006825,False,a2c
2023-03-20,998239.8287958461,0.7149956571475603,7149.956571475603,0.0,2253.329388943225,212,37.117017558330694,False,a2c
2023-03-21,1013142.4188375829,1.490259004173684,14902.59004173684,0.0,2253.329388943225,212,24.35202688315801,False,a2c
2023-03-22,993663.4420102433,-1.947897682733962,-19478.97682733962,0.0,2256.8917071855685,214,17.21119963677687,False,a2c
2023-03-23,996814.2222102842,0.3150780200040899,3150.7802000408988,0.0,2256.8917071855685,214,25.42086769428804,False,a2c
2023-03-24,1001506.3782188719,0.46921560085876846,4692.1560085876845,0.0,2256.8917071855685,214,12.071049584012464,False,a2c
2023-03-27,1002261.5235202448,0.07551453013728605,755.1453013728606,0.0,2259.5184393072414,216,17.83760129815166,False,a2c
2023-03-28,998958.1916479118,-0.3303331872332958,-3303.331872332958,0.0,2259.5184393072414,216,29.029804825258452,False,a2c
2023-03-29,1010424.6299046641,1.146643825675233,11466.438256752328,0.0,2261.810567624008,218,14.354279050407431,False,a2c
2023-03-30,1013283.370087372,0.2858740182707901,2858.740182707901,0.0,2264.0735021347036,220,16.642893045529586,False,a2c
2023-03-31,1028064.1291068746,1.4780759019502556,14780.759019502555,0.0,2266.4030574905973,222,7.329526925423664,False,a2c
2023-04-03,1031671.3774931147,0.3607248386240099,3607.2483862400986,0.0,2268.917031617332,224,10.369364957815673,False,a2c
2023-04-05,1024733.2426155437,-0.328546596340579,-3285.46596340579,0.0,136.52969721569113,16,31.85725961097818,False,a2c
2023-04-06,1027996.5056685844,0.32632630530407186,3263.2630530407187,0.0,231.43200207032376,27,47.451349646247884,False,a2c
2023-04-10,1031218.5996604468,0.32220939918623775,3222.0939918623776,0.0,317.3188622776348,37,14.334257866130175,False,a2c
2023-04-11,1030441.9584320026,-0.07766412284441758,-776.6412284441758,0.0,402.4948156544347,47,14.29517542153832,False,a2c
2023-04-12,1033063.2582163226,0.26212997843200575,2621.2997843200574,0.0,498.59275207924094,57,13.191583384634294,False,a2c
2023-04-13,1048802.6561260703,1.573939790974767,15739.39790974767,0.0,581.6494071779267,66,12.411661098636527,False,a2c
2023-04-14,1044434.9036789909,-0.43677524470794016,-4367.7524470794015,0.0,635.7806835870863,72,18.18046215691819,False,a2c
2023-04-17,1050350.064726681,0.5915161047690083,5915.161047690082,0.0,693.2318705846102,78,103.21866559950114,False,a2c
2023-04-18,1051138.9625180468,0.07888977913658601,788.8977913658601,0.0,735.309290461943,86,11.647575222331925,False,a2c
2023-04-19,1053029.079298386,0.18901167803390417,1890.1167803390417,0.0,751.3280769732831,89,31.520587608884487,False,a2c
2023-04-20,1047691.2758481489,-0.5337803450237029,-5337.803450237028,0.0,764.764027220373,92,90.91545201104799,False,a2c
2023-04-21,1055879.0226670364,0.8187746818887536,8187.7468188875355,0.0,767.0743492707978,94,26.392467430588724,False,a2c
2023-04-24,1055217.8534372183,-0.06611692298180424,-661.1692298180424,0.0,767.0743492707978,94,34.31180965645834,False,a2c
2023-04-25,1041510.7616868808,-1.370709175033751,-13707.09175033751,0.0,767.0743492707978,94,12.414434291928682,False,a2c
2023-04-26,1045071.39010272,0.3560628415839165,3560.6284158391645,0.0,767.0743492707978,94,10.075399536734581,False,a2c
2023-04-27,1066624.1401044363,2.155275000171631,21552.75000171631,0.0,769.2147909595587,96,70.73849520908938,False,a2c
2023-04-28,1073393.4292164594,0.6769289112023078,6769.289112023078,0.0,770.8978446508371,98,52.820813725753624,False,a2c
2023-05-01,1075702.7452089423,0.2309315992482938,2309.315992482938,0.0,770.8978446508371,98,24.046398751102167,False,a2c
2023-05-02,1069657.8392472598,-0.6044905961682555,-6044.905961682555,0.0,770.8978446508371,98,21.9616854377101,False,a2c
2023-05-03,1065946.7901429534,-0.37110491043063815,-3711.049104306381,0.0,770.8978446508371,98,34.42139533414799,False,a2c
2023-05-04,1057363.8747892021,-0.8582915353751276,-8582.915353751276,0.0,770.8978446508371,98,20.006544962165137,False,a2c
2023-05-05,1073962.6412502164,1.6598766461014283,16598.766461014282,0.0,773.1120740021588,100,19.34308597034587,False,a2c
2023-05-08,1072875.5258588917,-0.108711539132474,-1087.11539132474,0.0,775.3695576836219,102,14.340484196436803,False,a2c
2023-05-09,1068905.5083164647,-0.397001754242694,-3970.01754242694,0.0,775.3695576836219,102,7.605496569012365,False,a2c
2023-05-10,1071025.5823154822,0.21200739990174772,2120.073999017477,0.0,775.3695576836219,102,15.29512347760191,False,a2c
2023-05-11,1065164.68979081,-0.5860892524672207,-5860.8925246722065,0.0,775.3695576836219,102,17.742412631171188,False,a2c
2023-05-12,1060221.6875679768,-0.4943002222833224,-4943.002222833224,0.0,775.3695576836219,102,50.072378469578,False,a2c
2023-05-15,1060246.7718902193,0.0025084322242531925,25.084322242531925,0.0,777.5834476129202,104,11.436224070586025,False,a2c
2023-05-16,1051304.6170807993,-0.8942154809419998,-8942.154809419997,0.0,779.2139935451036,106,8.038729035274624,False,a2c
2023-05-17,1059547.1275516332,0.8242510470833863,8242.510470833862,0.0,779.2139935451036,106,17.65757511927638,False,a2c
2023-05-18,1069005.9447476575,0.945881719602435,9458.817196024349,0.0,781.5353899697672,108,18.91829957640753,False,a2c
2023-05-19,1058499.9234085223,-1.0506021339135245,-10506.021339135244,0.0,783.8819598463206,110,14.833794187608481,False,a2c
2023-05-22,1045112.933325626,-1.3386990082896315,-13386.990082896315,0.0,786.2231469235719,112,13.984044301734905,False,a2c
2023-05-23,1032633.6158348701,-1.2479317490755815,-12479.317490755813,0.0,790.227520264052,114,38.871016024212295,False,a2c
2023-05-24,1027718.104452818,-0.4915511382052093,-4915.511382052093,0.0,791.833034105782,116,29.310775061466835,False,a2c
2023-05-25,1030846.5275975805,0.31284231447624045,3128.4231447624043,0.0,791.833034105782,116,18.11343797357665,False,a2c
2023-05-26,1039663.909229286,0.8817381631705561,8817.38163170556,0.0,791.833034105782,116,137.4635388604851,False,a2c
2023-05-30,1036151.1239828984,-0.35127852463875897,-3512.7852463875897,0.0,791.833034105782,116,21.34586136312895,False,a2c
2023-05-31,1032000.8961026443,-0.41502278802541553,-4150.227880254155,0.0,791.833034105782,116,20.33284934764629,False,a2c
2023-06-01,1029610.3627462615,-0.23905333563827444,-2390.5333563827444,0.0,791.833034105782,116,27.303746522810496,False,a2c
2023-06-02,1049716.8864860376,2.010652373977611,20106.52373977611,0.0,791.833034105782,116,59.376416237883305,False,a2c
2023-06-05,1041692.9204091621,-0.8023966076875572,-8023.966076875571,0.0,791.833034105782,116,89.29611177326537,False,a2c
2023-06-06,1041286.8196519505,-0.04061007572115632,-406.1007572115632,0.0,791.833034105782,116,22.775727156282557,False,a2c
2023-06-07,1033736.82738491,-0.7549992267040536,-7549.992267040536,0.0,791.833034105782,116,21.22926632896889,False,a2c
2023-06-08,1038887.1295450326,0.5150302160122665,5150.302160122665,0.0,791.833034105782,116,37.19742154955682,False,a2c
2023-06-09,1043297.250756474,0.441012121144135,4410.12121144135,0.0,791.833034105782,116,19.944281741027616,False,a2c
2023-06-12,1047102.1528487398,0.380490209226578,3804.9020922657796,0.0,791.833034105782,116,6.826302995391488,False,a2c
2023-06-13,1048165.4635527604,0.1063310704020667,1063.310704020667,0.0,791.833034105782,116,12.950266150467293,False,a2c
2023-06-14,1063371.8864020407,1.5206422849280294,15206.422849280294,0.0,791.833034105782,116,21.186033068594497,False,a2c
2023-06-15,1076220.1417731629,1.2848255371122157,12848.255371122157,0.0,791.833034105782,116,57.25726498251986,False,a2c
2023-06-16,1074177.0785484803,-0.20430632246825844,-2043.0632246825844,0.0,791.833034105782,116,20.08400604397453,False,a2c
2023-06-20,1062851.2546568548,-1.1325823891625508,-11325.823891625509,0.0,791.833034105782,116,14.070370052018479,False,a2c
2023-06-21,1058898.4609935717,-0.3952793663283112,-3952.7936632831115,0.0,791.833034105782,116,31.7499174885977,False,a2c
2023-06-22,1068085.4979121918,0.9187036918620114,9187.036918620113,0.0,791.833034105782,116,18.239266518247902,False,a2c
2023-06-23,1059461.0418854721,-0.862445602671965,-8624.45602671965,0.0,791.833034105782,116,22.772821451920315,False,a2c
2023-06-26,1058931.2083736171,-0.05298335118549876,-529.8335118549876,0.0,791.833034105782,116,13.272192292665302,False,a2c
2023-06-27,1069352.4312316335,1.042122285801638,10421.22285801638,0.0,791.833034105782,116,30.37611912458479,False,a2c
2023-06-28,1068870.3343864584,-0.048209684517513965,-482.0968451751396,0.0,791.833034105782,116,16.545761867174,False,a2c
2023-06-29,1070658.7258270304,0.17883914405719845,1788.3914405719843,0.0,791.833034105782,116,22.173723520110194,False,a2c
2023-06-30,1074978.7371941763,0.4320011367145926,4320.011367145926,0.0,791.833034105782,116,30.843216227612437,False,a2c
2023-07-03,1072249.3540235292,-0.2729383170647081,-2729.383170647081,0.0,791.833034105782,116,23.440498872899305,False,a2c
2023-07-05,1067990.5586889514,-0.42587953345777935,-4258.795334577793,0.0,791.833034105782,116,20.41263934323746,False,a2c
2023-07-07,1047513.7784029212,-1.1163133015870932,-11163.133015870932,0.0,37.0219415450584,15,18.284962752591483,False,ppo
2023-07-10,1051744.9432231158,0.4231164820194594,4231.164820194594,0.0,80.28528529032785,31,16.819336552972377,False,ppo
2023-07-11,1060544.186368782,0.8799243145666319,8799.243145666318,0.0,107.17433561133382,42,39.928709686498735,False,ppo
2023-07-12,1067916.3189696549,0.7372132600872777,7372.1326008727765,0.0,130.0638256326503,52,28.796278214780397,False,ppo
2023-07-13,1072195.4481742107,0.42791292045558804,4279.12920455588,0.0,152.27506423061297,62,28.291521078629387,False,ppo
2023-07-14,1073231.9185963785,0.10364704221677967,1036.4704221677966,0.0,175.622217334824,74,21.379444121698253,False,ppo
2023-07-17,1074191.7088515742,0.09597902551956941,959.790255195694,0.0,195.94428879534058,85,70.4336587758952,False,ppo
2023-07-18,1084855.0788263555,1.0663369974781294,10663.369974781293,0.0,222.02297370895377,94,66.08056427730558,False,ppo
2023-07-19,1086673.351664019,0.18182728376635351,1818.272837663535,5.605193857299268e-45,251.30495127597078,113,69.49148404269322,False,ppo
2023-07-20,1080444.2569996133,-0.6229094664405799,-6229.0946644057985,0.0,282.4567716675066,126,40.87635352939338,False,ppo
2023-07-21,1084881.5200939414,0.4437263094328111,4437.263094328111,0.0,312.29151642960045,137,99.37802983621255,False,ppo
2023-07-24,1086317.7546380362,0.14362345440948848,1436.2345440948848,0.0,343.8273569687166,150,25.02556343636952,False,ppo
2023-07-25,1089868.0912507167,0.35503366126804614,3550.3366126804613,0.0,375.12668057332786,161,19.34062934044882,False,ppo
2023-07-26,1084881.0352277127,-0.49870560230039995,-4987.056023003999,0.0,406.3548647102537,173,41.71767192960108,False,ppo
2023-07-27,1067901.4707993944,-1.6979564428318292,-16979.564428318292,0.0,442.94929948647194,185,66.4631599421354,False,ppo
2023-07-28,1081184.6025004731,1.3283131701078732,13283.131701078732,0.0,469.1178323140789,198,99.81560257193722,False,ppo
2023-07-31,1080539.327233117,-0.06452752673560753,-645.2752673560753,0.0,492.7907421337781,209,33.963074983066775,False,ppo
2023-08-01,1078046.1248253724,-0.24932024077447132,-2493.202407744713,0.0,518.590288767856,220,45.00995203224541,False,ppo
2023-08-02,1066626.498214003,-1.141962661136943,-11419.62661136943,0.0,544.2874962293706,231,87.2272001743069,False,ppo
2023-08-03,1066190.2429740804,-0.04362552399225533,-436.2552399225533,0.0,573.6102659155305,241,12.763965384257247,False,ppo
2023-08-04,1065235.9648383416,-0.09542781357388012,-954.2781357388012,0.0,596.9668092772192,247,17.739431530096287,False,ppo
2023-08-07,1077700.9139614066,1.2464949123064988,12464.949123064987,0.0,620.774639906699,254,112.73528086120672,False,ppo
2023-08-08,1073649.575817564,-0.4051338143842528,-4051.3381438425276,0.0,637.1590113172082,260,25.973831624719097,False,ppo
2023-08-09,1070860.3338297196,-0.27892419878444635,-2789.2419878444634,0.0,641.6589674512518,264,26.609585590374515,False,ppo
2023-08-10,1069872.2641976713,-0.09880696320482531,-988.069632048253,0.0,646.1627831296153,268,13.267746707060992,False,ppo
2023-08-11,1070416.443797896,0.054417960022459744,544.1796002245974,0.0,653.2763035961642,274,15.87150685434541,False,ppo
2023-08-14,1068865.5734992235,-0.15508702986724676,-1550.8702986724675,0.0,659.7889335541444,280,16.57448498428913,False,ppo
2023-08-15,1061766.9531521453,-0.7098620347078192,-7098.620347078191,0.0,666.2677726449614,285,17.189451046153994,False,ppo
2023-08-16,1058043.0142942176,-0.37239388579276855,-3723.938857927685,0.0,673.3796412928199,288,16.947347930636916,False,ppo
2023-08-17,1047734.6428677269,-1.030837142649072,-10308.371426490718,0.0,679.7707229063852,291,10.983072747996989,False,ppo
2023-08-18,1048900.599186376,0.11659563186491141,1165.956318649114,0.0,686.1131488911799,298,41.269363563091794,False,ppo
2023-08-21,1045946.0891259429,-0.29545100604330654,-2954.510060433065,0.0,689.8967256997297,301,8.657406305720876,False,ppo
2023-08-22,1041973.5755434015,-0.3972513582541375,-3972.5135825413745,0.0,693.6467265434442,306,29.9445122960267,False,ppo
2023-08-23,1043648.851499632,0.1675275956230471,1675.2759562304707,0.0,697.3611022096222,311,17.493834565763436,False,ppo
2023-08-24,1033673.9314572983,-0.9974920042333659,-9974.920042333659,0.0,701.0341829404629,315,39.05971214915394,False,ppo
2023-08-25,1040604.3025515048,0.6930371094206464,6930.3710942064645,0.0,704.6675398092588,320,26.32973605574694,False,ppo
2023-08-28,1044003.5062420932,0.3399203690588358,3399.2036905883583,0.0,708.3348513980798,323,17.753221609274625,False,ppo
2023-08-29,1054761.3146557952,1.0757808413702064,10757.808413702063,0.0,712.0347688674485,326,21.149530592024732,False,ppo
2023-08-30,1055793.4908211483,0.10321761653530412,1032.1761653530411,0.0,718.9794865055871,330,24.058076102598243,False,ppo
2023-08-31,1054825.7444159477,-0.09677464052005672,-967.7464052005671,0.0,725.9458255605185,336,7.785007377139129,False,ppo
2023-09-01,1057418.4591150002,0.25927146990525074,2592.714699052507,0.0,732.8582237636607,342,27.44391580900107,False,ppo
2023-09-05,1049905.8853546758,-0.7512573760324391,-7512.573760324391,0.0,739.8534699138376,346,18.172481802708212,False,ppo
2023-09-06,1047027.9941568284,-0.28778911978474353,-2877.8911978474353,0.0,746.7727891676102,350,23.535487782124402,False,ppo
2023-09-07,1047131.4850108542,0.010349085402581842,103.49085402581842,0.0,753.5638847041051,354,29.189886627723546,False,ppo
2023-09-08,1049785.6031440685,0.26541181332143027,2654.1181332143024,0.0,758.8636335170338,358,29.70033640782463,False,ppo
2023-09-11,1056937.5965372007,0.7151993393132231,7151.99339313223,0.0,761.9101336271932,362,16.314158546387564,False,ppo
2023-09-12,1048051.7565893689,-0.8885839947831817,-8885.839947831817,0.0,765.9216454867187,365,19.261185804258513,False,ppo
2023-09-13,1052305.8622629442,0.42541056735753086,4254.105673575308,0.0,769.9821250557766,369,26.98688556420595,False,ppo
2023-09-14,1061049.1346116283,0.8743272348684026,8743.272348684026,0.0,774.6242854954436,372,48.912792369501304,False,ppo
2023-09-15,1048701.3335815936,-1.2347801030034666,-12347.801030034665,0.0,775.7355141594169,374,33.65816024102276,False,ppo
2023-09-18,1048130.8701006051,-0.05704634809885174,-570.4634809885174,0.0,779.4245309396861,377,29.104356680376682,False,ppo
2023-09-19,1046097.6224862027,-0.2033247614402324,-2033.247614402324,0.0,783.1128493530609,380,22.537390784762817,False,ppo
2023-09-20,1041712.6975412155,-0.4384924944987288,-4384.924944987288,0.0,784.8688612262816,382,12.813082007623393,False,ppo
2023-09-21,1029940.0811062944,-1.1772616434921046,-11772.616434921045,0.0,787.2063312677444,385,28.420462529129736,False,ppo
2023-09-22,1024905.483004942,-0.5034598101352458,-5034.598101352457,0.0,790.0275247693183,393,35.330990649237705,False,ppo
2023-09-25,1023801.3133453284,-0.11041696596135153,-1104.1696596135153,0.0,792.8247501273416,396,11.476006215898305,False,ppo
2023-09-26,1015082.1428840925,-0.8719170461235918,-8719.170461235917,0.0,795.6438276272796,399,15.794606805312068,False,ppo
2023-09-27,1008510.6626086147,-0.6571480275477866,-6571.480275477866,0.0,803.4473067719616,405,17.763130861009607,False,ppo
2023-09-28,1009713.5817011107,0.12029190924960421,1202.9190924960421,0.0,815.1913440023823,410,14.000315029081285,False,ppo
2023-09-29,1014846.8819463259,0.5133300245215185,5133.300245215185,0.0,823.9416588837059,414,24.024212655238202,False,ppo
2023-10-02,1013959.229195924,-0.08876527504018741,-887.6527504018741,0.0,832.5537047039255,419,35.288262499035255,False,ppo
2023-10-03,1006053.3373255117,-0.7905891870412277,-7905.891870412277,0.0,844.1597069751512,425,32.91411815932344,False,ppo
2023-10-05,1011776.1670660309,-0.45130352938175206,-4513.03529381752,0.0,120.55631681163877,8,21.3824230929131,False,ddpg
2023-10-06,1020726.6545504945,0.8950487484463607,8950.487484463607,0.0,194.2375058466028,13,82.668596469433,False,ddpg
2023-10-09,1021873.8995972963,0.11472450468017488,1147.2450468017487,0.0,247.5878014879771,18,44.490864614211134,False,ddpg
2023-10-10,1024969.7246639526,0.309582506665634,3095.82506665634,0.0,289.67232104861665,22,16.715950323565487,False,ddpg
2023-10-11,1029607.7582474859,0.4638033583533252,4638.033583533252,0.0,332.1874364721336,26,22.079063113392607,False,ddpg
2023-10-12,1028986.9241301708,-0.062083411731501115,-620.8341173150111,0.0,374.3613064559096,30,41.34331478760535,False,ddpg
2023-10-13,1034194.4902553265,0.5207566125155659,5207.566125155659,0.0,416.54793033313103,35,27.53950208152155,False,ddpg
2023-10-16,1044758.1056961603,1.056361544083385,10563.615440833848,0.0,459.00558025766935,39,30.994879297305594,False,ddpg
2023-10-17,1044711.7782375885,-0.004632745857187547,-46.32745857187547,0.0,497.91093790043055,43,12.595080136981295,False,ddpg
2023-10-18,1041710.2189625931,-0.30015592749953507,-3001.5592749953507,0.0,535.5584397820938,46,20.54849869263919,False,ddpg
2023-10-19,1036146.3534774504,-0.5563865485142684,-5563.865485142684,0.0,573.9149525015522,49,76.06246066033503,False,ddpg
2023-10-20,1027980.4892735158,-0.8165864203934674,-8165.864203934673,0.0,612.0646057352815,52,26.537108241260057,False,ddpg
2023-10-23,1026291.4183192573,-0.16890709542584373,-1689.0709542584373,0.0,650.0467971888474,55,36.49813885418675,False,ddpg
2023-10-24,1033168.306705184,0.6876888385926723,6876.888385926723,0.0,688.1932607106771,59,30.013600488874733,False,ddpg
2023-10-25,1041012.4762220591,0.784416951687506,7844.16951687506,0.0,726.8121910662103,62,122.57932628698265,False,ddpg
2023-10-26,1023487.4460037926,-1.7525030218266533,-17525.030218266533,0.0,765.5304514130412,65,89.65885071414698,False,ddpg
2023-10-27,1014627.3085538507,-0.8860137449941831,-8860.13744994183,0.0,804.0349256070601,68,79.69345285431986,False,ddpg
2023-10-30,1030621.8413640998,1.5994532810249018,15994.532810249017,0.0,842.0064252378005,71,83.00584989078158,False,ddpg
2023-10-31,1037398.5388528046,0.6776697488704813,6776.697488704813,0.0,872.8129770052473,74,31.9263104002395,False,ddpg
2023-11-01,1038608.7010572619,0.12101622044573306,1210.1622044573305,0.0,883.3839032713639,78,71.22603219015164,False,ddpg
2023-11-02,1055074.17251865,1.6465471461388166,16465.471461388166,0.0,894.0492754967947,80,26.185189425792686,False,ddpg
2023-11-03,1060945.204912615,0.5871032393964939,5871.032393964939,0.0,895.7898763515378,82,21.22437405144913,False,ddpg
2023-11-06,1066153.6865644148,0.5208481651799753,5208.481651799753,0.0,895.7898763515378,82,31.862810815346766,False,ddpg
2023-11-07,1075079.5477539862,0.8925861189571442,8925.861189571442,0.0,895.7898763515378,82,9.559231192927703,False,ddpg
2023-11-08,1077786.2906405116,0.2706742886525346,2706.742886525346,0.0,895.7898763515378,82,10.429169199508348,False,ddpg
2023-11-09,1069402.1139068748,-0.8384176733636763,-8384.176733636763,0.0,895.7898763515378,82,12.679155735295069,False,ddpg
2023-11-10,1078227.171732303,0.8825057825428201,8825.0578254282,0.0,895.7898763515378,82,56.96086097641368,False,ddpg
2023-11-13,1073677.4893095964,-0.45496824227066246,-4549.6824227066245,0.0,895.7898763515378,82,20.85393106516765,False,ddpg
2023-11-14,1083330.6588641307,0.9653169554534369,9653.169554534368,0.0,895.7898763515378,82,18.496926586262923,False,ddpg
2023-11-15,1085651.9037270627,0.23212448629320134,2321.2448629320133,0.0,895.7898763515378,82,36.31158943270046,False,ddpg
2023-11-16,1093026.12419412,0.7374220467057312,7374.220467057312,0.0,895.7898763515378,82,24.174751879968145,False,ddpg
2023-11-17,1083592.9781183035,-0.9433146075816593,-9433.146075816592,0.0,895.7898763515378,82,261.326523660882,False,ddpg
2023-11-20,1090145.1408496436,0.6552162731340155,6552.162731340155,0.0,895.7898763515378,82,20.06715299028469,False,ddpg
2023-11-21,1090999.4824894876,0.08543416398440022,854.3416398440022,0.0,895.7898763515378,82,21.719074735833637,False,ddpg
2023-11-22,1100386.230721593,0.9386748232105282,9386.748232105281,0.0,895.7898763515378,82,18.4294420035791,False,ddpg
2023-11-24,1103792.883237782,0.34066525161890315,3406.6525161890313,0.0,895.7898763515378,82,14.396707534236214,False,ddpg
2023-11-27,1101343.3123494538,-0.24495708883281334,-2449.570888328133,0.0,895.7898763515378,82,5.188026950671363,False,ddpg
2023-11-28,1102849.8406858053,0.15065283363515047,1506.5283363515048,0.0,895.7898763515378,82,6.206188310403967,False,ddpg
2023-11-29,1099213.011156197,-0.3636829529608367,-3636.8295296083666,0.0,895.7898763515378,82,19.10625261361726,False,ddpg
2023-11-30,1117112.0203343644,1.7899009178167442,17899.009178167442,0.0,895.7898763515378,82,16.56085006347788,False,ddpg
2023-12-01,1120740.5166528984,0.3628496318534017,3628.4963185340166,0.0,895.7898763515378,82,55.285634150861036,False,ddpg
2023-12-04,1120407.2936900693,-0.03332229628290516,-333.2229628290516,0.0,895.7898763515378,82,32.95406893041611,False,ddpg
2023-12-05,1124278.058073193,0.3870764383123722,3870.764383123722,0.0,895.7898763515378,82,26.11830442139047,False,ddpg
2023-12-06,1122477.9587565972,-0.18000993165958207,-1800.0993165958205,0.0,895.7898763515378,82,58.56580554313221,False,ddpg
2023-12-07,1123067.9618583247,0.059000310172745964,590.0031017274596,0.0,895.7898763515378,82,15.139898284087552,False,ddpg
2023-12-08,1126028.0864759127,0.2960124617588008,2960.124617588008,0.0,895.7898763515378,82,14.457888226895067,False,ddpg
2023-12-11,1125860.295785918,-0.016779068999481388,-167.79068999481387,0.0,895.7898763515378,82,21.95680718431886,False,ddpg
2023-12-12,1133143.056287005,0.7282760501087178,7282.7605010871775,0.0,895.7898763515378,82,31.125504683023912,False,ddpg
2023-12-13,1144037.482853133,1.0894426566127922,10894.42656612792,0.0,895.7898763515378,82,8.323218765605427,False,ddpg
2023-12-14,1128063.094949633,-1.5974387903499883,-15974.387903499883,0.0,895.7898763515378,82,35.356911432061196,False,ddpg
2023-12-15,1130113.702875271,0.20506079256378582,2050.607925637858,0.0,895.7898763515378,82,75.38244435094126,False,ddpg
2023-12-18,1127294.855109535,-0.28188477657360494,-2818.8477657360495,0.0,895.7898763515378,82,18.06086248126627,False,ddpg
2023-12-19,1128862.9062727145,0.1568051163179567,1568.051163179567,0.0,895.7898763515378,82,21.39679748858358,False,ddpg
2023-12-20,1115042.313544621,-1.38205927280935,-13820.5927280935,0.0,895.7898763515378,82,9.850378309504642,False,ddpg
2023-12-21,1124993.5104611386,0.995119691651757,9951.196916517569,0.0,895.7898763515378,82,17.629094254612106,False,ddpg
2023-12-22,1107616.732681046,-1.7376777780092556,-17376.777780092554,0.0,895.7898763515378,82,9.764918413063302,False,ddpg
2023-12-26,1108552.7570167028,0.09360243356567807,936.0243356567806,0.0,895.7898763515378,82,85.63516202645837,False,ddpg
2023-12-27,1110067.7501437478,0.15149931270449887,1514.9931270449886,0.0,895.7898763515378,82,4.770862632177803,False,ddpg
2023-12-28,1115436.9910142075,0.5369240870459704,5369.240870459704,0.0,895.7898763515378,82,4.419532025398101,False,ddpg
2023-12-29,1116366.9124384716,0.09299214242640884,929.9214242640884,0.0,895.7898763515378,82,7.285156525787727,False,ddpg
2024-01-02,1120325.629205916,0.39587167674445084,3958.716767444508,0.0,895.7898763515378,82,2.9550341216370395,False,ddpg
2024-01-03,1115555.2740305061,-0.4770355175409932,-4770.355175409932,0.0,895.7898763515378,82,55.326426264086855,False,ddpg
2024-01-05,1107939.5498564236,-0.5964213603933808,-5964.2136039338075,0.0,0.0,0,20.258792421642408,False,ddpg
2024-01-08,1117239.3599139275,0.929981005750387,9299.81005750387,0.0,0.0,0,17.544396568746677,False,ddpg
2024-01-09,1116118.2541534551,-0.11211057604723611,-1121.105760472361,0.0,0.0,0,64.45684945757168,False,ddpg
2024-01-10,1121529.9755784343,0.5411721424979158,5411.721424979158,0.0,0.0,0,17.746096975204768,False,ddpg
2024-01-11,1126346.2602055492,0.48162846271148885,4816.284627114888,0.0,0.0,0,23.08357078340254,False,ddpg
2024-01-12,1116972.8875252067,-0.9373372680342524,-9373.372680342523,0.0,0.0,0,25.06487809218838,False,ddpg
2024-01-16,1108409.777762078,-0.8563109763128683,-8563.109763128683,0.0,0.0,0,41.51204583555025,False,ddpg
2024-01-17,1111368.0068610893,0.29582290990112814,2958.229099011281,0.0,0.0,0,62.82396929734922,False,ddpg
2024-01-18,1110773.3484312547,-0.05946584298345261,-594.658429834526,0.0,0.0,0,14.763297927955936,False,ddpg
2024-01-19,1105845.5568459765,-0.49277915852782317,-4927.791585278232,0.0,0.0,0,28.16969340802314,False,ddpg
2024-01-22,1112198.224814959,0.6352667968982598,6352.667968982598,0.0,0.0,0,77.41309415749538,False,ddpg
2024-01-23,1115969.1928209048,0.37709680059456735,3770.968005945673,0.0,0.0,0,19.319717879653155,False,ddpg
2024-01-24,1111392.6358298375,-0.45765569910672493,-4576.556991067249,0.0,0.0,0,166.486950653183,False,ddpg
2024-01-25,1100935.561299661,-1.0457074530176587,-10457.074530176586,0.0,0.0,0,20.594719431109894,False,ddpg
2024-01-26,1111395.8488259264,1.0460287526265486,10460.287526265485,0.0,0.0,0,183.40212933892315,False,ddpg
2024-01-29,1120957.718042425,0.9561869216498686,9561.869216498686,0.0,0.0,0,89.31401661281859,False,ddpg
2024-01-30,1120412.6672338413,-0.054505080858385194,-545.0508085838519,0.0,0.0,0,18.36650112697265,False,ddpg
2024-01-31,1113181.2368845732,-0.723143034926802,-7231.430349268019,0.0,0.0,0,18.88238786739136,False,ddpg
2024-02-01,1118048.7273275945,0.48674904430212923,4867.490443021292,0.0,0.0,0,38.95601512267056,False,ddpg
2024-02-02,1123214.702353202,0.5165975025607507,5165.975025607507,0.0,0.0,0,82.9392203084131,False,ddpg
2024-02-05,1109156.2865662389,-1.405841578696319,-14058.415786963189,0.0,0.0,0,51.54812171938917,False,ddpg
2024-02-06,1120349.6932783974,1.1193406712158585,11193.406712158583,0.0,0.0,0,61.05227425241932,False,ddpg
2024-02-07,1131073.7144076065,1.0724021129209083,10724.021129209083,0.0,0.0,0,24.252855506608665,False,ddpg
2024-02-08,1131795.5592390462,0.07218448314396665,721.8448314396665,0.0,0.0,0,50.34558026350061,False,ddpg
2024-02-09,1135123.564647813,0.33280054087669125,3328.0054087669123,0.0,0.0,0,112.76770183786557,False,ddpg
2024-02-12,1136099.8140796742,0.0976249431861099,976.249431861099,0.0,0.0,0,16.640032347910388,False,ddpg
2024-02-13,1122887.8416578379,-1.3211972421836342,-13211.97242183634,0.0,0.0,0,14.672717264344751,False,ddpg
2024-02-14,1128938.3032391332,0.6050461581295357,6050.461581295356,0.0,0.0,0,22.438633862173578,False,ddpg
2024-02-15,1131862.8601192746,0.29245568801413757,2924.5568801413756,0.0,0.0,0,11.209464000501058,False,ddpg
2024-02-16,1124125.3506032648,-0.7737509516009828,-7737.509516009828,0.0,0.0,0,25.87072585534257,False,ddpg
2024-02-20,1124340.4058889407,0.02150552856759168,215.0552856759168,0.0,0.0,0,12.582393299457834,False,ddpg
2024-02-21,1129136.5500958979,0.47961442069571936,4796.144206957193,0.0,0.0,0,46.01644395345684,False,ddpg
2024-02-22,1142750.1436248287,1.3613593528930796,13613.593528930796,0.0,0.0,0,24.412835449876546,False,ddpg
2024-02-23,1145675.2342622834,0.2925090637454763,2925.090637454763,0.0,0.0,0,59.83220754251535,False,ddpg
2024-02-26,1139883.4479130225,-0.5791786349260947,-5791.786349260947,0.0,0.0,0,7.371390003327809,False,ddpg
2024-02-27,1132175.5125495435,-0.7707935363478959,-7707.935363478959,0.0,0.0,0,19.575269973592846,False,ddpg
2024-02-28,1120440.4328372432,-1.173507971230033,-11735.079712300329,0.0,0.0,0,22.82128798718834,False,ddpg
2024-02-29,1120612.9035803953,0.01724707431520801,172.4707431520801,0.0,0.0,0,21.645413638597766,False,ddpg
2024-03-01,1119300.0546731488,-0.13128489072464872,-1312.8489072464872,0.0,0.0,0,29.955807786946387,False,ddpg
2024-03-04,1109217.916532681,-1.0082138140467694,-10082.138140467692,0.0,0.0,0,18.76406530293707,False,ddpg
2024-03-05,1090079.5382514186,-1.9138378281262471,-19138.37828126247,0.0,0.0,0,42.00394520162916,False,ddpg
2024-03-06,1089781.5116153029,-0.0298026636115741,-298.026636115741,0.0,0.0,0,37.29618329421079,False,ddpg
2024-03-07,1103036.4034602053,1.3254891844902421,13254.89184490242,0.0,0.0,0,17.328917657880577,False,ddpg
2024-03-08,1100937.433472854,-0.20989699873512146,-2098.9699873512145,0.0,0.0,0,30.522980103711546,False,ddpg
2024-03-11,1112947.0948719215,1.200966139906738,12009.66139906738,0.0,0.0,0,23.03814183382527,False,ddpg
2024-03-12,1120892.141375614,0.7945046503692633,7945.0465036926325,0.0,0.0,0,32.47566379574073,False,ddpg
2024-03-13,1118401.635191887,-0.24905061837271789,-2490.5061837271787,0.0,0.0,0,41.846142502831064,False,ddpg
2024-03-14,1121040.4032667156,0.26387680748286657,2638.7680748286657,0.0,0.0,0,77.17964880117962,False,ddpg
2024-03-15,1114390.2885787282,-0.6650114687987371,-6650.11468798737,0.0,0.0,0,24.607835949138284,False,ddpg
2024-03-18,1111048.9093825598,-0.3341379196168389,-3341.379196168389,0.0,0.0,0,23.59601335109103,False,ddpg
2024-03-19,1121183.7028010397,1.013479341847985,10134.79341847985,0.0,0.0,0,13.279860962912222,False,ddpg
2024-03-20,1127727.4627602813,0.6543759959241608,6543.759959241608,0.0,0.0,0,11.471727256741513,False,ddpg
2024-03-21,1132914.8324539547,0.5187369693673449,5187.369693673449,0.0,0.0,0,17.563830526189722,False,ddpg
2024-03-22,1118223.6161770087,-1.4691216276946013,-14691.216276946012,0.0,0.0,0,56.543228622738106,False,ddpg
2024-03-25,1111406.5325605068,-0.6817083616501884,-6817.0836165018845,0.0,0.0,0,39.29840603566153,False,ddpg
2024-03-26,1114310.8096828058,0.29042771222989544,2904.277122298954,0.0,0.0,0,30.041986611728774,False,ddpg
2024-03-27,1121880.235592947,0.756942591014132,7569.425910141319,0.0,0.0,0,12.709047511125352,False,ddpg
2024-03-28,1122261.358596814,0.03811230038669892,381.12300386698917,0.0,0.0,0,43.71913469161537,False,ddpg
2024-04-01,1114197.0081080608,-0.8064350488753291,-8064.350488753291,0.0,0.0,0,7.814802762748226,False,ddpg
2024-04-02,1081950.579582105,-3.224642852595588,-32246.42852595588,0.0,0.0,0,61.451994780565144,False,ddpg
2024-04-03,1079679.8504066432,-0.2270729175461689,-2270.729175461689,0.0,0.0,0,42.72744405887717,False,ddpg
2024-04-04,1067881.778268201,-1.1798072138442193,-11798.072138442192,0.0,0.0,0,49.84887556263234,False,ddpg
2024-04-08,1075717.2509397427,0.12233937946537045,1223.3937946537044,0.0,2.760998013517028,3,14.109126484958153,False,ppo
2024-04-09,1082373.5357857347,0.6656284845991992,6656.2848459919915,0.0,4.397270575737128,6,10.777614070533964,False,ppo
2024-04-10,1062078.389892179,-2.02951458935556,-20295.1458935556,0.0,5.734773245361673,8,31.20888921164996,False,ppo
2024-04-11,1063498.5017391918,0.14201118470127694,1420.1118470127692,0.0,15.099275432118823,11,40.90395793575211,False,ppo
2024-04-12,1055702.6095022324,-0.7795892236959422,-7795.892236959421,0.0,20.321463644625936,14,40.12874520611408,False,ppo
2024-04-15,1054474.7993740013,-0.12278101282310673,-1227.8101282310672,0.0,26.115330348099146,17,96.9680217257442,False,ppo
2024-04-16,1069368.120845859,1.4893321471857606,14893.321471857606,0.0,39.54663352504107,21,53.69189406231833,False,ppo
2024-04-17,1077943.5506390997,0.8575429793240735,8575.429793240735,0.0,43.31250651401658,23,48.61583092059186,False,ppo
2024-04-18,1085140.2541250368,0.719670348593709,7196.70348593709,0.0,50.760672223948596,25,91.65662040166869,False,ppo
2024-04-19,1088650.8476909192,0.35105935658824167,3510.5935658824164,0.0,58.19513945650733,27,23.082423269001538,False,ppo
2024-04-22,1084509.0195865843,-0.41418281043348837,-4141.828104334883,0.0,71.76507327980244,31,79.93760642918329,False,ppo
2024-04-23,1083656.860448148,-0.08521591384361964,-852.1591384361964,0.0,71.95404570435673,34,42.60936741989538,False,ppo
2024-04-24,1086431.0444799503,0.277418403180223,2774.1840318022296,0.0,71.95404570435673,34,32.341927767176564,False,ppo
2024-04-25,1082308.8364787325,-0.41222080012178053,-4122.208001217805,0.0,74.03826952334116,36,29.80059761600538,False,ppo
2024-04-26,1088715.257192277,0.6406420713544357,6406.420713544357,0.0,84.5724171337685,38,130.86269414025193,False,ppo
2024-04-29,1083358.4868975957,-0.5356770294681191,-5356.770294681191,0.0,87.80933139375456,40,20.130129715963243,False,ppo
2024-04-30,1063117.0483763362,-2.0241438521259467,-20241.438521259468,0.0,94.67437633680194,43,26.95743169622615,False,ppo
2024-05-01,1068101.3043348908,0.4984255958554568,4984.255958554568,0.0,101.18629140113225,45,62.832997811150996,False,ppo
2024-05-02,1080496.107872204,1.2394803537313128,12394.803537313128,0.0,104.16037056410494,47,55.56694898625766,False,ppo
2024-05-03,1094819.0493710372,1.4322941498833244,14322.941498833243,0.0,104.80498492474304,49,29.593440348847587,False,ppo
2024-05-06,1101399.8991267448,0.6580849755707663,6580.849755707663,0.0,104.80498492474304,49,166.94864438408504,False,ppo
2024-05-07,1106391.6361820046,0.4991737055259757,4991.737055259757,0.0,104.80498492474304,49,26.90681457901295,False,ppo
2024-05-08,1110528.5298022232,0.41368936202186163,4136.893620218616,0.0,107.89158192527886,51,58.19450628185984,False,ppo
2024-05-09,1117404.3657745132,0.6875835972290021,6875.83597229002,0.0,113.42561786253924,53,16.052427754708617,False,ppo
2024-05-10,1119113.564773388,0.1709198998874752,1709.1989988747519,0.0,122.77811823012374,55,17.342163348187782,False,ppo
2024-05-13,1118859.0180288362,-0.025454674455174246,-254.54674455174245,0.0,122.77811823012374,55,29.397814745212198,False,ppo
2024-05-14,1122476.779558239,0.36177615294028076,3617.7615294028074,0.0,125.05145820385849,57,23.947676119522818,False,ppo
2024-05-15,1130812.3678081864,0.8335588249947411,8335.58824994741,0.0,127.81070233433552,60,12.562927168648113,False,ppo
2024-05-16,1132411.1759221812,0.15988081139947755,1598.8081139947753,0.0,127.81070233433552,60,36.55578641823665,False,ppo
2024-05-17,1134747.78106376,0.23366051415787079,2336.605141578708,0.0,131.05493806273847,62,124.41019879429648,False,ppo
2024-05-20,1129480.053491495,-0.5267727572264849,-5267.727572264848,0.0,131.39420119196794,64,8.739206059371924,False,ppo
2024-05-21,1138260.167912575,0.8780114421079867,8780.114421079867,0.0,141.19532292374004,66,55.78455606966713,False,ppo
2024-05-22,1134619.775285514,-0.36403926270608794,-3640.392627060879,0.0,152.25749646447807,68,33.6571321813984,False,ppo
2024-05-23,1122402.031839998,-1.2217743445516098,-12217.743445516098,0.0,152.32119008268313,70,16.409832759638583,False,ppo
2024-05-24,1118154.340782899,-0.42476910570990295,-4247.691057099029,0.0,152.32119008268313,70,47.25461510025036,False,ppo
2024-05-28,1112024.4671322196,-0.6129873650679365,-6129.873650679365,0.0,152.32119008268313,70,23.74409063355145,False,ppo
2024-05-29,1093239.9894110663,-1.8784477721153294,-18784.477721153293,0.0,152.32119008268313,70,29.668300754837915,False,ppo
2024-05-30,1089948.5547742257,-0.3291434636840597,-3291.4346368405972,0.0,154.8229143863746,72,21.482149459362958,False,ppo
2024-05-31,1107240.1076585301,1.729155288430443,17291.55288430443,0.0,156.00705248978088,74,251.80201311799465,False,ppo
2024-06-03,1106250.121466877,-0.09899861916531809,-989.9861916531809,0.0,160.27185360652496,76,40.6639416910651,False,ppo
2024-06-04,1115909.3525298717,0.9659231062994804,9659.231062994804,0.0,169.6690009972822,80,39.14761371307084,False,ppo
2024-06-05,1117334.0474251807,0.14246948953089306,1424.6948953089304,0.0,179.12869100612548,84,26.487402423269607,False,ppo
2024-06-06,1117913.2518309443,0.05792044057636522,579.2044057636522,0.0,188.4303291330827,89,35.98556038089853,False,ppo
2024-06-07,1107023.2860447231,-1.0889965786221205,-10889.965786221204,0.0,188.4303291330827,89,17.991874188045003,False,ppo
2024-06-10,1111823.224138877,0.4799938094153768,4799.938094153767,0.0,188.4303291330827,89,44.200713257302326,False,ppo
2024-06-11,1114554.2590580378,0.2731034919160884,2731.034919160884,0.0,188.4303291330827,89,24.798970608472775,False,ppo
2024-06-12,1112353.8101925766,-0.22004488654611634,-2200.448865461163,0.0,188.4303291330827,89,68.46144493393396,False,ppo
2024-06-13,1116217.674057084,0.38638638645072937,3863.8638645072933,0.0,188.66404781492298,91,38.03487608871248,False,ppo
2024-06-14,1114070.2596620154,-0.21474143950685395,-2147.4143950685393,0.0,188.89783078698704,93,17.02455847374752,False,ppo
2024-06-17,1120130.5148506789,0.606025518866349,6060.25518866349,0.0,188.89783078698704,93,7.693707685838344,False,ppo
2024-06-18,1112122.7747030396,-0.80077401476393,-8007.740147639299,0.0,188.89783078698704,93,15.737853974470731,False,ppo
2024-06-20,1118945.5918551795,0.6822817152139964,6822.817152139964,0.0,188.89783078698704,93,16.81018650345626,False,ppo
2024-06-21,1122558.613655371,0.36130218001913744,3613.021800191374,0.0,188.89783078698704,93,31.571631501361225,False,ppo
2024-06-24,1130419.2248876547,0.7860611232283758,7860.611232283758,0.0,190.229389271571,95,30.043716856422268,False,ppo
2024-06-25,1120318.321691945,-1.010090319570969,-10100.903195709689,0.0,193.80626005675796,97,45.73779614140045,False,ppo
2024-06-26,1117847.957658821,-0.2470364033123944,-2470.364033123944,0.0,194.17020433289775,99,31.085943476366566,False,ppo
2024-06-27,1120168.5617276174,0.23206040687963833,2320.604068796383,0.0,194.53340963649745,101,25.971494805598976,False,ppo
2024-06-28,1096795.3052560373,-2.337325647158013,-23373.256471580127,0.0,196.34256323860026,103,49.2620189645376,False,ppo
2024-07-01,1093039.82555677,-0.37554796992673073,-3755.4796992673073,0.0,196.34256323860026,103,289.4047818873523,False,ppo
2024-07-02,1095679.842492274,0.26400169355040415,2640.016935504041,0.0,196.34256323860026,103,75.86377022824148,False,ppo
2024-07-03,1088817.0946047548,-0.6862747887519188,-6862.747887519188,0.0,196.34256323860026,103,26.30911168991199,False,ppo
2024-07-05,1091240.2961801388,0.24232015753840097,2423.2015753840096,0.0,196.34256323860026,103,17.765478141243435,False,ppo
2024-07-09,1085913.9079874733,-0.19598117666593753,-1959.8117666593753,0.0,59.04457691860981,9,27.112200499728296,False,ppo
2024-07-10,1101152.4535047717,1.5238545517298394,15238.545517298393,0.0,118.75132205419143,13,21.166618915252208,False,ppo
2024-07-11,1100647.5642506774,-0.050488925409433436,-504.8892540943343,0.0,161.88897177203413,16,29.09371175595772,False,ppo
2024-07-12,1106990.9459724007,0.6343381721723359,6343.381721723359,0.0,207.12450277422954,19,36.40086342508282,False,ppo
2024-07-15,1107432.9248626332,0.044197889023250905,441.97889023250906,0.0,250.88171733882615,24,31.603334749497485,False,ppo
2024-07-16,1136551.2307265622,2.9118305863928984,29118.30586392898,0.0,265.6849512663345,30,28.979724385526076,False,ppo
2024-07-17,1154733.3315083424,1.8182100781780204,18182.100781780202,0.0,282.2615606542091,32,56.50948384369781,False,ppo
2024-07-18,1142990.4408795545,-1.1742890628787923,-11742.890628787922,0.0,295.6542227707424,34,38.59961489690985,False,ppo
2024-07-19,1138832.5784804544,-0.41578623991000935,-4157.862399100093,0.0,311.6167080502443,37,35.10203354433213,False,ppo
2024-07-22,1142851.4140826748,0.4018835602220381,4018.8356022203807,0.0,327.0457299872848,39,74.29025809902205,False,ppo
2024-07-23,1137695.8111012224,-0.5155602981452365,-5155.6029814523645,0.0,342.494071278761,43,48.250278867518105,False,ppo
2024-07-24,1122566.1055910552,-1.5129705510167173,-15129.705510167172,0.0,357.28666592765063,45,100.83696692029818,False,ppo
2024-07-25,1115569.617115988,-0.6996488475067308,-6996.488475067308,0.0,373.47901333990586,47,61.88074119841397,False,ppo
2024-07-26,1133368.402295485,1.7798785179496976,17798.785179496976,0.0,376.13183135001424,49,107.3402513928965,False,ppo
2024-07-29,1133394.891235559,0.002648894007410854,26.48894007410854,0.0,378.9872100161135,52,269.2546495674431,False,ppo
2024-07-30,1141633.1314245625,0.8238240189003526,8238.240189003525,0.0,378.9872100161135,52,43.32057120556378,False,ppo
2024-07-31,1138619.4071091025,-0.3013724315460073,-3013.724315460073,0.0,378.9872100161135,52,203.59235142627023,False,ppo
2024-08-01,1131031.6825118416,-0.7587724597260822,-7587.724597260822,0.0,380.480728116524,54,58.32743731104978,False,ppo
2024-08-02,1135387.3529174938,0.4355670405652141,4355.670405652141,0.0,380.480728116524,54,71.1166409052552,False,ppo
2024-08-05,1099166.2041867948,-3.6221148730698975,-36221.14873069897,0.0,383.59620698398646,57,109.48126734293382,False,ppo
2024-08-06,1103790.2737374017,0.4624069550606888,4624.069550606888,0.0,383.6270740813364,59,55.33919406621539,False,ppo
2024-08-07,1100506.2329332586,-0.3284040804143064,-3284.0408041430637,0.0,386.62941266858024,61,32.29052887604965,False,ppo
2024-08-08,1110092.1447940217,0.9585911860763096,9585.911860763095,0.0,388.469116309093,63,56.64674570276469,False,ppo
2024-08-09,1108242.2687137811,-0.18498760802405886,-1849.8760802405886,0.0,388.469116309093,63,19.88634689113228,False,ppo
2024-08-12,1113880.8168010954,0.5638548087314237,5638.548087314237,0.0,388.469116309093,63,11.525508266306316,False,ppo
2024-08-13,1134293.992934274,2.0413176133178643,20413.176133178644,0.0,388.469116309093,63,27.241765066327574,False,ppo
2024-08-14,1141624.020147679,0.7330027213404887,7330.027213404886,0.0,388.469116309093,63,23.91533491516006,False,ppo
2024-08-15,1156749.5529618985,1.5125532814219596,15125.532814219594,0.0,388.469116309093,63,8.339510362946495,False,ppo
2024-08-16,1155283.276829057,-0.14662761328415946,-1466.2761328415945,0.0,388.469116309093,63,86.25585919615486,False,ppo
2024-08-19,1159369.5161714603,0.40862393424033655,4086.2393424033653,0.0,388.469116309093,63,11.902098236052572,False,ppo
2024-08-20,1163945.8028300335,0.45762866585731976,4576.286658573197,0.0,388.469116309093,63,23.66637293885694,False,ppo
2024-08-21,1162506.7215551613,-0.143908127487218,-1439.08127487218,0.0,388.469116309093,63,17.967495962534166,False,ppo
2024-08-22,1155018.7011483836,-0.7488020406777738,-7488.020406777738,0.0,388.469116309093,63,15.767614298489464,False,ppo
2024-08-23,1163701.709221082,0.8683008072698489,8683.008072698489,0.0,388.469116309093,63,10.699257458898572,False,ppo
2024-08-26,1164458.8782829174,0.07571690618353896,757.1690618353896,0.0,388.469116309093,63,18.84433346360573,False,ppo
2024-08-27,1167211.8950428031,0.2753016759885708,2753.016759885708,0.0,388.469116309093,63,11.220256717759266,False,ppo
2024-08-28,1160015.0217680258,-0.7196873274777318,-7196.873274777317,0.0,388.469116309093,63,12.974892386257059,False,ppo
2024-08-29,1167272.8542970673,0.725783252904145,7257.83252904145,0.0,388.469116309093,63,11.151239828429055,False,ppo
2024-08-30,1170882.2277977478,0.3609373500680551,3609.373500680551,0.0,388.469116309093,63,24.57460551102332,False,ppo
2024-09-03,1165937.9093758957,-0.4944318421852077,-4944.318421852076,0.0,388.469116309093,63,21.530582469042567,False,ppo
2024-09-04,1168360.2103660097,0.24223009901139886,2422.3009901139885,0.0,388.469116309093,63,58.32591887707034,False,ppo
2024-09-05,1159138.9847036905,-0.9221225662319222,-9221.225662319222,0.0,388.469116309093,63,26.436209489646767,False,ppo
2024-09-06,1151994.3032231657,-0.7144681480524829,-7144.681480524829,0.0,388.469116309093,63,24.72494631685621,False,ppo
2024-09-09,1154211.5721396753,0.221726891650958,2217.26891650958,0.0,388.469116309093,63,24.177208767600035,False,ppo
2024-09-10,1161199.9637248493,0.6988391585174017,6988.391585174018,0.0,388.64437034552043,65,32.60574868329152,False,ppo
2024-09-11,1162214.862167705,0.10148984428558033,1014.8984428558033,0.0,388.64437034552043,65,64.96920724697999,False,ppo
2024-09-12,1165346.021723179,0.3131159555473831,3131.1595554738306,0.0,388.64437034552043,65,43.59296639897281,False,ppo
2024-09-13,1175627.011455795,1.0280989732616115,10280.989732616114,0.0,388.64437034552043,65,6.123894069860578,False,ppo
2024-09-16,1177346.2986036674,0.17192871478723828,1719.2871478723828,0.0,388.64437034552043,65,20.09840429063749,False,ppo
2024-09-17,1174947.623425558,-0.23986751781094354,-2398.6751781094354,0.0,388.64437034552043,65,24.533457278323947,False,ppo
2024-09-18,1172751.6602423233,-0.21959631832346788,-2195.9631832346786,0.0,388.64437034552043,65,23.329514257988407,False,ppo
2024-09-19,1177704.475228192,0.4952814985868754,4952.814985868754,0.0,388.64437034552043,65,14.570670614917141,False,ppo
2024-09-20,1184734.1474605128,0.7029672232320765,7029.672232320765,0.0,388.64437034552043,65,56.02775590031918,False,ppo
2024-09-23,1182043.0040196124,-0.26911434409003704,-2691.1434409003705,0.0,388.64437034552043,65,26.763941952914664,False,ppo
2024-09-24,1180745.2685964676,-0.12977354231448845,-1297.7354231448844,0.0,388.64437034552043,65,16.736622461222332,False,ppo
2024-09-25,1182889.485080639,0.21442164841713385,2144.2164841713384,0.0,388.64437034552043,65,92.86466144116775,False,ppo
2024-09-26,1184878.4268436278,0.19889417629889214,1988.9417629889213,0.0,388.64437034552043,65,33.45537636401734,False,ppo
2024-09-27,1189287.3866517567,0.4408959808128886,4408.959808128886,0.0,388.64437034552043,65,27.764702567915513,False,ppo
2024-09-30,1191715.2604970483,0.2427873845291557,2427.873845291557,0.0,388.64437034552043,65,16.149101607954886,False,ppo
2024-10-01,1184923.2441540707,-0.6792016342977528,-6792.0163429775275,0.0,388.64437034552043,65,15.885637277981758,False,ppo
2024-10-02,1175934.8574963603,-0.898838665771042,-8988.38665771042,0.0,388.64437034552043,65,29.38156172674601,False,ppo
2024-10-03,1172984.589637156,-0.2950267859204207,-2950.2678592042066,0.0,388.64437034552043,65,26.29499833300518,False,ppo
2024-10-07,1157023.7609163444,-1.5837740073635942,-15837.740073635941,0.0,121.25769768564014,6,21.136186167227955,False,ddpg
2024-10-08,1159712.7642465613,0.2689003330216976,2689.003330216976,0.0,172.07775860572562,9,36.90072501377408,False,ddpg
2024-10-09,1175650.1359827525,1.5937371736191215,15937.371736191215,0.0,190.20301587276043,11,27.297480124382528,False,ddpg
2024-10-10,1178876.1558434041,0.3226019860651577,3226.019860651577,0.0,190.20301587276043,11,33.68207666136477,False,ddpg
2024-10-11,1181092.6623136508,0.22165064702467063,2216.506470246706,0.0,190.20301587276043,11,11.501849404439024,False,ddpg
2024-10-14,1189236.608297029,0.8143945983378217,8143.945983378217,0.0,190.20301587276043,11,24.594128763422777,False,ddpg
2024-10-15,1148715.8447920352,-4.052076350499387,-40520.76350499387,0.0,190.20301587276043,11,20.29168000796408,False,ddpg
2024-10-16,1164189.5343071236,1.5473689515088453,15473.689515088452,0.0,190.20301587276043,11,79.39395202523588,False,ddpg
2024-10-17,1159476.7642039675,-0.47127701031561015,-4712.770103156101,0.0,190.20301587276043,11,45.79271506899515,False,ddpg
2024-10-18,1162338.1415676684,0.28613773637008855,2861.3773637008853,0.0,190.20301587276043,11,66.23865231822454,False,ddpg
2024-10-21,1159416.258527887,-0.29218830397813583,-2921.883039781358,0.0,190.20301587276043,11,18.53011037280465,False,ddpg
2024-10-22,1164245.7407437863,0.48294822158992756,4829.482215899276,0.0,190.20301587276043,11,25.49953514970866,False,ddpg
2024-10-23,1154974.1927193336,-0.9271548024452757,-9271.548024452757,0.0,190.20301587276043,11,67.9861341064208,False,ddpg
2024-10-24,1147412.3145501772,-0.7561878169156379,-7561.878169156378,0.0,190.20301587276043,11,89.78473936771763,False,ddpg
2024-10-25,1151509.8698592251,0.4097555309047923,4097.5553090479225,0.0,190.20301587276043,11,94.83404988326545,False,ddpg
2024-10-28,1151721.616298242,0.02117464390168898,211.74643901688978,0.0,190.20301587276043,11,25.495083415257525,False,ddpg
2024-10-29,1151634.764194598,-0.008685210364405066,-86.85210364405066,0.0,190.20301587276043,11,27.632920974427734,False,ddpg
2024-10-30,1149128.4879655181,-0.2506276229079813,-2506.2762290798128,0.0,190.20301587276043,11,20.435575907109005,False,ddpg
2024-10-31,1129289.5239268816,-1.9838964038636537,-19838.964038636535,0.0,190.20301587276043,11,35.91587390436824,False,ddpg
2024-11-01,1138161.7385874784,0.8872214660596801,8872.214660596801,0.0,190.20301587276043,11,80.1765193424041,False,ddpg
2024-11-04,1126182.567825513,-1.197917076196545,-11979.17076196545,0.0,190.20301587276043,11,44.899906321890164,False,ddpg
2024-11-05,1139472.6343759415,1.3290066550428514,13290.066550428513,0.0,190.20301587276043,11,40.084975082859856,False,ddpg
2024-11-06,1169689.8122176356,3.0217177841694096,30217.177841694094,0.0,190.20301587276043,11,18.77592428587202,False,ddpg
2024-11-07,1182041.1562535954,1.2351344035959804,12351.344035959803,0.0,190.20301587276043,11,281.7223773569988,False,ddpg
2024-11-08,1188501.2762049837,0.6460119951388333,6460.119951388333,0.0,190.20301587276043,11,37.195566782236526,False,ddpg
2024-11-11,1195598.7874763755,0.7097511271391763,7097.511271391762,0.0,190.20301587276043,11,43.22532446822175,False,ddpg
2024-11-12,1189934.9151185425,-0.5663872357832966,-5663.872357832966,0.0,190.20301587276043,11,41.33672818164978,False,ddpg
2024-11-13,1184207.068837774,-0.5727846280768514,-5727.846280768514,0.0,190.20301587276043,11,67.51364830618634,False,ddpg
2024-11-14,1172116.622577236,-1.2090446260537953,-12090.446260537952,0.0,190.20301587276043,11,32.3482885961526,False,ddpg
2024-11-15,1163353.8909052545,-0.8762731671981514,-8762.731671981514,0.0,190.20301587276043,11,46.49293548879699,False,ddpg
2024-11-18,1157864.2469673087,-0.5489643937945832,-5489.643937945832,0.0,190.20301587276043,11,81.63534025930261,False,ddpg
2024-11-19,1145684.1384736956,-1.218010849361308,-12180.10849361308,0.0,190.20301587276043,11,19.246080450398278,False,ddpg
2024-11-20,1162923.8216200452,1.723968314634962,17239.68314634962,0.0,190.20301587276043,11,26.152565806326702,False,ddpg
2024-11-21,1164620.0785349319,0.1696256914886646,1696.256914886646,0.0,190.20301587276043,11,30.648702326531,False,ddpg
2024-11-22,1168557.7408507364,0.39376623158045115,3937.6623158045113,0.0,190.20301587276043,11,38.14306032859644,False,ddpg
2024-11-25,1188629.868713619,2.0072127862882567,20072.127862882568,0.0,190.20301587276043,11,41.881005048229014,False,ddpg
2024-11-26,1193500.186686979,0.4870317973359954,4870.317973359954,0.0,190.20301587276043,11,38.6705678070598,False,ddpg
2024-11-27,1192198.2255766662,-0.13019611103127246,-1301.9611103127245,0.0,190.20301587276043,11,38.87722792081448,False,ddpg
2024-11-29,1195605.8474056763,0.34076218290100807,3407.6218290100805,0.0,190.20301587276043,11,13.422248432553305,False,ddpg
2024-12-02,1201228.605732723,0.5622758327046642,5622.758327046642,0.0,190.20301587276043,11,6.2427292854642005,False,ddpg
2024-12-03,1196830.367560807,-0.43982381719159896,-4398.238171915989,0.0,190.20301587276043,11,15.403765716159093,False,ddpg
2024-12-04,1205277.738122957,0.8447370562150144,8447.370562150143,0.0,190.20301587276043,11,27.423011887482552,False,ddpg
2024-12-05,1181081.357189776,-2.419638093318115,-24196.38093318115,0.0,190.20301587276043,11,57.50243306540289,False,ddpg
2024-12-06,1157460.5869019274,-2.3620770287848543,-23620.77028784854,0.0,190.20301587276043,11,39.095580493190646,False,ddpg
2024-12-09,1166869.5892058376,0.9409002303910209,9409.002303910209,0.0,190.20301587276043,11,38.39032018727059,False,ddpg
2024-12-10,1167164.0344370715,0.02944452312339563,294.4452312339563,0.0,190.20301587276043,11,52.950113487538616,False,ddpg
2024-12-11,1147964.3973539432,-1.919963708312833,-19199.637083128328,0.0,190.20301587276043,11,39.38183720043356,False,ddpg
2024-12-12,1130185.7098613593,-1.777868749258388,-17778.68749258388,0.0,190.20301587276043,11,26.02238766677363,False,ddpg
2024-12-13,1131006.8267390407,0.0821116877681343,821.1168776813429,0.0,190.20301587276043,11,33.99742065677644,False,ddpg
2024-12-16,1115480.3856696477,-1.5526441069392953,-15526.441069392953,0.0,190.20301587276043,11,14.063638127608666,False,ddpg
2024-12-17,1108535.6483487568,-0.6944737320890884,-6944.737320890883,0.0,190.20301587276043,11,47.816704932631325,False,ddpg
2024-12-18,1100482.9372804821,-0.8052711068274686,-8052.711068274686,0.0,190.20301587276043,11,25.12844128079849,False,ddpg
2024-12-19,1091202.2693680525,-0.9280667912429664,-9280.667912429664,0.0,190.20301587276043,11,39.55924343382152,False,ddpg
2024-12-20,1101278.8803252133,1.0076610957160825,10076.610957160825,0.0,190.20301587276043,11,27.955642023618218,False,ddpg
2024-12-23,1105332.1802313742,0.40532999061609154,4053.2999061609153,0.0,190.20301587276043,11,14.9911709959256,False,ddpg
2024-12-24,1109657.7221067892,0.4325541875415016,4325.541875415016,0.0,190.20301587276043,11,12.752392329872382,False,ddpg
2024-12-26,1113518.285115427,0.3860563008637866,3860.563008637866,0.0,190.20301587276043,11,9.213049151972104,False,ddpg
2024-12-27,1104120.2347800978,-0.9398050335329259,-9398.050335329259,0.0,190.20301587276043,11,5.761818480429648,False,ddpg
2024-12-30,1091987.480352301,-1.2132754427796928,-12132.754427796928,0.0,190.20301587276043,11,4.992948809014578,False,ddpg
2024-12-31,1090108.3184336568,-0.1879161918644095,-1879.1619186440948,0.0,190.20301587276043,11,8.183240497334095,False,ddpg
2025-01-02,1081678.131487515,-0.8430186946141767,-8430.186946141766,0.0,190.20301587276043,11,5.3770273493786895,False,ddpg
2025-01-03,1093296.2404276321,1.1618108940117062,11618.108940117061,0.0,190.20301587276043,11,19.26171297586661,False,ddpg
2025-01-07,1090500.9338848174,-0.3645903316703858,-3645.903316703858,0.0,66.35625772736584,5,24.121602661968772,False,a2c
2025-01-08,1098925.9139061337,0.8424980021316326,8424.980021316325,0.0,129.75193539500228,10,24.263409562709455,False,a2c
2025-01-10,1087274.9257972282,-1.1650988108905498,-11650.988108905498,0.0,192.9817752723368,16,30.95714447113817,False,a2c
2025-01-13,1106949.905720161,1.9674979922932807,19674.979922932805,0.0,335.714973457337,27,51.41893477739923,False,a2c
2025-01-14,1109180.125048499,0.22302193283380475,2230.2193283380475,0.0,481.32451083457426,35,36.71768872390135,False,a2c
2025-01-15,1125130.8953770758,1.5950770328576678,15950.770328576677,0.0,576.712471546396,40,15.608974988977398,False,a2c
2025-01-16,1106975.5411656862,-1.8155354211389554,-18155.354211389553,0.0,660.1010105769552,45,42.98846224177366,False,a2c
2025-01-17,1110640.98351508,0.3665442349393852,3665.442349393852,0.0,760.6242316333594,52,51.376573739607835,False,a2c
2025-01-21,1130084.4962925683,1.9443512777488214,19443.512777488213,0.0,913.6251897024154,59,21.664961185245026,False,a2c
2025-01-22,1132210.06181604,0.21255655234716833,2125.5655234716833,0.0,1069.5473863075313,66,48.00602471182971,False,a2c
2025-01-23,1143468.391628156,1.125832981211599,11258.32981211599,0.0,1241.2314697120794,74,58.56534289988798,False,a2c
2025-01-24,1138008.9925336398,-0.5459399094516179,-5459.399094516179,0.0,1404.6600303283085,83,19.35101940540648,False,a2c
2025-01-27,1148300.8444043444,1.0291851870704676,10291.851870704675,0.0,1562.9685046840675,90,14.915291065981416,False,a2c
2025-01-28,1145744.0412383117,-0.2556803166032769,-2556.803166032769,0.0,1700.9560618073392,96,163.37033931269616,False,a2c
2025-01-29,1146059.5234528752,0.031548221456352624,315.4822145635262,0.0,1823.1273409463445,105,46.20305850953256,False,a2c
2025-01-30,1159154.969957178,1.309544650430279,13095.44650430279,0.0,1850.5792132012434,109,15.803611081570512,False,a2c
2025-01-31,1148216.172539952,-1.0938797417226016,-10938.797417226015,0.0,1877.2787743717204,113,287.0495163888387,False,a2c
2025-02-03,1145847.6805556896,-0.23684919842623642,-2368.491984262364,0.0,1920.0036729086326,117,37.95671274995363,False,a2c
2025-02-04,1142304.4991693594,-0.35431813863301653,-3543.181386330165,0.0,1936.0226461086556,120,29.454603678434204,False,a2c
2025-02-05,1152920.773802009,1.0616274632649496,10616.274632649496,0.0,1947.6389370474951,124,97.91294144847197,False,a2c
2025-02-06,1148009.567445303,-0.4911206356705865,-4911.206356705865,0.0,1959.9656495668673,128,57.91840385373545,False,a2c
2025-02-07,1134846.8974240376,-1.3162670021265512,-13162.670021265512,0.0,1970.8349294192615,130,97.65768728172625,False,a2c
2025-02-10,1135561.0322099703,0.07141347859327216,714.1347859327216,0.0,1981.7380031463142,132,22.855325201550695,False,a2c
2025-02-11,1134509.0711655228,-0.10519610444474965,-1051.9610444474965,0.0,1992.936390872648,134,49.80950445673643,False,a2c
2025-02-12,1131409.4873550266,-0.30995838104961443,-3099.583810496144,0.0,2004.7339866773643,136,58.67932391596635,False,a2c
2025-02-13,1138275.5688707624,0.6866081515735714,6866.081515735713,0.0,2016.5472184263028,138,28.10416004213912,False,a2c
2025-02-14,1133723.2231341265,-0.4552345736635849,-4552.345736635849,0.0,2028.7792466105311,140,14.044260305226143,False,a2c
2025-02-18,1143602.1955128396,0.9878972378713079,9878.972378713079,0.0,2041.90165190984,142,42.28752425022268,False,a2c
2025-02-19,1145169.7501197914,0.15675546069517732,1567.5546069517732,0.0,2056.9217135074114,144,42.77756053119909,False,a2c
2025-02-20,1120304.1770369522,-2.486557308283914,-24865.57308283914,0.0,2066.079400748063,148,34.18380657556831,False,a2c
2025-02-21,1105689.6529181213,-1.4614524118830916,-14614.524118830916,0.0,2066.079400748063,148,73.2876375254699,False,a2c
2025-02-24,1103481.325066039,-0.2208327852082206,-2208.327852082206,0.0,2066.079400748063,148,49.17340323316469,False,a2c
2025-02-25,1112768.2338320268,0.9286908765987726,9286.908765987726,0.0,2066.079400748063,148,39.12293914895625,False,a2c
2025-02-26,1113755.333947337,0.0987100115310168,987.100115310168,0.0,2066.079400748063,148,42.540791916024034,False,a2c
2025-02-27,1108044.4964217125,-0.5710837525624549,-5710.837525624549,0.0,2066.079400748063,148,27.959254899587833,False,a2c
2025-02-28,1129641.8408721378,2.159734445042536,21597.34445042536,0.0,2066.079400748063,148,29.848066253347305,False,a2c
2025-03-03,1115257.2988704923,-1.4384542001645546,-14384.542001645545,0.0,2066.079400748063,148,22.583678445950458,False,a2c
2025-03-04,1090542.9820411524,-2.4714316829339835,-24714.316829339834,0.0,2066.079400748063,148,26.70918337614048,False,a2c
2025-03-05,1106277.1238264744,1.5734141785321991,15734.14178532199,0.0,2066.1714112157406,150,66.78100814244291,False,a2c
2025-03-06,1089044.1402120078,-1.723298361446662,-17232.98361446662,0.0,2066.251901971394,152,21.849175159460252,False,a2c
2025-03-07,1085896.1825774163,-0.3147957634591498,-3147.9576345914975,0.0,2066.251901971394,152,45.790805801794164,False,a2c
2025-03-10,1058233.626287377,-2.7662556290039326,-27662.556290039323,0.0,2066.251901971394,152,62.779344788903416,False,a2c
2025-03-11,1047281.6958716196,-1.095193041575735,-10951.93041575735,0.0,2066.251901971394,152,51.403045791399,False,a2c
2025-03-12,1039295.1087700287,-0.7986587101590936,-7986.587101590936,0.0,2066.251901971394,152,73.05911205905467,False,a2c
2025-03-13,1027876.0637934435,-1.1419044976585195,-11419.044976585195,0.0,2066.251901971394,152,31.135841425306314,False,a2c
2025-03-14,1041520.9181652206,1.3644854371777155,13644.854371777155,0.0,2066.251901971394,152,37.151664350918125,False,a2c
2025-03-17,1053255.6148005554,1.1734696635334754,11734.696635334753,0.0,2066.251901971394,152,14.177209414365194,False,a2c
2025-03-18,1043673.7980321216,-0.9581816768433783,-9581.816768433782,0.0,2066.251901971394,152,18.09471290180769,False,a2c
2025-03-19,1047886.6046114267,0.42128065793050923,4212.806579305092,0.0,2066.251901971394,152,22.045779006105015,False,a2c
2025-03-20,1052204.1235713288,0.4317518959902111,4317.5189599021105,0.0,2066.251901971394,152,32.01225638806212,False,a2c
2025-03-21,1050666.5794188878,-0.1537544152440969,-1537.544152440969,0.0,2066.251901971394,152,18.332979671477005,False,a2c
2025-03-24,1068180.866154544,1.7514286735656206,17514.286735656206,0.0,2066.251901971394,152,25.842454800047854,False,a2c
2025-03-25,1061468.9546354683,-0.6711911519075744,-6711.911519075744,0.0,2066.251901971394,152,21.56752096415205,False,a2c
2025-03-26,1060398.255467629,-0.10706991678392515,-1070.6991678392515,0.0,2066.251901971394,152,29.39476542398248,False,a2c
2025-03-27,1054578.8207349097,-0.5819434732719325,-5819.4347327193245,0.0,2066.251901971394,152,21.189230655685087,False,a2c
2025-03-28,1038182.6762097648,-1.639614452514495,-16396.144525144948,0.0,2066.251901971394,152,19.890250132253367,False,a2c
2025-03-31,1053850.3072640537,1.5667631054288942,15667.63105428894,0.0,2066.251901971394,152,19.058061814326965,False,a2c
2025-04-01,1057344.8102778806,0.3494503013826907,3494.5030138269067,0.0,2066.251901971394,152,18.437205180641385,False,a2c
2025-04-02,1070432.2024924902,1.3087392214609543,13087.392214609543,0.0,2066.251901971394,152,110.78300283840824,False,a2c
2025-04-03,1019039.0301162563,-5.139317237623385,-51393.17237623385,0.0,2066.251901971394,152,16.802725403879275,False,a2c
2025-04-04,960936.3649985011,-5.810266511775518,-58102.66511775518,0.0,2066.251901971394,152,219.6824126105259,False,a2c
2025-04-07,948095.3039142689,-1.2841061084232295,-12841.061084232295,0.0,2066.251901971394,152,223.6417130279808,False,a2c
2025-04-09,1009709.922965809,7.963123720049742,79631.23720049742,0.0,32.9336576732573,6,46.719993752271584,False,a2c
2025-04-10,982402.9647622374,-2.7306958203571616,-27306.958203571616,0.0,69.332618807169,13,175.20379847235785,False,a2c
2025-04-11,1000764.7099690097,1.836174520677235,18361.74520677235,0.0,105.09067502685598,20,85.56752411541706,False,a2c
2025-04-14,1014725.0168512545,1.3960306882244768,13960.306882244768,0.0,134.60316722369336,26,37.30242955994339,False,a2c
2025-04-15,1011900.0143110632,-0.28250025401912865,-2825.0025401912862,0.0,160.08328852109324,30,26.743878664827236,False,a2c
2025-04-16,989767.8754662767,-2.213213884478656,-22132.13884478656,0.0,179.36776630111584,34,11.12604238691521,False,a2c
2025-04-17,1004666.481600391,1.4898606134114323,14898.606134114321,0.0,198.14610205859006,38,32.23275745067088,False,a2c
2025-04-21,985039.8017443658,-1.9626679856025149,-19626.67985602515,0.0,207.78441932752358,42,227.80560901991967,False,a2c
2025-04-22,1012018.6295974585,2.697882785309269,26978.82785309269,0.0,230.69982867839326,47,30.80081877684135,False,a2c
2025-04-23,1017134.3112439542,0.5115681646495709,5115.681646495708,0.0,240.4896670189328,49,26.687698617951007,False,a2c
2025-04-24,1030058.8464916011,1.2924535247646856,12924.535247646854,0.0,248.86326682179327,51,21.231780347181193,False,a2c
2025-04-25,1030347.4524173636,0.028860592576256023,288.6059257625602,0.0,260.70841353817804,55,68.93075197581545,False,a2c
2025-04-28,1032751.3509452979,0.24038985279342162,2403.898527934216,0.0,274.5381596534841,60,21.44435669023043,False,a2c
2025-04-29,1053393.358834852,2.064200788955414,20642.007889554137,0.0,280.1377838866588,62,7.236268412131884,False,a2c
2025-04-30,1056333.176787169,0.2939817952316953,2939.817952316953,0.0,289.15841457950916,64,50.79923480752196,False,a2c
2025-05-01,1058534.56597644,0.22013891892710236,2201.3891892710235,0.0,298.9279431486687,68,21.230018117873925,False,a2c
2025-05-02,1075457.9606019869,1.6923394625546877,16923.394625546876,0.0,304.63832011241794,70,74.06803243244819,False,a2c
2025-05-05,1071114.127801115,-0.43438328008719257,-4343.832800871925,0.0,312.8431257612791,72,37.08696079100086,False,a2c
2025-05-06,1055797.4113161305,-1.5316716484984383,-15316.716484984383,0.0,320.9733568836161,76,22.38146326168112,False,a2c
2025-05-07,1063125.019969982,0.7327608653851553,7327.608653851553,0.0,329.92227200600587,78,24.639032571949336,False,a2c
2025-05-08,1070071.324949916,0.6946304979933892,6946.304979933891,0.0,340.0074497882165,80,92.22659141204062,False,a2c
2025-05-09,1066498.2066076277,-0.35731183422883045,-3573.118342288304,0.0,351.20361669623856,82,16.45682172978958,False,a2c
2025-05-12,1097735.956787292,3.123775017966423,31237.750179664232,0.0,364.3872654581595,84,10.917541380772349,False,a2c
2025-05-13,1102591.0315993929,0.48550748121009674,4855.074812100967,0.0,375.269263424616,88,71.18653942423254,False,a2c
2025-05-14,1104233.1347381475,0.164210313875461,1642.10313875461,0.0,380.4625612798376,90,101.37999272958385,False,a2c
2025-05-15,1121788.8439334652,1.7555709195317701,17555.7091953177,0.0,393.7083393601449,95,20.774663578490834,False,a2c
2025-05-16,1129802.299489732,0.8013455556266709,8013.455556266708,0.0,398.9232847809879,97,79.95966516388066,False,a2c
2025-05-19,1129003.9644742615,-0.07983350154703948,-798.3350154703948,0.0,403.65439459302223,99,17.074736630695554,False,a2c
2025-05-20,1124054.575563553,-0.4949388910708484,-4949.388910708483,0.0,408.3798181519494,101,19.006037878773437,False,a2c
2025-05-21,1106568.8809891508,-1.748569457440218,-17485.69457440218,0.0,415.5166541260795,103,7.543087697759034,False,a2c
2025-05-22,1110390.1793944344,0.38212984052835963,3821.298405283596,0.0,421.9895262647054,107,17.76749413987093,False,a2c
2025-05-23,1108488.402508875,-0.19017768855595496,-1901.7768855595496,0.0,429.9910742641106,109,7.7732842290329724,False,a2c
2025-05-27,1131107.3806987624,2.261897818988748,22618.978189887483,0.0,439.6242179475835,112,13.361508772353083,False,a2c
2025-05-28,1120752.5938992775,-1.0354786799484865,-10354.786799484864,0.0,451.0901013357073,116,15.382671619212465,False,a2c
2025-05-29,1123688.029583288,0.2935435684010387,2935.4356840103865,0.0,462.5233305317849,120,6.839183142749408,False,a2c
2025-05-30,1125246.9791963387,0.15589496130507907,1558.9496130507907,0.0,478.47252781526464,125,16.251447751967113,False,a2c
2025-06-02,1121362.4448431786,-0.3884534353160067,-3884.5343531600665,0.0,492.547268653177,129,7.44821240140948,False,a2c
2025-06-03,1128383.4331364068,0.7020988293228205,7020.988293228205,0.0,496.04456697225277,135,13.30505791963878,False,a2c
2025-06-04,1128461.883906568,0.007845077016111464,78.45077016111463,0.0,497.87287506819547,137,8.987395845046077,False,a2c
2025-06-05,1123956.2648655605,-0.4505619041007478,-4505.619041007478,0.0,499.69200458834564,139,12.000397221838139,False,a2c
2025-06-06,1133103.9407812424,0.914767591568199,9147.67591568199,0.0,513.2354949296986,143,17.0586609652253,False,a2c
2025-06-09,1130359.0863850198,-0.2744854396222625,-2744.854396222625,0.0,513.2354949296986,143,17.88716981134734,False,a2c
2025-06-10,1133018.5864230685,0.2659500038048718,2659.500038048718,0.0,529.650002302257,148,20.763928811023987,False,a2c
2025-06-11,1134111.9679748933,0.10933815518247429,1093.381551824743,0.0,556.7320027937875,153,27.39261962127834,False,a2c
2025-06-12,1137789.7322859685,0.36777643110752106,3677.7643110752106,0.0,568.782884770059,156,30.456071437006933,False,a2c
2025-06-13,1113584.645511706,-2.4205086774262603,-24205.086774262603,0.0,568.782884770059,156,25.00573235315646,False,a2c
2025-06-16,1123054.8070585704,0.9470161546864547,9470.161546864547,0.0,568.782884770059,156,48.25381145855333,False,a2c
2025-06-17,1111480.2841057214,-1.1574522952849047,-11574.522952849045,0.0,568.782884770059,156,14.326070268803036,False,a2c
2025-06-18,1117646.3251056229,0.6166040999901481,6166.040999901481,0.0,568.782884770059,156,18.72959517497475,False,a2c
2025-06-20,1121183.2740003783,0.35369488947554495,3536.948894755449,0.0,568.782884770059,156,48.43175192448019,False,a2c
2025-06-23,1135793.5494801244,1.461027547974605,14610.275479746051,0.0,568.782884770059,156,13.792782069399507,False,a2c
2025-06-24,1147801.1798728034,1.2007630392679014,12007.630392679013,0.0,568.782884770059,156,55.873960985019174,False,a2c
2025-06-25,1149536.6730394806,0.17354931666771883,1735.4931666771884,0.0,568.782884770059,156,24.548920156132027,False,a2c
2025-06-26,1162396.8144213448,1.2860141381864203,12860.141381864203,0.0,568.782884770059,156,18.71385514637764,False,a2c
2025-06-27,1175476.6097056377,1.3079795284292894,13079.795284292893,0.0,568.782884770059,156,15.55229986800074,False,a2c
2025-06-30,1186646.048658113,1.1169438952475321,11169.43895247532,0.0,590.0366264711246,162,86.30811339256124,False,a2c
2025-07-01,1198247.8156595943,1.1601767001481262,11601.767001481261,0.0,590.45826666839,164,23.22712852072159,False,a2c
2025-07-02,1204885.462863787,0.6637647204192821,6637.647204192821,0.0,602.283787191366,167,32.91043675496893,False,a2c
2025-07-03,1211603.846636999,0.6718383773211856,6718.383773211855,0.0,610.604738357227,169,32.474066765842046,False,a2c
2025-07-07,1198856.0323121287,-1.2747814324870241,-12747.81432487024,0.0,618.9608602604608,174,13.518791145274276,False,a2c
2025-07-08,1188236.7588449847,-1.0619273467143997,-10619.273467143996,0.0,623.0924829297405,176,9.572136225666997,False,a2c
2025-07-09,1191828.5869986569,0.35918281536721625,3591.8281536721624,0.0,627.2206476995569,178,36.849806410821316,False,a2c
2025-07-11,1193862.8280955316,-0.7143600387841696,-7143.600387841696,0.0,67.83027246918587,19,25.062469778417537,False,ppo
2025-07-14,1195383.2384931743,0.15204103976427577,1520.4103976427577,0.0,126.41523065754446,33,15.546804192612871,False,ppo
2025-07-15,1185881.0326515043,-0.9502205841670046,-9502.205841670046,0.0,174.19305844244406,46,20.993456832157403,False,ppo
2025-07-16,1193057.386235762,0.7176353584257653,7176.353584257653,0.0,238.91274985572656,58,22.501610733605258,False,ppo
2025-07-17,1199009.8963003387,0.5952510064576753,5952.5100645767525,0.0,303.87270322441236,69,63.63180577639162,False,ppo
2025-07-18,1198309.6930521154,-0.07002032482232899,-700.2032482232898,0.0,369.0531931885254,80,31.695929157389056,False,ppo
2025-07-21,1194517.6440171949,-0.3792049034920521,-3792.0490349205206,0.0,438.6071263156521,89,29.601552356981628,False,ppo
2025-07-22,1198212.2177863866,0.3694573769191746,3694.5737691917457,0.0,497.70253033125806,96,27.53478088843128,False,ppo
2025-07-23,1212985.4026643704,1.477318487798376,14773.18487798376,0.0,536.5638839298093,103,25.500243020018136,False,ppo
2025-07-24,1203722.7059988412,-0.9262696665529162,-9262.696665529162,0.0,547.7479054709307,110,16.183173765294423,False,ppo
2025-07-25,1210030.9236855386,0.6308217686697375,6308.217686697375,0.0,566.331648201165,116,79.33616370653021,False,ppo
2025-07-28,1205446.1969651026,-0.4584726720436011,-4584.7267204360105,0.0,584.8005525210433,121,9.414305077454067,False,ppo
2025-07-29,1209795.6185410116,0.4349421575909015,4349.421575909015,0.0,604.8495222438163,129,22.40553650931446,False,ppo
2025-07-30,1208027.2026229338,-0.1768415918077808,-1768.4159180778079,0.0,628.9633775363573,136,32.39546426754695,False,ppo
2025-07-31,1200374.5719992572,-0.7652630623676582,-7652.630623676581,0.0,650.7774865878237,141,23.936344955088156,False,ppo
2025-08-01,1185986.9242438166,-1.4387647755440558,-14387.647755440557,0.0,670.2290618317516,145,51.08476570468615,False,ppo
2025-08-04,1206306.567382167,2.0319643138350454,20319.643138350453,0.0,682.1329757296437,150,73.55574951200633,False,ppo
2025-08-05,1201939.0557677206,-0.43675116144465287,-4367.511614446528,0.0,689.9670315281728,155,23.706208257896627,False,ppo
2025-08-06,1209303.2450559142,0.7364189288193593,7364.189288193593,0.0,707.9971517351332,160,30.930315689888822,False,ppo
2025-08-07,1203731.2382399035,-0.557200681601069,-5572.006816010689,0.0,715.9686319654616,164,79.5283778699318,False,ppo
2025-08-08,1205280.8873256594,0.15496490857559256,1549.6490857559254,0.0,722.8122347758186,168,44.92402528351943,False,ppo
2025-08-11,1202669.71356914,-0.26111737565193327,-2611.1737565193325,0.0,727.8453960781077,171,33.16293631432844,False,ppo
2025-08-12,1217419.7916850979,1.475007811595779,14750.07811595779,0.0,732.912389674072,174,21.866011301947083,False,ppo
2025-08-13,1225208.5083605438,0.7788716675445904,7788.716675445903,0.0,737.9824667642813,178,24.387393308184404,False,ppo
2025-08-14,1225721.7318708627,0.05132235103189014,513.2235103189014,0.0,741.1443517595435,180,40.74157702455513,False,ppo
2025-08-15,1212502.0602768848,-1.3219671593977838,-13219.671593977837,0.0,746.1830970266834,183,26.097109400809845,False,ppo
2025-08-18,1214510.8239058987,0.20087636290139055,2008.7636290139053,0.0,750.5245976022444,185,73.79918901664226,False,ppo
2025-08-19,1212747.1899413825,-0.17636339645162225,-1763.6339645162225,0.0,754.7793979691882,187,16.845619968210116,False,ppo
2025-08-20,1218127.3185648061,0.5380128623423632,5380.128623423632,0.0,762.0674021803275,189,22.083689004020588,False,ppo
2025-08-21,1214408.8892124016,-0.371842935240455,-3718.4293524045497,0.0,771.2710282684667,193,15.328490085430321,False,ppo
2025-08-22,1239632.944271917,2.5224055059515407,25224.055059515405,0.0,781.6527749174436,197,20.692220948322937,False,ppo
2025-08-25,1231761.905173949,-0.7871039097968023,-7871.039097968023,0.0,788.7705531167363,199,25.76324870681077,False,ppo
2025-08-26,1237994.4694667547,0.6232564292805736,6232.564292805735,0.0,794.006451361922,204,10.4738775664426,False,ppo
2025-08-27,1239150.0785743156,0.11556091075609438,1155.6091075609438,0.0,800.209260067547,210,12.739205414516498,False,ppo
2025-08-28,1237207.2968876564,-0.1942781686659204,-1942.7816866592038,0.0,810.8510404314305,213,9.801853179307631,False,ppo
2025-08-29,1230518.2295901556,-0.6689067297500791,-6689.067297500791,0.0,827.0575611085106,217,9.66448117260559,False,ppo
2025-09-02,1221801.118617987,-0.8717110972168622,-8717.110972168623,0.0,843.2518655782156,220,22.307195497575826,False,ppo
2025-09-03,1222745.7153577204,0.09445967397333589,944.5967397333588,0.0,854.1425813425691,223,22.712867414732248,False,ppo
2025-09-04,1239306.074252373,1.6560358894652687,16560.358894652687,0.0,862.6023126199239,226,33.48705441104379,False,ppo
2025-09-05,1227252.1663474939,-1.205390790487919,-12053.90790487919,0.0,871.1281794678663,229,42.27843172335899,False,ppo
2025-09-08,1228271.30613968,0.10191397921862082,1019.1397921862082,0.0,879.6749560732712,232,39.091555176273076,False,ppo
2025-09-09,1239531.4504712522,1.1260144331572113,11260.144331572112,0.0,888.1779450202729,235,18.66162299305683,False,ppo
2025-09-10,1242790.8920856973,0.3259441614445066,3259.441614445066,0.0,903.842606119312,240,51.272094005759726,False,ppo
2025-09-11,1264148.9046335788,2.1358012547881575,21358.012547881575,0.0,912.2522517161418,243,34.99044633393928,False,ppo
2025-09-12,1258253.7266775004,-0.5895177956078435,-5895.177956078434,0.0,923.9746422637613,246,26.074329859339926,False,ppo
2025-09-15,1258976.9563150087,0.07232296375082806,723.2296375082806,0.0,938.8400114165013,250,25.281906004627487,False,ppo
2025-09-16,1253561.3580061556,-0.5415598308853107,-5415.598308853107,0.0,953.6427301728181,254,7.277344593031685,False,ppo
2025-09-17,1261763.2077968498,0.8201849790694192,8201.849790694192,0.0,964.700925403059,258,14.51217559610716,False,ppo
2025-09-18,1274150.0234528931,1.2386815656043357,12386.815656043356,0.0,977.2290355991769,262,31.50604357170962,False,ppo
2025-09-19,1273792.8552375957,-0.03571682152973954,-357.16821529739536,0.0,990.0100041149269,265,35.90945710979476,False,ppo
2025-09-22,1277901.4325338867,0.4108577296291013,4108.577296291012,0.0,1002.7116216755587,268,30.99245876863585,False,ppo
2025-09-23,1274993.4185090044,-0.29080140248823444,-2908.014024882344,0.0,1015.2726773855413,274,43.096864953033275,False,ppo
2025-09-24,1266335.2104934826,-0.8658208015521756,-8658.208015521755,0.0,1028.4993933259343,277,19.094251883689395,False,ppo
2025-09-25,1263025.3524163528,-0.3309858077129815,-3309.858077129815,0.0,1038.6783056566676,281,14.438803042655797,False,ppo
2025-09-26,1273874.026204626,1.0848673788273242,10848.673788273241,0.0,1046.1425968376159,285,33.22077115788441,False,ppo
2025-09-29,1276456.710440384,0.25826842357579155,2582.6842357579153,0.0,1053.8523907573983,289,14.879932102350013,False,ppo
2025-09-30,1280823.438999808,0.4366728559423937,4366.7285594239365,0.0,1062.9416199338718,292,23.753039793313498,False,ppo
2025-10-01,1271528.9808276268,-0.9294458172181156,-9294.458172181156,0.0,1072.050592588526,295,52.106944227950294,False,ppo
2025-10-02,1274284.0480077094,0.27550671800826676,2755.0671800826676,0.0,1081.1355778852708,298,76.09025960385428,False,ppo
2025-10-03,1286290.9928202527,1.2006944812543225,12006.944812543225,0.0,1090.1820681485847,301,20.682049420122244,False,ppo
2025-10-06,1282546.020028567,-0.3744972791685723,-3744.9727916857228,0.0,1099.2566257796634,304,12.494076947843508,False,ppo
2025-10-07,1278992.5753316549,-0.35534446969120764,-3553.4446969120763,0.0,1107.6261566529977,307,40.65438134144287,False,ppo
2025-10-09,1264732.9691262632,-0.9733681376654655,-9733.681376654655,0.0,145.98011734198408,9,29.27899497494711,False,a2c
2025-10-10,1242318.3032424292,-2.241466588383401,-22414.665883834008,0.0,288.5735052624137,21,36.8115464544952,False,a2c
2025-10-13,1261161.5713630118,1.8843268120582681,18843.26812058268,0.0,370.6138326234572,31,27.00985484826291,False,a2c
2025-10-14,1261778.0435543596,0.06164721913477406,616.4721913477406,0.0,480.32675338887447,41,19.140923127591485,False,a2c
2025-10-15,1250829.5813742713,-1.0948462180088274,-10948.462180088274,0.0,588.0710915101845,51,102.57421373969828,False,a2c
2025-10-16,1230201.7859456078,-2.062779542866349,-20627.79542866349,0.0,668.4135173334964,58,34.34144156472899,False,a2c
2025-10-17,1230523.574030166,0.03217880845582113,321.78808455821127,0.0,721.9353224665688,63,50.31682383478792,False,a2c
2025-10-20,1242564.1521139652,1.204057808379922,12040.57808379922,0.0,813.0345028233003,69,101.6441975079354,False,a2c
2025-10-21,1248131.87968804,0.5567727574074641,5567.727574074641,0.0,869.2916343673639,75,17.975170643914364,False,a2c
2025-10-22,1240910.0476384896,-0.7221832049550256,-7221.832049550256,0.0,917.5761858749651,80,108.91458234966464,False,a2c
2025-10-23,1245081.5896744328,0.41715420359431304,4171.54203594313,0.0,964.5803161408707,84,25.49655290711835,False,a2c
2025-10-24,1260933.962429455,1.5852372755022255,15852.372755022254,0.0,982.0500468046806,88,67.84864555065393,False,a2c
2025-10-27,1266930.981929896,0.5997019500440918,5997.019500440917,0.0,991.3256155520907,90,63.949834921582344,False,a2c
2025-10-28,1267897.5848400574,0.09666029101614841,966.602910161484,0.0,993.9510421850109,93,15.253880773339999,False,a2c
2025-10-29,1264408.7193402294,-0.3488865499828011,-3488.865499828011,0.0,994.8909780700229,95,54.719885823282425,False,a2c
2025-10-30,1268039.777149681,0.3631057809451595,3631.057809451595,0.0,995.8347524458109,98,156.94677925281582,False,a2c
2025-10-31,1261457.5603439976,-0.658221680568345,-6582.216805683449,0.0,1002.4736048854218,101,63.54381341801227,False,a2c
2025-11-03,1261261.3557136424,-0.019620463035511786,-196.20463035511784,0.0,1012.0580436312391,103,106.59611886437784,False,a2c
2025-11-04,1277888.6251394434,1.6627269425801001,16627.269425801,0.0,1018.6095103544806,106,36.366401416268964,False,a2c
2025-11-05,1273761.9023140194,-0.41267228254240473,-4126.722825424047,0.0,1054.888062415775,110,50.52182737464038,False,a2c
2025-11-06,1263722.2773511107,-1.0039624962908682,-10039.624962908681,0.0,1107.2136009905012,114,68.94502221104551,False,a2c
2025-11-07,1272389.5495526292,0.8667272201518529,8667.272201518528,0.0,1152.7491322008423,119,30.211083026450883,False,a2c
2025-11-10,1288405.9514195065,1.601640186687722,16016.401866877219,0.0,1195.6199259068903,123,18.53528168642901,False,a2c
2025-11-11,1298696.1439103563,1.0290192490849877,10290.192490849877,0.0,1226.7021385876683,126,14.052773808867105,False,a2c
2025-11-12,1308502.238882552,0.980609497219557,9806.09497219557,0.0,1243.429005443238,128,27.485343998267076,False,a2c
2025-11-13,1293623.424657735,-1.4878814224816859,-14878.814224816859,0.0,1256.2535577803208,130,39.69392303076164,False,a2c
2025-11-14,1288967.70920143,-0.4655715456305072,-4655.715456305072,0.0,1309.6024134672246,134,109.99499726265934,False,a2c
2025-11-17,1277126.3843809722,-1.1841324820457726,-11841.324820457725,0.0,1331.1774931684986,138,19.057761061051032,False,a2c
2025-11-18,1270781.4147005766,-0.6344969680395676,-6344.969680395675,0.0,1352.3400079389073,142,25.163000544522717,False,a2c
2025-11-19,1270309.165729315,-0.04722489712615498,-472.24897126154974,0.0,1408.2670831748246,147,81.62744678487198,False,a2c
2025-11-20,1283736.4860735997,1.3427320344284643,13427.320344284642,0.0,1461.3321636947248,154,30.44066059133724,False,a2c
2025-11-21,1287677.1309737493,0.3940644900149666,3940.6449001496653,0.0,1497.491588022107,158,65.57911578642762,False,a2c
2025-11-24,1290466.2175859076,0.27890866121582225,2789.0866121582226,0.0,1533.6173619516408,162,30.417985652667355,False,a2c
2025-11-25,1305520.6638154346,1.5054446229527008,15054.446229527008,0.0,1568.5400805662791,166,51.040359093884085,False,a2c
2025-11-26,1316082.0330859171,1.0561369270482566,10561.369270482564,0.0,1631.7888928037992,171,34.658799434929946,False,a2c
2025-11-28,1315486.9634460905,-0.05950696398266592,-595.0696398266591,0.0,1690.7557411251512,176,16.6439540998065,False,a2c
2025-12-01,1310111.2125878546,-0.5375750858235872,-5375.750858235871,0.0,1700.704080205765,178,12.726336639221856,False,a2c
2025-12-02,1310134.0058865885,0.002279329873388633,22.79329873388633,0.0,1710.8165395482742,180,28.854597107532317,False,a2c
2025-12-03,1312362.3654344426,0.22283595478541685,2228.3595478541683,0.0,1723.4881214069562,183,54.445938847232405,False,a2c
2025-12-04,1308227.4308406953,-0.413493459374737,-4134.93459374737,0.0,1737.2408646220738,185,39.27629495857744,False,a2c
2025-12-05,1304068.4072425547,-0.41590235981405715,-4159.023598140571,0.0,1751.2846255361999,187,30.799934391888595,False,a2c
2025-12-08,1295676.613325026,-0.8391793917528819,-8391.79391752882,0.0,1770.5774017075757,189,40.3331133573004,False,a2c
2025-12-09,1297922.3282645436,0.22457149395176676,2245.7149395176675,0.0,1777.140185070534,191,46.338631961806925,False,a2c
2025-12-10,1294951.0420081383,-0.2971286256405292,-2971.286256405292,0.0,1783.682454113934,193,93.58226149236071,False,a2c
2025-12-11,1318227.2571406842,2.3276215132545914,23276.215132545913,0.0,1793.5337977407753,195,49.53589152611215,False,a2c
2025-12-12,1329543.8401485262,1.131658300784207,11316.58300784207,0.0,1808.550525574206,198,66.71637501990885,False,a2c
2025-12-15,1340302.0151369967,1.0758174988470506,10758.174988470506,0.0,1824.0998682143656,200,26.047317218052797,False,a2c
2025-12-16,1330083.9174907487,-1.021809764624806,-10218.097646248061,0.0,1839.1457314054517,202,26.131238217600522,False,a2c
2025-12-17,1331875.248383289,0.17913308925402818,1791.3308925402816,0.0,1858.0179536616447,205,21.17883681675798,False,a2c
2025-12-18,1333712.3389509725,0.18370905676835683,1837.0905676835682,0.0,1869.1459615420222,207,28.988463674749674,False,a2c
2025-12-19,1331625.7807510514,-0.20865581999211574,-2086.558199921157,0.0,1887.4535125947284,210,17.960046997237747,False,a2c
2025-12-22,1322974.6937293604,-0.8651087021691026,-8651.087021691026,0.0,1898.7493558659544,212,50.383344306889065,False,a2c
2025-12-23,1319378.9111178753,-0.3595782611485105,-3595.7826114851046,0.0,1899.565776384063,215,27.50726766298306,False,a2c
2025-12-24,1326709.1340463387,0.7330222928463481,7330.2229284634805,0.0,1902.8193367583144,217,9.989967210226954,False,a2c
2025-12-26,1325564.7145186444,-0.11444195276943502,-1144.41952769435,0.0,1904.3058714054637,220,7.435941228614147,False,a2c
2025-12-29,1326336.8385235276,0.0772124004883226,772.124004883226,0.0,1905.3088805951277,222,7.095392843723077,False,a2c
2025-12-30,1326761.5183917654,0.042467986823781396,424.67986823781393,0.0,1906.3044428347885,224,7.450297478738111,False,a2c
2025-12-31,1318086.9037424559,-0.8674614649309544,-8674.614649309544,0.0,1907.3015392549441,231,4.286974644303776,False,a2c
2026-01-02,1314334.0005660506,-0.37529031764052345,-3752.9031764052343,0.0,1908.7628369300458,238,9.44232652619707,False,a2c
2026-01-05,1323847.7854654996,0.9513784899448976,9513.784899448976,0.0,1908.7628369300458,238,62.06075584889606,False,a2c
2026-01-06,1329509.051487225,0.566126602172549,5661.266021725489,0.0,1910.2082772813958,240,57.895765816448204,False,a2c
2026-01-07,1315711.8381608294,-1.3797213326395723,-13797.213326395722,0.0,1911.645040338161,243,37.98529923463193,False,a2c
2026-01-09,1321468.2269033927,-0.07679840703674126,-767.9840703674125,0.0,170.6068533572682,15,53.73970690679282,False,a2c
2026-01-12,1326627.54276622,0.5159315862827236,5159.315862827236,0.0,281.6092530277162,23,40.45051457274912,False,a2c
2026-01-13,1309138.6504240236,-1.7488892342196312,-17488.89234219631,0.0,390.27611943909034,31,60.10514349560986,False,a2c
2026-01-14,1310860.8428693118,0.17221924452881796,1722.1924452881794,0.0,495.21209325757206,38,93.93907305573399,False,a2c
2026-01-15,1305159.3310229413,-0.5701511846370529,-5701.511846370529,0.0,593.6154713974806,44,20.90743741305318,False,a2c
2026-01-16,1302419.0707313432,-0.2740260291598039,-2740.2602915980387,0.0,690.1585433476208,50,44.69832734519,False,a2c
2026-01-20,1294189.5292822497,-0.8229541449093493,-8229.541449093493,0.0,778.506925527345,57,38.16213395715244,False,a2c
2026-01-21,1302870.3648287968,0.8680835546547082,8680.835546547081,0.0,857.129028214752,61,71.24106135402418,False,a2c
2026-01-22,1305463.741540055,0.2593376711258199,2593.376711258199,0.0,932.5426799077342,70,34.28003031334408,False,a2c
2026-01-23,1304434.8643891364,-0.102887715091859,-1028.87715091859,0.0,1009.5575719100244,74,37.821290508506706,False,a2c
2026-01-26,1309202.3583516956,0.47674939625591506,4767.4939625591505,0.0,1086.5427441864706,81,33.55587768321075,False,a2c
2026-01-27,1300988.9102538617,-0.8213448097833899,-8213.448097833898,0.0,1169.32302193547,86,24.40733112408433,False,a2c
2026-01-28,1299985.7656318026,-0.10031446220590734,-1003.1446220590733,0.0,1229.3283755684079,90,73.27424714548738,False,a2c
2026-01-29,1311727.4135302773,1.174164789847471,11741.64789847471,0.0,1285.4755791948596,97,23.952750785735738,False,a2c
2026-01-30,1306950.7036960616,-0.4776709834215697,-4776.709834215697,0.0,1342.0706991627826,100,145.39293439634696,False,a2c
2026-02-02,1349704.9927159944,4.275428901993274,42754.28901993274,0.0,1398.7096168856847,103,166.19500889721786,False,a2c
2026-02-03,1363419.5997167467,1.3714607000752352,13714.607000752352,0.0,1455.5714989001547,109,101.05481219939635,False,a2c
2026-02-04,1373133.9428510645,0.971434313431778,9714.34313431778,0.0,1512.9509785513628,112,77.94600408255108,False,a2c
2026-02-05,1366026.3037870266,-0.7107639064037939,-7107.6390640379395,0.0,1571.7219926934708,115,100.99049507131198,False,a2c
2026-02-06,1395640.3283551252,2.96140245680986,29614.024568098597,0.0,1631.5063001828564,118,46.467565542469714,False,a2c
2026-02-09,1371503.6735131894,-2.4136654841935727,-24136.654841935728,0.0,1657.5824547283326,120,98.93058258883903,False,a2c
2026-02-10,1364397.631375239,-0.7106042137950427,-7106.042137950427,0.0,1657.5824547283326,120,40.141495153819676,False,a2c
2026-02-11,1376964.5601660649,1.2566928790825886,12566.928790825887,0.0,1657.5824547283326,120,39.49753583837209,False,a2c
2026-02-12,1392085.7519380786,1.5121191772013671,15121.19177201367,0.0,1657.5824547283326,120,70.65687086353631,False,a2c
2026-02-13,1381836.774999871,-1.0248976938207635,-10248.976938207634,0.0,1657.5824547283326,120,175.32276431947506,False,a2c
2026-02-17,1363095.318708413,-1.8741456291457872,-18741.45629145787,0.0,1657.5824547283326,120,48.7588569915936,False,a2c
2026-02-18,1352745.8716250483,-1.0349447083364707,-10349.447083364706,0.0,1657.5824547283326,120,53.728194943374454,False,a2c
2026-02-19,1341760.0486093352,-1.0985823015713134,-10985.823015713133,0.0,1657.5824547283326,120,24.092924337993658,False,a2c
2026-02-20,1335676.1923230814,-0.608385628625378,-6083.85628625378,0.0,1657.5824547283326,120,17.897215443581796,False,a2c
2026-02-23,1327823.1922872406,-0.7853000035840786,-7853.000035840785,0.0,1657.5824547283326,120,19.779727516128574,False,a2c
2026-02-24,1335401.4023038645,0.7578210016623839,7578.210016623838,0.0,1657.5824547283326,120,138.47234429896665,False,a2c
2026-02-25,1337151.7424121404,0.17503401082758793,1750.3401082758792,0.0,1657.5824547283326,120,16.227143762636057,False,a2c
2026-02-26,1333800.0270015462,-0.335171541059413,-3351.71541059413,0.0,1657.5824547283326,120,22.413092636633657,False,a2c
2026-02-27,1358918.33522446,2.511830822291388,25118.308222913878,0.0,1657.5824547283326,120,30.157515971744782,False,a2c
2026-03-02,1351762.6973665603,-0.7155637857899768,-7155.637857899767,0.0,1657.5824547283326,120,116.13308131186693,False,a2c
2026-03-03,1353490.5375935028,0.17278402269424406,1727.8402269424405,0.0,1657.5824547283326,120,29.692971284851723,False,a2c
2026-03-04,1353878.7476148815,0.03882100213787053,388.2100213787053,0.0,1657.5824547283326,120,32.15346075492004,False,a2c
2026-03-05,1324633.2410770217,-2.9245506537859796,-29245.506537859794,0.0,1657.5824547283326,120,25.390943939847272,False,a2c
2026-03-06,1321070.065361721,-0.35631757153007204,-3563.17571530072,0.0,1657.5824547283326,120,42.72271854349243,False,a2c
2026-03-09,1321153.445016508,0.008337965478701517,83.37965478701517,0.0,1657.5824547283326,120,18.71579903290413,False,a2c
2026-03-10,1324111.867892144,0.2958422875636025,2958.422875636025,0.0,1657.5824547283326,120,39.4108118930203,False,a2c
2026-03-11,1306523.1641166422,-1.758870377550181,-17588.70377550181,0.0,1657.5824547283326,120,22.63659244194979,False,a2c
2026-03-12,1309463.1790914368,0.29400149747945836,2940.0149747945834,0.0,1657.5824547283326,120,19.582520891589574,False,a2c
2026-03-13,1316951.6347811879,0.7488455689751078,7488.455689751077,0.0,1657.5824547283326,120,55.921905414164016,False,a2c
2026-03-16,1319773.8640778924,0.28222292967045215,2822.2292967045214,0.0,1657.5824547283326,120,14.16434054219441,False,a2c
2026-03-17,1313212.2956433936,-0.6561568434498739,-6561.5684344987385,0.0,1657.5824547283326,120,14.413961532736115,False,a2c
2026-03-18,1278621.7315626957,-3.459056408069795,-34590.56408069795,0.0,1657.5824547283326,120,21.512876852618984,False,a2c
2026-03-19,1274149.108445231,-0.4472623117464595,-4472.6231174645945,0.0,1657.5824547283326,120,27.363972336956692,False,a2c
2026-03-20,1265045.600711659,-0.9103507733572042,-9103.507733572042,0.0,1657.5824547283326,120,11.95061581423409,False,a2c
2026-03-23,1281550.864631838,1.650526392017887,16505.26392017887,0.0,1657.5824547283326,120,28.892057075748262,False,a2c
2026-03-24,1289111.652671559,0.7560788039721084,7560.788039721083,0.0,1657.5824547283326,120,25.865786987689855,False,a2c
2026-03-25,1298376.3370240086,0.9264684352449608,9264.684352449607,0.0,1657.5824547283326,120,25.13444312582931,False,a2c
2026-03-26,1292090.2901800834,-0.6286046843925258,-6286.046843925258,0.0,1657.5824547283326,120,19.91617999000028,False,a2c
2026-03-27,1279590.0920409265,-1.2500198139156915,-12500.198139156915,0.0,1657.5824547283326,120,20.00493160829202,False,a2c
2026-03-30,1287058.0993690966,0.7468007328170119,7468.007328170118,0.0,1657.5824547283326,120,23.676531359505088,False,a2c
2026-03-31,1299333.0756666823,1.227497629758576,12274.97629758576,0.0,1657.5824547283326,120,25.124826906042806,False,a2c
2026-04-01,1289501.3397232736,-0.9831735943408684,-9831.735943408683,0.0,1657.5824547283326,120,30.626102002357264,False,a2c
2026-04-02,1298243.3969461252,0.8742057222851553,8742.057222851552,0.0,1657.5824547283326,120,108.45003087542922,False,a2c
2026-04-06,1307840.3342925778,0.9596937346452614,9596.937346452614,0.0,1657.5824547283326,120,16.390040432946243,False,a2c
2026-04-07,1281416.2446351014,-2.6424089657476406,-26424.089657476405,0.0,1657.5824547283326,120,15.878372885546813,False,a2c
2026-04-08,1321707.5618660047,4.029131723090331,40291.31723090331,0.0,1657.5824547283326,120,31.42195102954647,False,a2c
2026-04-09,1332868.9213395298,1.116135947352508,11161.35947352508,0.0,1657.5824547283326,120,65.99859718959914,False,a2c
2026-04-13,1308196.8867535868,-0.44208559986073526,-4420.855998607352,0.0,15.82534672923042,6,17.307858430510993,False,ppo
2026-04-14,1315569.9033570336,0.7373016603446799,7373.016603446799,0.0,34.87468751611051,12,39.67366934885395,False,ppo
2026-04-15,1320025.7989355132,0.4455895578479627,4455.895578479627,0.0,54.17526352490532,18,29.585500016084524,False,ppo
2026-04-16,1318776.316515047,-0.12494824204661419,-1249.4824204661418,0.0,73.3752899063563,24,35.28639175695144,False,ppo
2026-04-17,1340243.260300628,2.1466943785580805,21466.943785580803,0.0,92.57044263401801,31,45.21398091304883,False,ppo
2026-04-20,1337905.9692400957,-0.23372910605322106,-2337.2910605322104,0.0,107.00831595607444,36,29.191759632999904,False,ppo
2026-04-21,1338528.7076521465,0.06227384120507632,622.7384120507631,0.0,126.28337687438645,43,28.28024900378083,False,ppo
2026-04-22,1342278.3127360877,0.3749605083941249,3749.605083941249,0.0,142.6096106565795,50,46.0190253530192,False,ppo
2026-04-23,1349465.5695064913,0.7187256770403591,7187.25677040359,0.0,156.55601677886162,56,30.134000955295605,False,ppo
2026-04-24,1337138.4978774171,-1.2327071629074169,-12327.071629074168,0.0,163.76267954746632,60,65.11354668480777,False,ppo
2026-04-27,1324007.3444965489,-1.313115338086826,-13131.153380868258,0.0,170.85415455613966,63,45.34798111871942,False,ppo
2026-04-28,1322510.510278168,-0.14968342183809727,-1496.8342183809725,0.0,177.81846501577266,66,39.457216556939414,False,ppo
2026-04-29,1362866.6168040894,4.035610652592149,40356.10652592149,0.0,183.49725764950134,69,62.19310874478485,False,ppo
2026-04-30,1376415.7041393064,1.3549087335217047,13549.087335217046,0.0,185.58750202556465,71,147.95521138315104,False,ppo
2026-05-01,1374605.2674459547,-0.18104366933517158,-1810.4366933517156,0.0,191.45929885659586,77,79.93508691807241,False,ppo
2026-05-04,1365843.665857519,-0.8761601588435705,-8761.601588435704,0.0,194.42210489508713,79,55.49464113437189,False,ppo
2026-05-05,1362859.1164997374,-0.29845493577816523,-2984.5493577816524,0.0,197.35631856856102,81,24.882497333338232,False,ppo
2026-05-06,1354422.4422136631,-0.8436674286074238,-8436.674286074238,0.0,200.29941089144054,83,20.302062044991075,False,ppo
2026-05-07,1358016.8487830295,0.35944065693663435,3594.4065693663433,0.0,203.2279960625896,85,69.01287161486354,False,ppo
2026-05-08,1359201.1562018504,0.11843074188209139,1184.3074188209139,0.0,206.15928276341197,87,23.851451138450024,False,ppo
2026-05-11,1352062.6950969882,-0.7138461104862159,-7138.461104862159,0.0,209.10125285565505,89,41.25648978889527,False,ppo
2026-05-12,1372265.5567024122,2.0202861605423967,20202.861605423965,0.0,211.30172742928775,92,46.95093700460447,False,ppo
2026-05-13,1372086.1958760326,-0.017936082637961953,-179.3608263796195,0.0,213.5498023751013,94,22.668537179072374,False,ppo
2026-05-14,1390545.8727031818,1.8459676827149234,18459.676827149233,0.0,215.81719326141726,96,45.94945955798242,False,ppo
2026-05-15,1389991.8425885856,-0.055403011459624396,-554.030114596244,0.0,218.10165822860156,98,104.44288943087147,False,ppo
2026-05-18,1411557.75200881,2.1565909420224374,21565.909420224372,0.0,220.36870411222,100,40.504563911475735,False,ppo
2026-05-19,1417050.7989004345,0.5493046891624573,5493.046891624573,0.0,222.6683457770162,102,36.39092334639857,False,ppo
